-58, -52, 36, 0, 0, 0, 0, 3, 7888, -944, 2752
-42, -46, 36, 0, 0, 0, 0, 3, 0, 0, 0
-29, -42, 36, 0, 0, 0, 0, 3, 0, 0, 0
-28, -46, 37, 0, 0, 0, 0, 3, 0, 0, 0
-27, -43, 36, 0, 0, 0, 0, 3, 0, 0, 0
-32, -49, 36, 0, 0, 0, 0, 3, 0, 0, 0
-37, -57, 36, 0, 0, 0, 0, 3, 0, 0, 0
-47, -60, 36, 0, 0, 0, 0, 3, 0, 0, 0
-55, -58, 36, 0, 0, 0, 0, 3, 0, 0, 0
-51, -48, 36, 0, 0, 0, 0, 3, 0, 0, 0
-41, -42, 37, 0, 0, 0, 0, 3, 7824, -944, 2768
-24, -33, 38, 0, 0, 0, 0, 3, 0, 0, 0
-20, -29, 39, 0, 0, 0, 0, 3, 0, 0, 0
-25, -29, 39, 0, 0, 0, 0, 3, 0, 0, 0
-18, -25, 40, 0, 0, 0, 0, 3, 0, 0, 0
-8, -19, 40, 0, 0, 0, 0, 3, 0, 0, 0
-4, -14, 41, 0, 0, 0, 0, 3, 0, 0, 0
-6, -14, 40, 0, 0, 0, 0, 3, 0, 0, 0
-4, -10, 40, 0, 0, 0, 0, 3, 0, 0, 0
-5, -11, 40, 0, 0, 0, 0, 3, 0, 0, 0
-4, -12, 39, 0, 0, 0, 0, 3, 0, 0, 0
-4, -17, 38, 0, 0, 0, 0, 3, 7776, -896, 2704
-8, -27, 37, 0, 0, 0, 0, 3, 0, 0, 0
-12, -32, 37, 0, 0, 0, 0, 3, 0, 0, 0
-7, -22, 35, 0, 0, 0, 0, 3, 0, 0, 0
0, -10, 34, 0, 0, 0, 0, 3, 0, 0, 0
2, -5, 33, 0, 0, 0, 0, 3, 0, 0, 0
-4, -6, 33, 0, 0, 0, 0, 3, 0, 0, 0
-12, -9, 32, 0, 0, 0, 0, 3, 0, 0, 0
-11, -10, 31, 0, 0, 0, 0, 3, 0, 0, 0
-4, -16, 31, 0, 0, 0, 0, 3, 0, 0, 0
6, -17, 30, 0, 0, 0, 0, 3, 7728, -800, 2720
13, -9, 29, 0, 0, 0, 0, 3, 0, 0, 0
9, -6, 29, 0, 0, 0, 0, 3, 0, 0, 0
10, -2, 28, 0, 0, 0, 0, 3, 0, 0, 0
13, -2, 26, 0, 0, 0, 0, 3, 0, 0, 0
10, -8, 25, 0, 0, 0, 0, 3, 0, 0, 0
3, -15, 25, 0, 0, 0, 0, 3, 0, 0, 0
-9, -18, 24, 0, 0, 0, 0, 3, 0, 0, 0
-17, -20, 23, 0, 0, 0, 0, 3, 0, 0, 0
-12, -18, 22, 0, 0, 0, 0, 3, 0, 0, 0
-3, -15, 20, 0, 0, 0, 0, 3, 7760, -688, 0
5, -10, 19, 0, 0, 0, 0, 3, 0, 0, 2688
4, -15, 17, 0, 0, 0, 0, 3, 0, 0, 0
-1, -23, 16, 0, 0, 0, 0, 3, 0, 0, 0
-12, -27, 15, 0, 0, 0, 0, 3, 0, 0, 0
-23, -31, 14, 0, 0, 0, 0, 3, 0, 0, 0
-30, -35, 13, 0, 0, 0, 0, 3, 0, 0, 0
-31, -42, 14, 0, 0, 0, 0, 3, 0, 0, 0
-31, -48, 14, 0, 0, 0, 0, 3, 0, 0, 0
-30, -47, 14, 0, 0, 0, 0, 3, 0, 0, 0
-31, -45, 14, 0, 0, 0, 0, 3, 7824, -544, 2672
-32, -44, 14, 0, 0, 0, 0, 3, 0, 0, 0
-30, -39, 14, 0, 0, 0, 0, 3, 0, 0, 0
-32, -42, 14, 0, 0, 0, 0, 3, 0, 0, 0
-39, -56, 15, 0, 0, 0, 0, 3, 0, 0, 0
-44, -58, 15, 0, 0, 0, 0, 3, 0, 0, 0
-45, -55, 15, 0, 0, 0, 0, 3, 0, 0, 0
-38, -48, 16, 0, 0, 0, 0, 3, 0, 0, 0
-30, -44, 16, 0, 0, 0, 0, 3, 0, 0, 0
-29, -41, 16, 0, 0, 0, 0, 3, 0, 0, 0
-32, -41, 16, 0, 0, 0, 0, 3, 0, 0, 0
-33, -42, 16, 0, 0, 0, 0, 3, 7776, -448, 0
-34, -41, 16, 0, 0, 0, 0, 3, 0, 0, 2640
-42, -45, 17, 0, 0, 0, 0, 3, 0, 0, 0
-45, -47, 17, 0, 0, 0, 0, 3, 0, 0, 0
-48, -46, 17, 0, 0, 0, 0, 3, 0, 0, 0
-45, -46, 17, 0, 0, 0, 0, 3, 0, 0, 0
-29, -42, 17, 0, 0, 0, 0, 3, 0, 0, 0
-19, -36, 16, 0, 0, 0, 0, 3, 0, 0, 0
-16, -33, 16, 0, 0, 0, 0, 3, 0, 0, 0
-24, -35, 16, 0, 0, 0, 0, 3, 0, 0, 0
-31, -39, 15, 0, 0, 0, 0, 3, 7728, -368, 2608
-27, -38, 14, 0, 0, 0, 0, 3, 0, 0, 0
-18, -33, 14, 0, 0, 0, 0, 3, 0, 0, 0
-17, -29, 14, 0, 0, 0, 0, 3, 0, 0, 0
-20, -30, 13, 0, 0, 0, 0, 3, 0, 0, 0
-16, -29, 13, 0, 0, 0, 0, 3, 0, 0, 0
-10, -24, 13, 0, 0, 0, 0, 3, 0, 0, 0
-6, -20, 12, 0, 0, 0, 0, 3, 0, 0, 0
-5, -15, 12, 0, 0, 0, 0, 3, 0, 0, 0
-13, -16, 11, 0, 0, 0, 0, 3, 0, 0, 0
-23, -22, 11, 0, 0, 0, 0, 3, 7760, -304, 0
-25, -24, 10, 0, 0, 0, 0, 3, 0, 0, 2640
-19, -29, 9, 0, 0, 0, 0, 3, 0, 0, 0
-14, -33, 8, 0, 0, 0, 0, 3, 0, 0, 0
-18, -36, 7, 0, 0, 0, 0, 3, 0, 0, 0
-26, -37, 6, 0, 0, 0, 0, 3, 0, 0, 0
-36, -42, 4, 0, 0, 0, 0, 3, 0, 0, 0
-37, -42, 4, 0, 0, 0, 0, 3, 0, 0, 0
-32, -38, 3, 0, 0, 0, 0, 3, 0, 0, 0
-35, -44, 2, 0, 0, 0, 0, 3, 0, 0, 0
-37, -42, 2, 0, 0, 0, 0, 3, 0, 0, 0
-37, -35, 1, 0, 0, 0, 0, 3, 7744, -208, 2560
-39, -36, 1, 0, 0, 0, 0, 3, 0, 0, 0
-39, -41, 0, 0, 0, 0, 0, 3, 0, 0, 0
-37, -43, 0, 0, 0, 0, 0, 3, 0, 0, 0
-40, -42, 0, 0, 0, 0, 0, 3, 0, 0, 0
-37, -40, 0, 0, 0, 0, 0, 3, 0, 0, 0
-34, -38, -1, 0, 0, 0, 0, 3, 0, 0, 0
-34, -41, -1, 0, 0, 0, 0, 3, 0, 0, 0
-31, -42, -1, 0, 0, 0, 0, 3, 0, 0, 0
-34, -42, -2, 0, 0, 0, 0, 3, 0, 0, 0
-33, -40, -2, 0, 0, 0, 0, 3, 7760, -160, 2512
-27, -40, -2, 0, 0, 0, 0, 3, 0, 0, 0
-29, -46, -2, 0, 0, 0, 0, 3, 0, 0, 0
-36, -49, -3, 0, 0, 0, 0, 3, 0, 0, 0
-32, -43, -2, 0, 0, 0, 0, 3, 0, 0, 0
-32, -39, -2, 0, 0, 0, 0, 3, 0, 0, 0
-30, -37, -2, 0, 0, 0, 0, 3, 0, 0, 0
-28, -38, -3, 0, 0, 0, 0, 3, 0, 0, 0
-31, -42, -3, 0, 0, 0, 0, 3, 0, 0, 0
-30, -40, -4, 0, 0, 0, 0, 3, 0, 0, 0
-31, -39, -4, 0, 0, 0, 0, 3, 7744, -208, 2464
-31, -36, -5, 0, 0, 0, 0, 3, 0, 0, 0
-31, -35, -5, 0, 0, 0, 0, 3, 0, 0, 0
-27, -39, -5, 0, 0, 0, 0, 3, 0, 0, 0
-34, -42, -4, 0, 0, 0, 0, 3, 0, 0, 0
-39, -39, -4, 0, 0, 0, 0, 3, 0, 0, 0
-33, -33, -3, 0, 0, 0, 0, 3, 0, 0, 0
-26, -32, -2, 0, 0, 0, 0, 3, 0, 0, 0
-27, -37, 0, 0, 0, 0, 0, 3, 0, 0, 0
-31, -41, 0, 0, 0, 0, 0, 3, 0, 0, 0
-33, -41, 1, 0, 0, 0, 0, 3, 7744, -208, 2464
-36, -45, 3, 0, 0, 0, 0, 3, 0, 0, 0
-39, -48, 3, 0, 0, 0, 0, 3, 0, 0, 0
-48, -50, 4, 0, 0, 0, 0, 3, 0, 0, 0
-52, -49, 5, 0, 0, 0, 0, 3, 0, 0, 0
-50, -46, 6, 0, 0, 0, 0, 3, 0, 0, 0
-50, -43, 7, 0, 0, 0, 0, 3, 0, 0, 0
-46, -41, 8, 0, 0, 0, 0, 3, 0, 0, 0
-32, -40, 8, 0, 0, 0, 0, 3, 0, 0, 0
-21, -38, 8, 0, 0, 0, 0, 3, 0, 0, 0
-21, -38, 9, 0, 0, 0, 0, 3, 0, 0, 0
-24, -37, 9, 0, 0, 0, 0, 3, 7744, -192, 2400
-29, -32, 10, 0, 0, 0, 0, 3, 0, 0, 0
-42, -35, 11, 0, 0, 0, 0, 3, 0, 0, 0
-52, -46, 12, 0, 0, 0, 0, 3, 0, 0, 0
-50, -52, 12, 0, 0, 0, 0, 3, 0, 0, 0
-43, -52, 12, 0, 0, 0, 0, 3, 0, 0, 0
-44, -49, 12, 0, 0, 0, 0, 3, 0, 0, 0
-39, -38, 13, 0, 0, 0, 0, 3, 0, 0, 0
-28, -20, 13, 0, 0, 0, 0, 3, 0, 0, 0
-25, -10, 14, 0, 0, 0, 0, 3, 0, 0, 0
-28, -11, 15, 0, 0, 0, 0, 3, 7776, -208, 2464
-33, -16, 16, 0, 0, 0, 0, 3, 0, 0, 0
-40, -22, 17, 0, 0, 0, 0, 3, 0, 0, 0
-46, -27, 19, 0, 0, 0, 0, 3, 0, 0, 0
-50, -29, 21, 0, 0, 0, 0, 3, 0, 0, 0
-57, -30, 23, 0, 0, 0, 0, 3, 0, 0, 0
-63, -32, 25, 0, 0, 0, 0, 3, 0, 0, 0
-63, -30, 26, 0, 0, 0, 0, 3, 0, 0, 0
-64, -29, 28, 0, 0, 0, 0, 3, 0, 0, 0
-61, -32, 29, 0, 0, 0, 0, 3, 0, 0, 0
-54, -29, 31, 0, 0, 0, 0, 3, 0, 0, 0
-50, -24, 32, 0, 0, 0, 0, 3, 7776, -240, 2512
-44, -20, 33, 0, 0, 0, 0, 3, 0, 0, 0
-40, -18, 34, 0, 0, 0, 0, 3, 0, 0, 0
-41, -22, 35, 0, 0, 0, 0, 3, 0, 0, 0
-43, -25, 35, 0, 0, 0, 0, 3, 0, 0, 0
-46, -25, 35, 0, 0, 0, 0, 3, 0, 0, 0
-46, -28, 35, 0, 0, 0, 0, 3, 0, 0, 0
-42, -29, 34, 0, 0, 0, 0, 3, 0, 0, 0
-44, -32, 34, 0, 0, 0, 0, 3, 0, 0, 0
-44, -28, 33, 0, 0, 0, 0, 3, 7824, -240, 2512
-42, -20, 34, 0, 0, 0, 0, 3, 0, 0, 0
-44, -16, 34, 0, 0, 0, 0, 3, 0, 0, 0
-46, -20, 34, 0, 0, 0, 0, 3, 0, 0, 0
-47, -21, 33, 0, 0, 0, 0, 3, 0, 0, 0
-46, -20, 33, 0, 0, 0, 0, 3, 0, 0, 0
-48, -25, 33, 0, 0, 0, 0, 3, 0, 0, 0
-62, -34, 33, 0, 0, 0, 0, 3, 0, 0, 0
-61, -34, 33, 0, 0, 0, 0, 3, 0, 0, 0
-50, -27, 33, 0, 0, 0, 0, 3, 0, 0, 0
-41, -19, 33, 0, 0, 0, 0, 3, 0, 0, 0
-38, -18, 34, 0, 0, 0, 0, 3, 0, 0, 0
-43, -21, 35, 0, 0, 0, 0, 3, 7840, -176, 2496
-50, -25, 36, 0, 0, 0, 0, 3, 0, 0, 0
-51, -25, 37, 0, 0, 0, 0, 3, 0, 0, 0
-47, -28, 37, 0, 0, 0, 0, 3, 0, 0, 0
-44, -25, 37, 0, 0, 0, 0, 3, 0, 0, 0
-46, -18, 37, 0, 0, 0, 0, 3, 0, 0, 0
-46, -18, 37, 0, 0, 0, 0, 3, 0, 0, 0
-43, -20, 37, 0, 0, 0, 0, 3, 0, 0, 0
-34, -15, 37, 0, 0, 0, 0, 3, 0, 0, 0
-25, -3, 36, 0, 0, 0, 0, 3, 7808, -64, 2416
-22, 5, 35, 0, 0, 0, 0, 3, 0, 0, 0
-20, 6, 34, 0, 0, 0, 0, 3, 0, 0, 0
-20, 4, 33, 0, 0, 0, 0, 3, 0, 0, 0
-23, 2, 32, 0, 0, 0, 0, 3, 0, 0, 0
-29, -2, 31, 0, 0, 0, 0, 3, 0, 0, 0
-34, -4, 29, 0, 0, 0, 0, 3, 0, 0, 0
-42, -4, 28, 0, 0, 0, 0, 3, 0, 0, 0
-42, -4, 27, 0, 0, 0, 0, 3, 0, 0, 0
-41, -11, 26, 0, 0, 0, 0, 3, 0, 0, 0
-31, -6, 25, 0, 0, 0, 0, 3, 7680, -48, 0
-17, 0, 24, 0, 0, 0, 0, 3, 0, 0, 2400
-7, 5, 22, 0, 0, 0, 0, 3, 0, 0, 0
-7, 2, 21, 0, 0, 0, 0, 3, 0, 0, 0
-17, -4, 21, 0, 0, 0, 0, 3, 0, 0, 0
-23, -6, 19, 0, 0, 0, 0, 3, 0, 0, 0
-21, -3, 19, 0, 0, 0, 0, 3, 0, 0, 0
-14, 4, 18, 0, 0, 0, 0, 3, 0, 0, 0
-13, 3, 17, 0, 0, 0, 0, 3, 0, 0, 0
-17, 5, 17, 0, 0, 0, 0, 3, 0, 0, 0
-29, 10, 17, 0, 0, 0, 0, 3, 7728, 0, 0
-33, 11, 16, 0, 0, 0, 0, 3, 0, 0, 2320
-25, 14, 16, 0, 0, 0, 0, 3, 0, 0, 0
-21, 10, 16, 0, 0, 0, 0, 3, 0, 0, 0
-24, 0, 16, 0, 0, 0, 0, 3, 0, 0, 0
-21, -2, 16, 0, 0, 0, 0, 3, 0, 0, 0
-16, 3, 15, 0, 0, 0, 0, 3, 0, 0, 0
-20, 5, 14, 0, 0, 0, 0, 3, 0, 0, 0
-32, 0, 13, 0, 0, 0, 0, 3, 0, 0, 0
-43, -4, 12, 0, 0, 0, 0, 3, 0, 0, 0
-43, -5, 11, 0, 0, 0, 0, 3, 0, 0, 0
-36, 0, 11, 0, 0, 0, 0, 3, 7760, 16, 0
-33, 5, 10, 0, 0, 0, 0, 3, 0, 0, 2272
-32, 8, 9, 0, 0, 0, 0, 3, 0, 0, 0
-27, 8, 10, 0, 0, 0, 0, 3, 0, 0, 0
-26, 0, 11, 0, 0, 0, 0, 3, 0, 0, 0
-27, -7, 11, 0, 0, 0, 0, 3, 0, 0, 0
-25, -6, 11, 0, 0, 0, 0, 3, 0, 0, 0
-20, 8, 12, 0, 0, 0, 0, 3, 0, 0, 0
-15, 24, 12, 0, 0, 0, 0, 3, 0, 0, 0
-12, 30, 13, 0, 0, 0, 0, 3, 0, 0, 0
-12, 30, 13, 0, 0, 0, 0, 3, 7760, 0, 2336
-13, 25, 14, 0, 0, 0, 0, 3, 0, 0, 0
-13, 19, 15, 0, 0, 0, 0, 3, 0, 0, 0
-14, 16, 15, 0, 0, 0, 0, 3, 0, 0, 0
-16, 15, 16, 0, 0, 0, 0, 3, 0, 0, 0
-24, 9, 16, 0, 0, 0, 0, 3, 0, 0, 0
-29, 8, 16, 0, 0, 0, 0, 3, 0, 0, 0
-24, 11, 16, 0, 0, 0, 0, 3, 0, 0, 0
-18, 13, 16, 0, 0, 0, 0, 3, 0, 0, 0
-18, 17, 16, 0, 0, 0, 0, 3, 0, 0, 0
-17, 20, 16, 0, 0, 0, 0, 3, 7840, 0, 2288
-17, 17, 16, 0, 0, 0, 0, 3, 0, 0, 0
-18, 16, 15, 0, 0, 0, 0, 3, 0, 0, 0
-20, 17, 14, 0, 0, 0, 0, 3, 0, 0, 0
-20, 12, 13, 0, 0, 0, 0, 3, 0, 0, 0
-15, 9, 12, 0, 0, 0, 0, 3, 0, 0, 0
-14, 11, 11, 0, 0, 0, 0, 3, 0, 0, 0
-6, 21, 9, 0, 0, 0, 0, 3, 0, 0, 0
0, 29, 8, 0, 0, 0, 0, 3, 0, 0, 0
0, 35, 7, 0, 0, 0, 0, 3, 0, 0, 0
-1, 37, 6, 0, 0, 0, 0, 3, 0, 0, 0
-8, 37, 6, 0, 0, 0, 0, 3, 7920, 0, 2304
-10, 33, 5, 0, 0, 0, 0, 3, 0, 0, 0
-4, 35, 5, 0, 0, 0, 0, 3, 0, 0, 0
8, 42, 5, 0, 0, 0, 0, 3, 0, 0, 0
20, 43, 6, 0, 0, 0, 0, 3, 0, 0, 0
14, 34, 6, 0, 0, 0, 0, 3, 0, 0, 0
-7, 31, 7, 0, 0, 0, 0, 3, 0, 0, 0
-23, 30, 7, 0, 0, 0, 0, 3, 0, 0, 0
-27, 28, 8, 0, 0, 0, 0, 3, 0, 0, 0
-17, 28, 8, 0, 0, 0, 0, 3, 0, 0, 0
-7, 28, 8, 0, 0, 0, 0, 3, 7952, 32, 2224
-1, 28, 8, 0, 0, 0, 0, 3, 0, 0, 0
-8, 25, 8, 0, 0, 0, 0, 3, 0, 0, 0
-18, 21, 8, 0, 0, 0, 0, 3, 0, 0, 0
-20, 20, 8, 0, 0, 0, 0, 3, 0, 0, 0
-14, 24, 8, 0, 0, 0, 0, 3, 0, 0, 0
-5, 30, 8, 0, 0, 0, 0, 3, 0, 0, 0
0, 37, 8, 0, 0, 0, 0, 3, 0, 0, 0
-3, 42, 7, 0, 0, 0, 0, 3, 0, 0, 0
-15, 40, 6, 0, 0, 0, 0, 3, 0, 0, 0
-18, 34, 4, 0, 0, 0, 0, 3, 7968, 0, 2160
-13, 29, 4, 0, 0, 0, 0, 3, 0, 0, 0
-12, 30, 2, 0, 0, 0, 0, 3, 0, 0, 0
-9, 33, 1, 0, 0, 0, 0, 3, 0, 0, 0
-8, 33, 0, 0, 0, 0, 0, 3, 0, 0, 0
-8, 32, 0, 0, 0, 0, 0, 3, 0, 0, 0
-15, 27, -1, 0, 0, 0, 0, 3, 0, 0, 0
-16, 34, -1, 0, 0, 0, 0, 3, 0, 0, 0
-11, 46, -1, 0, 0, 0, 0, 3, 0, 0, 0
-10, 50, 0, 0, 0, 0, 0, 3, 0, 0, 0
-13, 42, 0, 0, 0, 0, 0, 3, 7888, -16, 2128
-17, 30, 0, 0, 0, 0, 0, 3, 0, 0, 0
-12, 30, 1, 0, 0, 0, 0, 3, 0, 0, 0
-7, 33, 1, 0, 0, 0, 0, 3, 0, 0, 0
-8, 33, 2, 0, 0, 0, 0, 3, 0, 0, 0
-16, 30, 3, 0, 0, 0, 0, 3, 0, 0, 0
-21, 26, 4, 0, 0, 0, 0, 3, 0, 0, 0
-19, 23, 5, 0, 0, 0, 0, 3, 0, 0, 0
-14, 24, 5, 0, 0, 0, 0, 3, 0, 0, 0
-11, 32, 6, 0, 0, 0, 0, 3, 0, 0, 0
-6, 40, 6, 0, 0, 0, 0, 3, 0, 0, 0
0, 47, 6, 0, 0, 0, 0, 3, 7856, 96, 2064
0, 47, 6, 0, 0, 0, 0, 3, 0, 0, 0
0, 43, 6, 0, 0, 0, 0, 3, 0, 0, 0
-8, 41, 6, 0, 0, 0, 0, 3, 0, 0, 0
-13, 37, 6, 0, 0, 0, 0, 3, 0, 0, 0
-12, 40, 5, 0, 0, 0, 0, 3, 0, 0, 0
-8, 42, 5, 0, 0, 0, 0, 3, 0, 0, 0
-8, 39, 5, 0, 0, 0, 0, 3, 0, 0, 0
-12, 33, 4, 0, 0, 0, 0, 3, 0, 0, 0
-16, 29, 4, 0, 0, 0, 0, 3, 0, 0, 0
-17, 30, 3, 0, 0, 0, 0, 3, 7824, 128, 2032
-21, 33, 1, 0, 0, 0, 0, 3, 0, 0, 0
-21, 29, 0, 0, 0, 0, 0, 3, 0, 0, 0
-13, 23, 0, 0, 0, 0, 0, 3, 0, 0, 0
-3, 27, 0, 0, 0, 0, 0, 3, 0, 0, 0
2, 35, 0, 0, 0, 0, 0, 3, 0, 0, 0
0, 40, 0, 0, 0, 0, 0, 3, 0, 0, 0
-9, 39, 0, 0, 0, 0, 0, 3, 0, 0, 0
-24, 30, 1, 0, 0, 0, 0, 3, 0, 0, 0
-28, 22, 2, 0, 0, 0, 0, 3, 0, 0, 0
-18, 24, 3, 0, 0, 0, 0, 3, 7808, 192, 0
-16, 26, 4, 0, 0, 0, 0, 3, 0, 0, 2096
-28, 17, 5, 0, 0, 0, 0, 3, 0, 0, 0
-29, 11, 7, 0, 0, 0, 0, 3, 0, 0, 0
-12, 19, 8, 0, 0, 0, 0, 3, 0, 0, 0
4, 41, 10, 0, 0, 0, 0, 3, 0, 0, 0
10, 53, 11, 0, 0, 0, 0, 3, 0, 0, 0
5, 48, 12, 0, 0, 0, 0, 3, 0, 0, 0
5, 43, 13, 0, 0, 0, 0, 3, 0, 0, 0
5, 40, 14, 0, 0, 0, 0, 3, 0, 0, 0
-1, 37, 16, 0, 0, 0, 0, 3, 7760, 192, 2144
-8, 30, 17, 0, 0, 0, 0, 3, 0, 0, 0
-15, 21, 19, 0, 0, 0, 0, 3, 0, 0, 0
-16, 20, 21, 0, 0, 0, 0, 3, 0, 0, 0
-12, 23, 23, 0, 0, 0, 0, 3, 0, 0, 0
-8, 27, 25, 0, 0, 0, 0, 3, 0, 0, 0
-2, 29, 26, 0, 0, 0, 0, 3, 0, 0, 0
0, 29, 27, 0, 0, 0, 0, 3, 0, 0, 0
-8, 27, 29, 0, 0, 0, 0, 3, 0, 0, 0
-16, 25, 29, 0, 0, 0, 0, 3, 0, 0, 0
-11, 29, 30, 0, 0, 0, 0, 3, 0, 0, 0
0, 32, 32, 0, 0, 0, 0, 3, 7776, 160, 2144
-3, 26, 33, 0, 0, 0, 0, 3, 0, 0, 0
-10, 24, 33, 0, 0, 0, 0, 3, 0, 0, 0
-10, 25, 33, 0, 0, 0, 0, 3, 0, 0, 0
-2, 34, 34, 0, 0, 0, 0, 3, 0, 0, 0
8, 40, 34, 0, 0, 0, 0, 3, 0, 0, 0
8, 36, 35, 0, 0, 0, 0, 3, 0, 0, 0
2, 29, 36, 0, 0, 0, 0, 3, 0, 0, 0
-3, 23, 37, 0, 0, 0, 0, 3, 0, 0, 0
-8, 20, 38, 0, 0, 0, 0, 3, 0, 0, 0
-8, 18, 39, 0, 0, 0, 0, 3, 7792, 112, 2208
-8, 14, 39, 0, 0, 0, 0, 3, 0, 0, 0
-10, 22, 40, 0, 0, 0, 0, 3, 0, 0, 0
-11, 33, 41, 0, 0, 0, 0, 3, 0, 0, 0
-14, 36, 40, 0, 0, 0, 0, 3, 0, 0, 0
-16, 30, 41, 0, 0, 0, 0, 3, 0, 0, 0
-13, 23, 41, 0, 0, 0, 0, 3, 0, 0, 0
-8, 22, 41, 0, 0, 0, 0, 3, 0, 0, 0
-7, 24, 41, 0, 0, 0, 0, 3, 0, 0, 0
-15, 26, 40, 0, 0, 0, 0, 3, 0, 0, 0
-21, 19, 39, 0, 0, 0, 0, 3, 7760, 128, 2288
-12, 14, 37, 0, 0, 0, 0, 3, 0, 0, 0
2, 23, 36, 0, 0, 0, 0, 3, 0, 0, 0
7, 34, 34, 0, 0, 0, 0, 3, 0, 0, 0
4, 40, 33, 0, 0, 0, 0, 3, 0, 0, 0
-1, 41, 31, 0, 0, 0, 0, 3, 0, 0, 0
-3, 37, 29, 0, 0, 0, 0, 3, 0, 0, 0
-1, 33, 27, 0, 0, 0, 0, 3, 0, 0, 0
-4, 29, 25, 0, 0, 0, 0, 3, 0, 0, 0
-8, 31, 25, 0, 0, 0, 0, 3, 0, 0, 0
-10, 27, 25, 0, 0, 0, 0, 3, 7760, 128, 2288
-6, 27, 23, 0, 0, 0, 0, 3, 0, 0, 0
0, 33, 23, 0, 0, 0, 0, 3, 0, 0, 0
3, 37, 23, 0, 0, 0, 0, 3, 0, 0, 0
2, 39, 23, 0, 0, 0, 0, 3, 0, 0, 0
-5, 31, 23, 0, 0, 0, 0, 3, 0, 0, 0
-18, 21, 23, 0, 0, 0, 0, 3, 0, 0, 0
-25, 23, 23, 0, 0, 0, 0, 3, 0, 0, 0
-15, 33, 23, 0, 0, 0, 0, 3, 0, 0, 0
0, 44, 23, 0, 0, 0, 0, 3, 0, 0, 0
4, 47, 22, 0, 0, 0, 0, 3, 0, 0, 0
0, 48, 22, 0, 0, 0, 0, 3, 7760, 112, 2304
0, 50, 22, 0, 0, 0, 0, 3, 0, 0, 0
0, 48, 22, 0, 0, 0, 0, 3, 0, 0, 0
2, 45, 22, 0, 0, 0, 0, 3, 0, 0, 0
-1, 44, 22, 0, 0, 0, 0, 3, 0, 0, 0
-2, 48, 21, 0, 0, 0, 0, 3, 0, 0, 0
0, 46, 21, 0, 0, 0, 0, 3, 0, 0, 0
3, 39, 21, 0, 0, 0, 0, 3, 0, 0, 0
6, 42, 20, 0, 0, 0, 0, 3, 0, 0, 0
-4, 37, 19, 0, 0, 0, 0, 3, 0, 0, 0
-9, 29, 18, 0, 0, 0, 0, 3, 7760, 16, 2352
0, 38, 18, 0, 0, 0, 0, 3, 0, 0, 0
6, 55, 17, 0, 0, 0, 0, 3, 0, 0, 0
9, 62, 17, 0, 0, 0, 0, 3, 0, 0, 0
2, 53, 16, 0, 0, 0, 0, 3, 0, 0, 0
-3, 45, 16, 0, 0, 0, 0, 3, 0, 0, 0
2, 46, 14, 0, 0, 0, 0, 3, 0, 0, 0
9, 54, 13, 0, 0, 0, 0, 3, 0, 0, 0
15, 57, 12, 0, 0, 0, 0, 3, 0, 0, 0
16, 56, 12, 0, 0, 0, 0, 3, 0, 0, 0
11, 46, 11, 0, 0, 0, 0, 3, 0, 0, 0
7, 36, 10, 0, 0, 0, 0, 3, 7776, -96, 2400
6, 42, 10, 0, 0, 0, 0, 3, 0, 0, 0
0, 49, 10, 0, 0, 0, 0, 3, 0, 0, 0
-11, 47, 10, 0, 0, 0, 0, 3, 0, 0, 0
-14, 46, 11, 0, 0, 0, 0, 3, 0, 0, 0
-8, 42, 11, 0, 0, 0, 0, 3, 0, 0, 0
-5, 34, 12, 0, 0, 0, 0, 3, 0, 0, 0
1, 37, 12, 0, 0, 0, 0, 3, 0, 0, 0
8, 43, 12, 0, 0, 0, 0, 3, 0, 0, 0
10, 43, 13, 0, 0, 0, 0, 3, 0, 0, 0
10, 42, 13, 0, 0, 0, 0, 3, 7824, -240, 2480
5, 46, 14, 0, 0, 0, 0, 3, 0, 0, 0
-4, 47, 13, 0, 0, 0, 0, 3, 0, 0, 0
-2, 46, 13, 0, 0, 0, 0, 3, 0, 0, 0
7, 50, 12, 0, 0, 0, 0, 3, 0, 0, 0
9, 46, 13, 0, 0, 0, 0, 3, 0, 0, 0
8, 36, 13, 0, 0, 0, 0, 3, 0, 0, 0
-3, 35, 13, 0, 0, 0, 0, 3, 0, 0, 0
0, 45, 13, 0, 0, 0, 0, 3, 0, 0, 0
14, 54, 12, 0, 0, 0, 0, 3, 0, 0, 0
17, 54, 12, 0, 0, 0, 0, 3, 0, 0, 0
17, 53, 11, 0, 0, 0, 0, 3, 7904, -416, 2544
18, 53, 11, 0, 0, 0, 0, 3, 0, 0, 0
21, 52, 10, 0, 0, 0, 0, 3, 0, 0, 0
23, 48, 10, 0, 0, 0, 0, 3, 0, 0, 0
19, 52, 9, 0, 0, 0, 0, 3, 0, 0, 0
10, 51, 9, 0, 0, 0, 0, 3, 0, 0, 0
6, 52, 8, 0, 0, 0, 0, 3, 0, 0, 0
12, 57, 8, 0, 0, 0, 0, 3, 0, 0, 0
21, 57, 8, 0, 0, 0, 0, 3, 0, 0, 0
29, 57, 8, 0, 0, 0, 0, 3, 7936, -512, 2608
30, 52, 8, 0, 0, 0, 0, 3, 0, 0, 0
20, 45, 8, 0, 0, 0, 0, 3, 0, 0, 0
16, 45, 8, 0, 0, 0, 0, 3, 0, 0, 0
16, 50, 8, 0, 0, 0, 0, 3, 0, 0, 0
11, 49, 8, 0, 0, 0, 0, 3, 0, 0, 0
8, 46, 8, 0, 0, 0, 0, 3, 0, 0, 0
0, 42, 7, 0, 0, 0, 0, 3, 0, 0, 0
-2, 35, 6, 0, 0, 0, 0, 3, 0, 0, 0
4, 33, 6, 0, 0, 0, 0, 3, 0, 0, 0
2, 35, 4, 0, 0, 0, 0, 3, 7888, -656, 2560
-5, 34, 4, 0, 0, 0, 0, 3, 0, 0, 0
4, 39, 4, 0, 0, 0, 0, 3, 0, 0, 0
18, 48, 4, 0, 0, 0, 0, 3, 0, 0, 0
27, 56, 3, 0, 0, 0, 0, 3, 0, 0, 0
25, 54, 3, 0, 0, 0, 0, 3, 0, 0, 0
12, 44, 3, 0, 0, 0, 0, 3, 0, 0, 0
10, 39, 3, 0, 0, 0, 0, 3, 0, 0, 0
15, 37, 3, 0, 0, 0, 0, 3, 0, 0, 0
13, 32, 3, 0, 0, 0, 0, 3, 0, 0, 0
9, 34, 3, 0, 0, 0, 0, 3, 0, 0, 0
5, 38, 3, 0, 0, 0, 0, 3, 7840, -784, 2480
6, 37, 3, 0, 0, 0, 0, 3, 0, 0, 0
8, 34, 3, 0, 0, 0, 0, 3, 0, 0, 0
4, 33, 3, 0, 0, 0, 0, 3, 0, 0, 0
0, 33, 3, 0, 0, 0, 0, 3, 0, 0, 0
4, 35, 3, 0, 0, 0, 0, 3, 0, 0, 0
8, 34, 3, 0, 0, 0, 0, 3, 0, 0, 0
12, 29, 3, 0, 0, 0, 0, 3, 0, 0, 0
18, 34, 2, 0, 0, 0, 0, 3, 0, 0, 0
20, 38, 1, 0, 0, 0, 0, 3, 0, 0, 0
15, 37, 0, 0, 0, 0, 0, 3, 7808, -736, 2432
12, 34, 0, 0, 0, 0, 0, 3, 0, 0, 0
9, 31, 0, 0, 0, 0, 0, 3, 0, 0, 0
1, 25, -1, 0, 0, 0, 0, 3, 0, 0, 0
0, 25, -1, 0, 0, 0, 0, 3, 0, 0, 0
4, 28, -1, 0, 0, 0, 0, 3, 0, 0, 0
11, 37, 0, 0, 0, 0, 0, 3, 0, 0, 0
11, 36, 0, 0, 0, 0, 0, 3, 0, 0, 0
7, 29, 1, 0, 0, 0, 0, 3, 0, 0, 0
4, 27, 1, 0, 0, 0, 0, 3, 0, 0, 0
7, 28, 3, 0, 0, 0, 0, 3, 7792, -752, 2432
12, 28, 3, 0, 0, 0, 0, 3, 0, 0, 0
12, 26, 4, 0, 0, 0, 0, 3, 0, 0, 0
9, 25, 4, 0, 0, 0, 0, 3, 0, 0, 0
14, 28, 5, 0, 0, 0, 0, 3, 0, 0, 0
19, 30, 6, 0, 0, 0, 0, 3, 0, 0, 0
15, 25, 6, 0, 0, 0, 0, 3, 0, 0, 0
8, 20, 7, 0, 0, 0, 0, 3, 0, 0, 0
1, 11, 7, 0, 0, 0, 0, 3, 0, 0, 0
0, 0, 8, 0, 0, 0, 0, 3, 0, 0, 0
6, 2, 8, 0, 0, 0, 0, 3, 7744, -768, 2400
11, 20, 9, 0, 0, 0, 0, 3, 0, 0, 0
4, 29, 9, 0, 0, 0, 0, 3, 0, 0, 0
-5, 31, 11, 0, 0, 0, 0, 3, 0, 0, 0
-2, 28, 11, 0, 0, 0, 0, 3, 0, 0, 0
2, 21, 12, 0, 0, 0, 0, 3, 0, 0, 0
-1, 13, 12, 0, 0, 0, 0, 3, 0, 0, 0
-10, 4, 13, 0, 0, 0, 0, 3, 0, 0, 0
-15, -1, 13, 0, 0, 0, 0, 3, 0, 0, 0
-13, -2, 14, 0, 0, 0, 0, 3, 0, 0, 0
-10, 2, 15, 0, 0, 0, 0, 3, 0, 0, 0
-10, 7, 15, 0, 0, 0, 0, 3, 7840, -784, 2432
-11, 8, 16, 0, 0, 0, 0, 3, 0, 0, 0
-8, 4, 17, 0, 0, 0, 0, 3, 0, 0, 0
-10, -3, 19, 0, 0, 0, 0, 3, 0, 0, 0
-7, -4, 20, 0, 0, 0, 0, 3, 0, 0, 0
-4, 3, 22, 0, 0, 0, 0, 3, 0, 0, 0
-6, 9, 24, 0, 0, 0, 0, 3, 0, 0, 0
-8, 9, 25, 0, 0, 0, 0, 3, 0, 0, 0
-14, 3, 26, 0, 0, 0, 0, 3, 0, 0, 0
-17, -3, 27, 0, 0, 0, 0, 3, 0, 0, 0
-21, -12, 28, 0, 0, 0, 0, 3, 7840, -752, 2512
-23, -19, 28, 0, 0, 0, 0, 3, 0, 0, 0
-23, -15, 29, 0, 0, 0, 0, 3, 0, 0, 0
-23, -10, 30, 0, 0, 0, 0, 3, 0, 0, 0
-19, -13, 31, 0, 0, 0, 0, 3, 0, 0, 0
-15, -10, 31, 0, 0, 0, 0, 3, 0, 0, 0
-21, -11, 32, 0, 0, 0, 0, 3, 0, 0, 0
-31, -16, 32, 0, 0, 0, 0, 3, 0, 0, 0
-35, -22, 32, 0, 0, 0, 0, 3, 0, 0, 0
-31, -22, 33, 0, 0, 0, 0, 3, 0, 0, 0
-23, -16, 33, 0, 0, 0, 0, 3, 7840, -720, 0
-23, -12, 34, 0, 0, 0, 0, 3, 0, 0, 2512
-21, -6, 36, 0, 0, 0, 0, 3, 0, 0, 0
-21, -6, 37, 0, 0, 0, 0, 3, 0, 0, 0
-19, -11, 37, 0, 0, 0, 0, 3, 0, 0, 0
-20, -11, 39, 0, 0, 0, 0, 3, 0, 0, 0
-23, -13, 39, 0, 0, 0, 0, 3, 0, 0, 0
-21, -17, 40, 0, 0, 0, 0, 3, 0, 0, 0
-15, -16, 41, 0, 0, 0, 0, 3, 0, 0, 0
-13, -12, 41, 0, 0, 0, 0, 3, 0, 0, 0
-16, -9, 42, 0, 0, 0, 0, 3, 7840, -688, 2544
-23, -11, 42, 0, 0, 0, 0, 3, 0, 0, 0
-30, -19, 42, 0, 0, 0, 0, 3, 0, 0, 0
-35, -25, 42, 0, 0, 0, 0, 3, 0, 0, 0
-29, -27, 42, 0, 0, 0, 0, 3, 0, 0, 0
-23, -25, 41, 0, 0, 0, 0, 3, 0, 0, 0
-20, -20, 40, 0, 0, 0, 0, 3, 0, 0, 0
-16, -16, 39, 0, 0, 0, 0, 3, 0, 0, 0
-14, -16, 38, 0, 0, 0, 0, 3, 0, 0, 0
-15, -16, 37, 0, 0, 0, 0, 3, 0, 0, 0
-8, -10, 36, 0, 0, 0, 0, 3, 0, 0, 0
-8, -7, 34, 0, 0, 0, 0, 3, 7840, -656, 0
-10, -8, 34, 0, 0, 0, 0, 3, 0, 0, 2448
-12, -12, 33, 0, 0, 0, 0, 3, 0, 0, 0
-18, -18, 32, 0, 0, 0, 0, 3, 0, 0, 0
-25, -20, 30, 0, 0, 0, 0, 3, 0, 0, 0
-23, -19, 29, 0, 0, 0, 0, 3, 0, 0, 0
-22, -20, 28, 0, 0, 0, 0, 3, 0, 0, 0
-20, -19, 27, 0, 0, 0, 0, 3, 0, 0, 0
-16, -16, 26, 0, 0, 0, 0, 3, 0, 0, 0
-12, -11, 25, 0, 0, 0, 0, 3, 0, 0, 0
-15, -14, 24, 0, 0, 0, 0, 3, 7840, -560, 2416
-17, -15, 22, 0, 0, 0, 0, 3, 0, 0, 0
-19, -16, 21, 0, 0, 0, 0, 3, 0, 0, 0
-20, -14, 20, 0, 0, 0, 0, 3, 0, 0, 0
-16, -8, 19, 0, 0, 0, 0, 3, 0, 0, 0
-16, -9, 17, 0, 0, 0, 0, 3, 0, 0, 0
-21, -15, 17, 0, 0, 0, 0, 3, 0, 0, 0
-21, -18, 16, 0, 0, 0, 0, 3, 0, 0, 0
-15, -17, 15, 0, 0, 0, 0, 3, 0, 0, 0
-6, -8, 14, 0, 0, 0, 0, 3, 0, 0, 0
-5, -4, 13, 0, 0, 0, 0, 3, 7888, -528, 2400
-12, -7, 12, 0, 0, 0, 0, 3, 0, 0, 0
-18, -8, 12, 0, 0, 0, 0, 3, 0, 0, 0
-10, -6, 11, 0, 0, 0, 0, 3, 0, 0, 0
0, -2, 11, 0, 0, 0, 0, 3, 0, 0, 0
1, -3, 10, 0, 0, 0, 0, 3, 0, 0, 0
-5, -8, 10, 0, 0, 0, 0, 3, 0, 0, 0
-6, -11, 10, 0, 0, 0, 0, 3, 0, 0, 0
-11, -15, 10, 0, 0, 0, 0, 3, 0, 0, 0
-21, -16, 11, 0, 0, 0, 0, 3, 0, 0, 0
-23, -12, 11, 0, 0, 0, 0, 3, 0, 0, 0
-18, -10, 12, 0, 0, 0, 0, 3, 7872, -496, 2352
-15, -14, 12, 0, 0, 0, 0, 3, 0, 0, 0
-11, -16, 12, 0, 0, 0, 0, 3, 0, 0, 0
-9, -16, 13, 0, 0, 0, 0, 3, 0, 0, 0
-13, -16, 13, 0, 0, 0, 0, 3, 0, 0, 0
-15, -11, 13, 0, 0, 0, 0, 3, 0, 0, 0
-9, -5, 14, 0, 0, 0, 0, 3, 0, 0, 0
-8, -5, 14, 0, 0, 0, 0, 3, 0, 0, 0
-11, -4, 14, 0, 0, 0, 0, 3, 0, 0, 0
-21, -5, 14, 0, 0, 0, 0, 3, 0, 0, 0
-21, -11, 14, 0, 0, 0, 0, 3, 7888, -416, 2368
-15, -16, 14, 0, 0, 0, 0, 3, 0, 0, 0
-3, -10, 12, 0, 0, 0, 0, 3, 0, 0, 0
0, -10, 12, 0, 0, 0, 0, 3, 0, 0, 0
0, -5, 11, 0, 0, 0, 0, 3, 0, 0, 0
-5, -5, 10, 0, 0, 0, 0, 3, 0, 0, 0
-16, -12, 9, 0, 0, 0, 0, 3, 0, 0, 0
-15, -10, 9, 0, 0, 0, 0, 3, 0, 0, 0
-15, -12, 9, 0, 0, 0, 0, 3, 0, 0, 0
-15, -16, 9, 0, 0, 0, 0, 3, 0, 0, 0
-12, -16, 9, 0, 0, 0, 0, 3, 7888, -384, 2256
-13, -18, 10, 0, 0, 0, 0, 3, 0, 0, 0
-16, -17, 10, 0, 0, 0, 0, 3, 0, 0, 0
-22, -18, 11, 0, 0, 0, 0, 3, 0, 0, 0
-24, -19, 11, 0, 0, 0, 0, 3, 0, 0, 0
-19, -20, 12, 0, 0, 0, 0, 3, 0, 0, 0
-16, -21, 12, 0, 0, 0, 0, 3, 0, 0, 0
-13, -16, 13, 0, 0, 0, 0, 3, 0, 0, 0
-14, -16, 13, 0, 0, 0, 0, 3, 0, 0, 0
-10, -13, 13, 0, 0, 0, 0, 3, 0, 0, 0
0, -14, 13, 0, 0, 0, 0, 3, 7872, -272, 2272
6, -13, 12, 0, 0, 0, 0, 3, 0, 0, 0
5, -15, 12, 0, 0, 0, 0, 3, 0, 0, 0
-4, -23, 11, 0, 0, 0, 0, 3, 0, 0, 0
-14, -29, 11, 0, 0, 0, 0, 3, 0, 0, 0
-22, -31, 10, 0, 0, 0, 0, 3, 0, 0, 0
-36, -34, 10, 0, 0, 0, 0, 3, 0, 0, 0
-46, -39, 9, 0, 0, 0, 0, 3, 0, 0, 0
-50, -43, 9, 0, 0, 0, 0, 3, 0, 0, 0
-42, -45, 9, 0, 0, 0, 0, 3, 0, 0, 0
-38, -51, 8, 0, 0, 0, 0, 3, 0, 0, 0
-30, -49, 8, 0, 0, 0, 0, 3, 7824, -256, 2208
-24, -38, 7, 0, 0, 0, 0, 3, 0, 0, 0
-19, -33, 7, 0, 0, 0, 0, 3, 0, 0, 0
-27, -37, 7, 0, 0, 0, 0, 3, 0, 0, 0
-42, -47, 6, 0, 0, 0, 0, 3, 0, 0, 0
-51, -51, 6, 0, 0, 0, 0, 3, 0, 0, 0
-48, -50, 6, 0, 0, 0, 0, 3, 0, 0, 0
-40, -46, 5, 0, 0, 0, 0, 3, 0, 0, 0
-34, -46, 5, 0, 0, 0, 0, 3, 0, 0, 0
-33, -45, 5, 0, 0, 0, 0, 3, 0, 0, 0
-30, -42, 5, 0, 0, 0, 0, 3, 7872, -288, 2304
-26, -39, 5, 0, 0, 0, 0, 3, 0, 0, 0
-33, -40, 5, 0, 0, 0, 0, 3, 0, 0, 0
-35, -42, 6, 0, 0, 0, 0, 3, 0, 0, 0
-27, -41, 5, 0, 0, 0, 0, 3, 0, 0, 0
-25, -43, 6, 0, 0, 0, 0, 3, 0, 0, 0
-24, -40, 6, 0, 0, 0, 0, 3, 0, 0, 0
-25, -35, 6, 0, 0, 0, 0, 3, 0, 0, 0
-29, -33, 6, 0, 0, 0, 0, 3, 0, 0, 0
-31, -30, 6, 0, 0, 0, 0, 3, 0, 0, 0
-30, -28, 6, 0, 0, 0, 0, 3, 0, 0, 0
-32, -30, 7, 0, 0, 0, 0, 3, 7936, -272, 2304
-30, -32, 7, 0, 0, 0, 0, 3, 0, 0, 0
-26, -37, 8, 0, 0, 0, 0, 3, 0, 0, 0
-29, -42, 8, 0, 0, 0, 0, 3, 0, 0, 0
-33, -44, 8, 0, 0, 0, 0, 3, 0, 0, 0
-29, -40, 8, 0, 0, 0, 0, 3, 0, 0, 0
-32, -39, 8, 0, 0, 0, 0, 3, 0, 0, 0
-37, -38, 8, 0, 0, 0, 0, 3, 0, 0, 0
-34, -37, 8, 0, 0, 0, 0, 3, 0, 0, 0
-28, -35, 8, 0, 0, 0, 0, 3, 7920, -128, 2256
-18, -34, 7, 0, 0, 0, 0, 3, 0, 0, 0
-14, -34, 7, 0, 0, 0, 0, 3, 0, 0, 0
-21, -38, 7, 0, 0, 0, 0, 3, 0, 0, 0
-26, -38, 7, 0, 0, 0, 0, 3, 0, 0, 0
-26, -33, 6, 0, 0, 0, 0, 3, 0, 0, 0
-28, -29, 6, 0, 0, 0, 0, 3, 0, 0, 0
-29, -29, 6, 0, 0, 0, 0, 3, 0, 0, 0
-35, -35, 5, 0, 0, 0, 0, 3, 0, 0, 0
-42, -42, 5, 0, 0, 0, 0, 3, 0, 0, 0
-47, -47, 5, 0, 0, 0, 0, 3, 0, 0, 0
-45, -50, 6, 0, 0, 0, 0, 3, 0, 0, 0
-49, -56, 5, 0, 0, 0, 0, 3, 7936, -80, 2224
-54, -59, 6, 0, 0, 0, 0, 3, 0, 0, 0
-49, -54, 6, 0, 0, 0, 0, 3, 0, 0, 0
-41, -47, 7, 0, 0, 0, 0, 3, 0, 0, 0
-40, -45, 7, 0, 0, 0, 0, 3, 0, 0, 0
-43, -47, 8, 0, 0, 0, 0, 3, 0, 0, 0
-43, -46, 9, 0, 0, 0, 0, 3, 0, 0, 0
-42, -46, 10, 0, 0, 0, 0, 3, 0, 0, 0
-39, -45, 11, 0, 0, 0, 0, 3, 0, 0, 0
-38, -44, 12, 0, 0, 0, 0, 3, 7968, 80, 2256
-34, -41, 14, 0, 0, 0, 0, 3, 0, 0, 0
-32, -36, 15, 0, 0, 0, 0, 3, 0, 0, 0
-43, -41, 16, 0, 0, 0, 0, 3, 0, 0, 0
-50, -46, 18, 0, 0, 0, 0, 3, 0, 0, 0
-46, -48, 20, 0, 0, 0, 0, 3, 0, 0, 0
-41, -45, 21, 0, 0, 0, 0, 3, 0, 0, 0
-42, -42, 23, 0, 0, 0, 0, 3, 0, 0, 0
-42, -43, 24, 0, 0, 0, 0, 3, 0, 0, 0
-43, -47, 25, 0, 0, 0, 0, 3, 0, 0, 0
-45, -52, 26, 0, 0, 0, 0, 3, 7984, 208, 0
-51, -59, 27, 0, 0, 0, 0, 3, 0, 0, 2224
-55, -60, 28, 0, 0, 0, 0, 3, 0, 0, 0
-59, -61, 29, 0, 0, 0, 0, 3, 0, 0, 0
-60, -60, 31, 0, 0, 0, 0, 3, 0, 0, 0
-55, -54, 33, 0, 0, 0, 0, 3, 0, 0, 0
-55, -51, 34, 0, 0, 0, 0, 3, 0, 0, 0
-56, -53, 35, 0, 0, 0, 0, 3, 0, 0, 0
-59, -58, 36, 0, 0, 0, 0, 3, 0, 0, 0
-59, -60, 37, 0, 0, 0, 0, 3, 0, 0, 0
-58, -58, 39, 0, 0, 0, 0, 3, 7984, 320, 2288
-50, -49, 41, 0, 0, 0, 0, 3, 0, 0, 0
-42, -43, 42, 0, 0, 0, 0, 3, 0, 0, 0
-41, -45, 44, 0, 0, 0, 0, 3, 0, 0, 0
-46, -53, 46, 0, 0, 0, 0, 3, 0, 0, 0
-54, -59, 48, 0, 0, 0, 0, 3, 0, 0, 0
-55, -58, 50, 0, 0, 0, 0, 3, 0, 0, 0
-56, -54, 51, 0, 0, 0, 0, 3, 0, 0, 0
-61, -55, 52, 0, 0, 0, 0, 3, 0, 0, 0
-65, -54, 53, 0, 0, 0, 0, 3, 0, 0, 0
-64, -55, 54, 0, 0, 0, 0, 3, 0, 0, 0
-58, -57, 54, 0, 0, 0, 0, 3, 8032, 416, 0
-53, -58, 54, 0, 0, 0, 0, 3, 0, 0, 2368
-50, -58, 54, 0, 0, 0, 0, 3, 0, 0, 0
-46, -48, 52, 0, 0, 0, 0, 3, 0, 0, 0
-44, -39, 52, 0, 0, 0, 0, 3, 0, 0, 0
-37, -34, 51, 0, 0, 0, 0, 3, 0, 0, 0
-34, -34, 50, 0, 0, 0, 0, 3, 0, 0, 0
-33, -35, 48, 0, 0, 0, 0, 3, 0, 0, 0
-39, -34, 47, 0, 0, 0, 0, 3, 0, 0, 0
-43, -36, 46, 0, 0, 0, 0, 3, 0, 0, 0
-34, -38, 45, 0, 0, 0, 0, 3, 7920, 736, 2448
-27, -39, 44, 0, 0, 0, 0, 3, 0, 0, 0
-22, -32, 42, 0, 0, 0, 0, 3, 0, 0, 0
-14, -22, 40, 0, 0, 0, 0, 3, 0, 0, 0
-9, -16, 38, 0, 0, 0, 0, 3, 0, 0, 0
-8, -13, 36, 0, 0, 0, 0, 3, 0, 0, 0
-9, -18, 33, 0, 0, 0, 0, 3, 0, 0, 0
-12, -22, 32, 0, 0, 0, 0, 3, 0, 0, 0
-18, -26, 30, 0, 0, 0, 0, 3, 0, 0, 0
-15, -23, 29, 0, 0, 0, 0, 3, 0, 0, 0
-8, -16, 28, 0, 0, 0, 0, 3, 7872, 1088, 2384
-12, -14, 28, 0, 0, 0, 0, 3, 0, 0, 0
-22, -18, 28, 0, 0, 0, 0, 3, 0, 0, 0
-14, -17, 28, 0, 0, 0, 0, 3, 0, 0, 0
0, -15, 28, 0, 0, 0, 0, 3, 0, 0, 0
0, -22, 28, 0, 0, 0, 0, 3, 0, 0, 0
-8, -26, 28, 0, 0, 0, 0, 3, 0, 0, 0
-15, -24, 28, 0, 0, 0, 0, 3, 0, 0, 0
-20, -25, 29, 0, 0, 0, 0, 3, 0, 0, 0
-5, -19, 29, 0, 0, 0, 0, 3, 0, 0, 0
9, -10, 29, 0, 0, 0, 0, 3, 0, 0, 0
14, -4, 29, 0, 0, 0, 0, 3, 7824, 1392, 2144
19, 3, 29, 0, 0, 0, 0, 3, 0, 0, 0
29, 14, 29, 0, 0, 0, 0, 3, 0, 0, 0
37, 23, 29, 0, 0, 0, 0, 3, 0, 0, 0
42, 29, 29, 0, 0, 0, 0, 3, 0, 0, 0
46, 33, 29, 0, 0, 0, 0, 3, 0, 0, 0
49, 39, 28, 0, 0, 0, 0, 3, 0, 0, 0
51, 44, 28, 0, 0, 0, 0, 3, 0, 0, 0
44, 40, 28, 0, 0, 0, 0, 3, 0, 0, 0
33, 33, 27, 0, 0, 0, 0, 3, 0, 0, 0
21, 24, 26, 0, 0, 0, 0, 3, 7712, 1504, 1744
6, 14, 26, 0, 0, 0, 0, 3, 0, 0, 0
-1, 8, 25, 0, 0, 0, 0, 3, 0, 0, 0
0, 6, 25, 0, 0, 0, 0, 3, 0, 0, 0
5, 3, 25, 0, 0, 0, 0, 3, 0, 0, 0
8, 3, 23, 0, 0, 0, 0, 3, 0, 0, 0
10, 1, 23, 0, 0, 0, 0, 3, 0, 0, 0
8, 0, 22, 0, 0, 0, 0, 3, 0, 0, 0
2, -4, 21, 0, 0, 0, 0, 3, 0, 0, 0
-3, -7, 21, 0, 0, 0, 0, 3, 0, 0, 0
-11, -11, 20, 0, 0, 0, 0, 3, 0, 0, 0
-8, -5, 20, 0, 0, 0, 0, 3, 7632, 1440, 1424
-8, -4, 19, 0, 0, 0, 0, 3, 0, 0, 0
-12, -5, 18, 0, 0, 0, 0, 3, 0, 0, 0
-11, -8, 17, 0, 0, 0, 0, 3, 0, 0, 0
-4, -4, 16, 0, 0, 0, 0, 3, 0, 0, 0
-10, -13, 15, 0, 0, 0, 0, 3, 0, 0, 0
-16, -16, 14, 0, 0, 0, 0, 3, 0, 0, 0
-19, -20, 13, 0, 0, 0, 0, 3, 0, 0, 0
-25, -31, 13, 0, 0, 0, 0, 3, 0, 0, 0
-33, -38, 12, 0, 0, 0, 0, 3, 7648, 1280, 1232
-30, -34, 11, 0, 0, 0, 0, 3, 0, 0, 0
-28, -29, 10, 0, 0, 0, 0, 3, 0, 0, 0
-23, -27, 9, 0, 0, 0, 0, 3, 0, 0, 0
-21, -29, 9, 0, 0, 0, 0, 3, 0, 0, 0
-29, -36, 8, 0, 0, 0, 0, 3, 0, 0, 0
-32, -35, 8, 0, 0, 0, 0, 3, 0, 0, 0
-25, -29, 7, 0, 0, 0, 0, 3, 0, 0, 0
-20, -28, 7, 0, 0, 0, 0, 3, 0, 0, 0
-14, -24, 6, 0, 0, 0, 0, 3, 0, 0, 0
-6, -16, 6, 0, 0, 0, 0, 3, 0, 0, 0
0, -12, 5, 0, 0, 0, 0, 3, 7648, 1232, 1232
-1, -15, 5, 0, 0, 0, 0, 3, 0, 0, 0
-5, -17, 5, 0, 0, 0, 0, 3, 0, 0, 0
-7, -14, 6, 0, 0, 0, 0, 3, 0, 0, 0
-7, -8, 5, 0, 0, 0, 0, 3, 0, 0, 0
-15, -12, 6, 0, 0, 0, 0, 3, 0, 0, 0
-22, -23, 6, 0, 0, 0, 0, 3, 0, 0, 0
-24, -29, 7, 0, 0, 0, 0, 3, 0, 0, 0
-22, -24, 8, 0, 0, 0, 0, 3, 0, 0, 0
-25, -21, 8, 0, 0, 0, 0, 3, 0, 0, 0
-26, -23, 8, 0, 0, 0, 0, 3, 7824, 1264, 1168
-21, -23, 8, 0, 0, 0, 0, 3, 0, 0, 0
-19, -22, 9, 0, 0, 0, 0, 3, 0, 0, 0
-23, -28, 9, 0, 0, 0, 0, 3, 0, 0, 0
-21, -29, 10, 0, 0, 0, 0, 3, 0, 0, 0
-20, -28, 10, 0, 0, 0, 0, 3, 0, 0, 0
-19, -27, 11, 0, 0, 0, 0, 3, 0, 0, 0
-16, -23, 12, 0, 0, 0, 0, 3, 0, 0, 0
-21, -22, 12, 0, 0, 0, 0, 3, 0, 0, 0
-27, -24, 12, 0, 0, 0, 0, 3, 0, 0, 0
-21, -24, 13, 0, 0, 0, 0, 3, 7888, 1600, 0
-14, -26, 13, 0, 0, 0, 0, 3, 0, 0, 1136
-10, -29, 14, 0, 0, 0, 0, 3, 0, 0, 0
-10, -25, 15, 0, 0, 0, 0, 3, 0, 0, 0
-15, -19, 15, 0, 0, 0, 0, 3, 0, 0, 0
-16, -16, 15, 0, 0, 0, 0, 3, 0, 0, 0
-15, -16, 15, 0, 0, 0, 0, 3, 0, 0, 0
-25, -26, 15, 0, 0, 0, 0, 3, 0, 0, 0
-38, -35, 14, 0, 0, 0, 0, 3, 0, 0, 0
-43, -37, 14, 0, 0, 0, 0, 3, 0, 0, 0
-44, -38, 13, 0, 0, 0, 0, 3, 7936, 1792, 1072
-46, -38, 12, 0, 0, 0, 0, 3, 0, 0, 0
-48, -32, 12, 0, 0, 0, 0, 3, 0, 0, 0
-51, -26, 12, 0, 0, 0, 0, 3, 0, 0, 0
-57, -25, 12, 0, 0, 0, 0, 3, 0, 0, 0
-60, -24, 12, 0, 0, 0, 0, 3, 0, 0, 0
-63, -29, 12, 0, 0, 0, 0, 3, 0, 0, 0
-65, -28, 12, 0, 0, 0, 0, 3, 0, 0, 0
-68, -24, 13, 0, 0, 0, 0, 3, 0, 0, 0
-79, -27, 13, 0, 0, 0, 0, 3, 0, 0, 0
-94, -35, 13, 0, 0, 0, 0, 3, 0, 0, 0
-104, -39, 13, 0, 0, 0, 0, 3, 7776, 2080, 0
-105, -37, 13, 0, 0, 0, 0, 3, 0, 0, 912
-101, -36, 13, 0, 0, 0, 0, 3, 0, 0, 0
-98, -40, 13, 0, 0, 0, 0, 3, 0, 0, 0
-97, -39, 13, 0, 0, 0, 0, 3, 0, 0, 0
-102, -37, 13, 0, 0, 0, 0, 3, 0, 0, 0
-110, -40, 12, 0, 0, 0, 0, 3, 0, 0, 0
-115, -42, 12, 0, 0, 0, 0, 3, 0, 0, 0
-116, -42, 12, 0, 0, 0, 0, 3, 0, 0, 0
-116, -41, 11, 0, 0, 0, 0, 3, 0, 0, 0
-121, -42, 11, 0, 0, 0, 0, 3, 7792, 2384, 656
-125, -42, 10, 0, 0, 0, 0, 3, 0, 0, 0
-129, -42, 10, 0, 0, 0, 0, 3, 0, 0, 0
-134, -42, 10, 0, 0, 0, 0, 3, 0, 0, 0
-139, -46, 10, 0, 0, 0, 0, 3, 0, 0, 0
-147, -48, 10, 0, 0, 0, 0, 3, 0, 0, 0
-153, -49, 11, 0, 0, 0, 0, 3, 0, 0, 0
-158, -53, 11, 0, 0, 0, 0, 3, 0, 0, 0
-163, -56, 11, 0, 0, 0, 0, 3, 0, 0, 0
-163, -55, 12, 0, 0, 0, 0, 3, 0, 0, 0
-162, -50, 13, 0, 0, 0, 0, 3, 7472, 2528, 432
-164, -50, 14, 0, 0, 0, 0, 3, 0, 0, 0
-161, -53, 15, 0, 0, 0, 0, 3, 0, 0, 0
-156, -52, 16, 0, 0, 0, 0, 3, 0, 0, 0
-161, -54, 17, 0, 0, 0, 0, 3, 0, 0, 0
-173, -59, 18, 0, 0, 0, 0, 3, 0, 0, 0
-180, -64, 19, 0, 0, 0, 0, 3, 0, 0, 0
-178, -67, 20, 0, 0, 0, 0, 3, 0, 0, 0
-169, -67, 20, 0, 0, 0, 0, 3, 0, 0, 0
-168, -68, 22, 0, 0, 0, 0, 3, 0, 0, 0
-164, -66, 22, 0, 0, 0, 0, 3, 7360, 2560, 96
-160, -62, 24, 0, 0, 0, 0, 3, 0, 0, 0
-168, -69, 25, 0, 0, 0, 0, 3, 0, 0, 0
-168, -73, 27, 0, 0, 0, 0, 3, 0, 0, 0
-164, -75, 29, 0, 0, 0, 0, 3, 0, 0, 0
-157, -72, 30, 0, 0, 0, 0, 3, 0, 0, 0
-136, -51, 32, 0, 0, 0, 0, 3, 0, 0, 0
-113, -27, 33, 0, 0, 0, 0, 3, 0, 0, 0
-97, -11, 35, 0, 0, 0, 0, 3, 0, 0, 0
-80, 0, 37, 0, 0, 0, 0, 3, 0, 0, 0
-70, 7, 38, 0, 0, 0, 0, 3, 0, 0, 0
-67, 13, 39, 0, 0, 0, 0, 3, 7136, 2640, 0
-68, 20, 42, 0, 0, 0, 0, 3, 0, 0, 0
-57, 26, 43, 0, 0, 0, 0, 3, 0, 0, 0
-41, 25, 45, 0, 0, 0, 0, 3, 0, 0, 0
-40, 18, 47, 0, 0, 0, 0, 3, 0, 0, 0
-43, 9, 49, 0, 0, 0, 0, 3, 0, 0, 0
-48, 6, 50, 0, 0, 0, 0, 3, 0, 0, 0
-58, 1, 52, 0, 0, 0, 0, 3, 0, 0, 0
-59, -4, 53, 0, 0, 0, 0, 3, 0, 0, 0
-54, -3, 54, 0, 0, 0, 0, 3, 0, 0, 0
-52, 1, 56, 0, 0, 0, 0, 3, 7120, 2688, 96
-53, 4, 57, 0, 0, 0, 0, 3, 0, 0, 0
-50, 4, 57, 0, 0, 0, 0, 3, 0, 0, 0
-48, 2, 57, 0, 0, 0, 0, 3, 0, 0, 0
-52, -1, 58, 0, 0, 0, 0, 3, 0, 0, 0
-54, -4, 58, 0, 0, 0, 0, 3, 0, 0, 0
-54, -3, 58, 0, 0, 0, 0, 3, 0, 0, 0
-56, -4, 58, 0, 0, 0, 0, 3, 0, 0, 0
-58, -4, 58, 0, 0, 0, 0, 3, 0, 0, 0
-56, -1, 57, 0, 0, 0, 0, 3, 0, 0, 0
-58, 0, 57, 0, 0, 0, 0, 3, 0, 0, 0
-52, 5, 56, 0, 0, 0, 0, 3, 7440, 2896, 256
-49, 6, 56, 0, 0, 0, 0, 3, 0, 0, 0
-50, 4, 55, 0, 0, 0, 0, 3, 0, 0, 0
-40, 5, 54, 0, 0, 0, 0, 3, 0, 0, 0
-31, 6, 54, 0, 0, 0, 0, 3, 0, 0, 0
-37, 6, 52, 0, 0, 0, 0, 3, 0, 0, 0
-44, 8, 51, 0, 0, 0, 0, 3, 0, 0, 0
-36, 20, 50, 0, 0, 0, 0, 3, 0, 0, 0
-25, 28, 50, 0, 0, 0, 0, 3, 0, 0, 0
-16, 33, 48, 0, 0, 0, 0, 3, 0, 0, 0
-15, 33, 47, 0, 0, 0, 0, 3, 7824, 3232, 160
-16, 34, 45, 0, 0, 0, 0, 3, 0, 0, 0
-13, 37, 44, 0, 0, 0, 0, 3, 0, 0, 0
-11, 39, 42, 0, 0, 0, 0, 3, 0, 0, 0
-14, 32, 41, 0, 0, 0, 0, 3, 0, 0, 0
-23, 22, 39, 0, 0, 0, 0, 3, 0, 0, 0
-36, 12, 37, 0, 0, 0, 0, 3, 0, 0, 0
-37, 10, 35, 0, 0, 0, 0, 3, 0, 0, 0
-33, 15, 33, 0, 0, 0, 0, 3, 0, 0, 0
-32, 16, 33, 0, 0, 0, 0, 3, 0, 0, 0
-34, 13, 30, 0, 0, 0, 0, 3, 0, 0, 0
-41, 8, 29, 0, 0, 0, 0, 3, 7536, 3120, 96
-46, 2, 27, 0, 0, 0, 0, 3, 0, 0, 0
-49, -3, 27, 0, 0, 0, 0, 3, 0, 0, 0
-49, -7, 25, 0, 0, 0, 0, 3, 0, 0, 0
-51, -8, 25, 0, 0, 0, 0, 3, 0, 0, 0
-57, -11, 24, 0, 0, 0, 0, 3, 0, 0, 0
-59, -12, 23, 0, 0, 0, 0, 3, 0, 0, 0
-56, -10, 22, 0, 0, 0, 0, 3, 0, 0, 0
-50, -8, 22, 0, 0, 0, 0, 3, 0, 0, 0
-46, -8, 21, 0, 0, 0, 0, 3, 7600, 3264, 80
-38, -3, 21, 0, 0, 0, 0, 3, 0, 0, 0
-29, 2, 21, 0, 0, 0, 0, 3, 0, 0, 0
-27, 2, 20, 0, 0, 0, 0, 3, 0, 0, 0
-32, 0, 19, 0, 0, 0, 0, 3, 0, 0, 0
-37, -2, 18, 0, 0, 0, 0, 3, 0, 0, 0
-39, -8, 18, 0, 0, 0, 0, 3, 0, 0, 0
-38, -12, 17, 0, 0, 0, 0, 3, 0, 0, 0
-41, -16, 17, 0, 0, 0, 0, 3, 0, 0, 0
-46, -18, 16, 0, 0, 0, 0, 3, 0, 0, 0
-50, -24, 16, 0, 0, 0, 0, 3, 7344, 3408, 192
-54, -28, 16, 0, 0, 0, 0, 3, 0, 0, 0
-55, -28, 16, 0, 0, 0, 0, 3, 0, 0, 0
-54, -26, 15, 0, 0, 0, 0, 3, 0, 0, 0
-53, -23, 14, 0, 0, 0, 0, 3, 0, 0, 0
-54, -21, 14, 0, 0, 0, 0, 3, 0, 0, 0
-59, -25, 13, 0, 0, 0, 0, 3, 0, 0, 0
-54, -27, 13, 0, 0, 0, 0, 3, 0, 0, 0
-45, -24, 13, 0, 0, 0, 0, 3, 0, 0, 0
-38, -19, 13, 0, 0, 0, 0, 3, 0, 0, 0
-33, -16, 13, 0, 0, 0, 0, 3, 0, 0, 0
-29, -17, 13, 0, 0, 0, 0, 3, 7040, 3424, 400
-32, -21, 12, 0, 0, 0, 0, 3, 0, 0, 0
-32, -21, 13, 0, 0, 0, 0, 3, 0, 0, 0
-31, -19, 13, 0, 0, 0, 0, 3, 0, 0, 0
-32, -16, 14, 0, 0, 0, 0, 3, 0, 0, 0
-35, -15, 14, 0, 0, 0, 0, 3, 0, 0, 0
-37, -19, 14, 0, 0, 0, 0, 3, 0, 0, 0
-31, -19, 15, 0, 0, 0, 0, 3, 0, 0, 0
-24, -17, 15, 0, 0, 0, 0, 3, 0, 0, 0
-19, -15, 15, 0, 0, 0, 0, 3, 0, 0, 0
-19, -12, 16, 0, 0, 0, 0, 3, 6736, 3440, 832
-22, -10, 16, 0, 0, 0, 0, 3, 0, 0, 0
-22, -8, 16, 0, 0, 0, 0, 3, 0, 0, 0
-19, -11, 16, 0, 0, 0, 0, 3, 0, 0, 0
-16, -13, 16, 0, 0, 0, 0, 3, 0, 0, 0
-18, -15, 16, 0, 0, 0, 0, 3, 0, 0, 0
-22, -16, 16, 0, 0, 0, 0, 3, 0, 0, 0
-23, -15, 16, 0, 0, 0, 0, 3, 0, 0, 0
-15, -5, 16, 0, 0, 0, 0, 3, 0, 0, 0
-7, 2, 16, 0, 0, 0, 0, 3, 0, 0, 0
-3, 7, 16, 0, 0, 0, 0, 3, 7200, 3984, 832
0, 9, 16, 0, 0, 0, 0, 3, 0, 0, 0
1, 9, 16, 0, 0, 0, 0, 3, 0, 0, 0
5, 8, 16, 0, 0, 0, 0, 3, 0, 0, 0
6, 8, 16, 0, 0, 0, 0, 3, 0, 0, 0
3, 8, 15, 0, 0, 0, 0, 3, 0, 0, 0
0, 6, 16, 0, 0, 0, 0, 3, 0, 0, 0
2, 8, 15, 0, 0, 0, 0, 3, 0, 0, 0
5, 8, 15, 0, 0, 0, 0, 3, 0, 0, 0
4, 4, 13, 0, 0, 0, 0, 3, 0, 0, 0
0, 0, 13, 0, 0, 0, 0, 3, 7088, 3904, 768
-1, 1, 12, 0, 0, 0, 0, 3, 0, 0, 0
0, 3, 10, 0, 0, 0, 0, 3, 0, 0, 0
4, 4, 9, 0, 0, 0, 0, 3, 0, 0, 0
4, 2, 8, 0, 0, 0, 0, 3, 0, 0, 0
3, 0, 7, 0, 0, 0, 0, 3, 0, 0, 0
0, 0, 6, 0, 0, 0, 0, 3, 0, 0, 0
2, 1, 6, 0, 0, 0, 0, 3, 0, 0, 0
6, 6, 6, 0, 0, 0, 0, 3, 0, 0, 0
10, 10, 6, 0, 0, 0, 0, 3, 0, 0, 0
11, 14, 6, 0, 0, 0, 0, 3, 0, 0, 0
11, 16, 7, 0, 0, 0, 0, 3, 7328, 4016, 496
13, 20, 6, 0, 0, 0, 0, 3, 0, 0, 0
17, 20, 7, 0, 0, 0, 0, 3, 0, 0, 0
14, 14, 6, 0, 0, 0, 0, 3, 0, 0, 0
13, 12, 6, 0, 0, 0, 0, 3, 0, 0, 0
17, 16, 6, 0, 0, 0, 0, 3, 0, 0, 0
16, 18, 5, 0, 0, 0, 0, 3, 0, 0, 0
17, 23, 5, 0, 0, 0, 0, 3, 0, 0, 0
21, 30, 4, 0, 0, 0, 0, 3, 0, 0, 0
21, 33, 4, 0, 0, 0, 0, 3, 0, 0, 0
23, 31, 4, 0, 0, 0, 0, 3, 7312, 3888, 240
29, 29, 4, 0, 0, 0, 0, 3, 0, 0, 0
28, 25, 3, 0, 0, 0, 0, 3, 0, 0, 0
24, 24, 3, 0, 0, 0, 0, 3, 0, 0, 0
23, 26, 2, 0, 0, 0, 0, 3, 0, 0, 0
18, 25, 2, 0, 0, 0, 0, 3, 0, 0, 0
16, 25, 2, 0, 0, 0, 0, 3, 0, 0, 0
12, 28, 1, 0, 0, 0, 0, 3, 0, 0, 0
13, 29, 0, 0, 0, 0, 0, 3, 0, 0, 0
23, 27, 0, 0, 0, 0, 0, 3, 0, 0, 0
26, 20, 0, 0, 0, 0, 0, 3, 0, 0, 0
20, 13, 0, 0, 0, 0, 0, 3, 7216, 3616, 64
14, 19, 0, 0, 0, 0, 0, 3, 0, 0, 0
10, 22, 0, 0, 0, 0, 0, 3, 0, 0, 0
12, 25, 0, 0, 0, 0, 0, 3, 0, 0, 0
15, 27, 0, 0, 0, 0, 0, 3, 0, 0, 0
14, 27, 0, 0, 0, 0, 0, 3, 0, 0, 0
10, 25, 0, 0, 0, 0, 0, 3, 0, 0, 0
3, 22, 0, 0, 0, 0, 0, 3, 0, 0, 0
4, 24, 0, 0, 0, 0, 0, 3, 0, 0, 0
12, 16, 0, 0, 0, 0, 0, 3, 0, 0, 0
20, 18, 0, 0, 0, 0, 0, 3, 7248, 3280, 64
22, 29, 0, 0, 0, 0, 0, 3, 0, 0, 0
25, 40, 0, 0, 0, 0, 0, 3, 0, 0, 0
31, 47, 2, 0, 0, 0, 0, 3, 0, 0, 0
31, 48, 2, 0, 0, 0, 0, 3, 0, 0, 0
31, 46, 3, 0, 0, 0, 0, 3, 0, 0, 0
28, 44, 5, 0, 0, 0, 0, 3, 0, 0, 0
25, 40, 6, 0, 0, 0, 0, 3, 0, 0, 0
19, 34, 7, 0, 0, 0, 0, 3, 0, 0, 0
15, 34, 8, 0, 0, 0, 0, 3, 0, 0, 0
15, 40, 9, 0, 0, 0, 0, 3, 7392, 3008, 0
12, 40, 10, 0, 0, 0, 0, 3, 0, 0, 240
12, 37, 11, 0, 0, 0, 0, 3, 0, 0, 0
15, 33, 12, 0, 0, 0, 0, 3, 0, 0, 0
18, 36, 13, 0, 0, 0, 0, 3, 0, 0, 0
17, 37, 14, 0, 0, 0, 0, 3, 0, 0, 0
13, 31, 16, 0, 0, 0, 0, 3, 0, 0, 0
10, 30, 17, 0, 0, 0, 0, 3, 0, 0, 0
11, 33, 18, 0, 0, 0, 0, 3, 0, 0, 0
10, 32, 19, 0, 0, 0, 0, 3, 0, 0, 0
4, 31, 20, 0, 0, 0, 0, 3, 7568, 2880, 560
7, 42, 22, 0, 0, 0, 0, 3, 0, 0, 0
20, 60, 23, 0, 0, 0, 0, 3, 0, 0, 0
25, 72, 25, 0, 0, 0, 0, 3, 0, 0, 0
18, 71, 26, 0, 0, 0, 0, 3, 0, 0, 0
4, 60, 28, 0, 0, 0, 0, 3, 0, 0, 0
-7, 55, 29, 0, 0, 0, 0, 3, 0, 0, 0
-14, 54, 31, 0, 0, 0, 0, 3, 0, 0, 0
-21, 53, 32, 0, 0, 0, 0, 3, 0, 0, 0
-28, 48, 34, 0, 0, 0, 0, 3, 0, 0, 0
-33, 41, 35, 0, 0, 0, 0, 3, 0, 0, 0
-34, 37, 36, 0, 0, 0, 0, 3, 7696, 2928, 816
-37, 38, 37, 0, 0, 0, 0, 3, 0, 0, 0
-43, 42, 37, 0, 0, 0, 0, 3, 0, 0, 0
-51, 45, 38, 0, 0, 0, 0, 3, 0, 0, 0
-48, 41, 38, 0, 0, 0, 0, 3, 0, 0, 0
-34, 40, 38, 0, 0, 0, 0, 3, 0, 0, 0
-21, 46, 38, 0, 0, 0, 0, 3, 0, 0, 0
-10, 52, 38, 0, 0, 0, 0, 3, 0, 0, 0
-8, 55, 37, 0, 0, 0, 0, 3, 0, 0, 0
-8, 55, 38, 0, 0, 0, 0, 3, 0, 0, 0
-7, 54, 37, 0, 0, 0, 0, 3, 7696, 2912, 1008
-8, 52, 37, 0, 0, 0, 0, 3, 0, 0, 0
-4, 58, 36, 0, 0, 0, 0, 3, 0, 0, 0
0, 63, 35, 0, 0, 0, 0, 3, 0, 0, 0
-1, 63, 34, 0, 0, 0, 0, 3, 0, 0, 0
-1, 61, 33, 0, 0, 0, 0, 3, 0, 0, 0
-5, 57, 33, 0, 0, 0, 0, 3, 0, 0, 0
-15, 54, 31, 0, 0, 0, 0, 3, 0, 0, 0
-24, 49, 30, 0, 0, 0, 0, 3, 0, 0, 0
-24, 47, 29, 0, 0, 0, 0, 3, 0, 0, 0
-16, 46, 29, 0, 0, 0, 0, 3, 7680, 2848, 1184
-8, 47, 27, 0, 0, 0, 0, 3, 0, 0, 0
0, 51, 26, 0, 0, 0, 0, 3, 0, 0, 0
4, 54, 25, 0, 0, 0, 0, 3, 0, 0, 0
4, 59, 24, 0, 0, 0, 0, 3, 0, 0, 0
5, 59, 22, 0, 0, 0, 0, 3, 0, 0, 0
1, 53, 21, 0, 0, 0, 0, 3, 0, 0, 0
-2, 50, 20, 0, 0, 0, 0, 3, 0, 0, 0
-1, 56, 19, 0, 0, 0, 0, 3, 0, 0, 0
0, 63, 18, 0, 0, 0, 0, 3, 0, 0, 0
-2, 63, 17, 0, 0, 0, 0, 3, 7664, 2720, 1264
1, 57, 16, 0, 0, 0, 0, 3, 0, 0, 0
12, 55, 16, 0, 0, 0, 0, 3, 0, 0, 0
18, 58, 15, 0, 0, 0, 0, 3, 0, 0, 0
17, 55, 14, 0, 0, 0, 0, 3, 0, 0, 0
17, 53, 14, 0, 0, 0, 0, 3, 0, 0, 0
16, 56, 13, 0, 0, 0, 0, 3, 0, 0, 0
20, 65, 13, 0, 0, 0, 0, 3, 0, 0, 0
20, 66, 12, 0, 0, 0, 0, 3, 0, 0, 0
17, 65, 13, 0, 0, 0, 0, 3, 0, 0, 0
20, 66, 12, 0, 0, 0, 0, 3, 7680, 2560, 1328
19, 66, 12, 0, 0, 0, 0, 3, 0, 0, 0
7, 62, 12, 0, 0, 0, 0, 3, 0, 0, 0
1, 56, 12, 0, 0, 0, 0, 3, 0, 0, 0
7, 51, 12, 0, 0, 0, 0, 3, 0, 0, 0
14, 51, 11, 0, 0, 0, 0, 3, 0, 0, 0
18, 54, 12, 0, 0, 0, 0, 3, 0, 0, 0
21, 59, 11, 0, 0, 0, 0, 3, 0, 0, 0
9, 60, 11, 0, 0, 0, 0, 3, 0, 0, 0
0, 53, 10, 0, 0, 0, 0, 3, 0, 0, 0
7, 46, 10, 0, 0, 0, 0, 3, 0, 0, 0
20, 48, 9, 0, 0, 0, 0, 3, 7376, 2320, 1280
21, 50, 9, 0, 0, 0, 0, 3, 0, 0, 0
20, 50, 8, 0, 0, 0, 0, 3, 0, 0, 0
16, 50, 9, 0, 0, 0, 0, 3, 0, 0, 0
14, 50, 8, 0, 0, 0, 0, 3, 0, 0, 0
9, 44, 8, 0, 0, 0, 0, 3, 0, 0, 0
4, 41, 9, 0, 0, 0, 0, 3, 0, 0, 0
8, 47, 9, 0, 0, 0, 0, 3, 0, 0, 0
21, 61, 10, 0, 0, 0, 0, 3, 0, 0, 0
31, 66, 11, 0, 0, 0, 0, 3, 0, 0, 0
34, 62, 12, 0, 0, 0, 0, 3, 7552, 2400, 1232
36, 62, 12, 0, 0, 0, 0, 3, 0, 0, 0
37, 64, 13, 0, 0, 0, 0, 3, 0, 0, 0
37, 67, 13, 0, 0, 0, 0, 3, 0, 0, 0
33, 62, 14, 0, 0, 0, 0, 3, 0, 0, 0
29, 56, 14, 0, 0, 0, 0, 3, 0, 0, 0
23, 52, 15, 0, 0, 0, 0, 3, 0, 0, 0
10, 45, 15, 0, 0, 0, 0, 3, 0, 0, 0
7, 40, 15, 0, 0, 0, 0, 3, 0, 0, 0
10, 37, 15, 0, 0, 0, 0, 3, 0, 0, 0
2, 34, 15, 0, 0, 0, 0, 3, 0, 0, 0
-4, 38, 14, 0, 0, 0, 0, 3, 7776, 2608, 1184
1, 41, 13, 0, 0, 0, 0, 3, 0, 0, 0
12, 41, 13, 0, 0, 0, 0, 3, 0, 0, 0
19, 43, 12, 0, 0, 0, 0, 3, 0, 0, 0
14, 44, 12, 0, 0, 0, 0, 3, 0, 0, 0
6, 43, 11, 0, 0, 0, 0, 3, 0, 0, 0
6, 49, 9, 0, 0, 0, 0, 3, 0, 0, 0
12, 50, 8, 0, 0, 0, 0, 3, 0, 0, 0
13, 43, 7, 0, 0, 0, 0, 3, 0, 0, 0
16, 41, 4, 0, 0, 0, 0, 3, 7920, 2736, 0
14, 39, 4, 0, 0, 0, 0, 3, 0, 0, 1152
10, 33, 2, 0, 0, 0, 0, 3, 0, 0, 0
9, 35, 1, 0, 0, 0, 0, 3, 0, 0, 0
8, 38, 0, 0, 0, 0, 0, 3, 0, 0, 0
0, 39, 0, 0, 0, 0, 0, 3, 0, 0, 0
-14, 38, 0, 0, 0, 0, 0, 3, 0, 0, 0
-16, 37, 0, 0, 0, 0, 0, 3, 0, 0, 0
-8, 37, 1, 0, 0, 0, 0, 3, 0, 0, 0
-3, 41, 1, 0, 0, 0, 0, 3, 0, 0, 0
-5, 40, 1, 0, 0, 0, 0, 3, 0, 0, 0
-9, 33, 1, 0, 0, 0, 0, 3, 0, 0, 0
-7, 34, 1, 0, 0, 0, 0, 3, 7856, 2672, 1168
-7, 37, 0, 0, 0, 0, 0, 3, 0, 0, 0
0, 36, 0, 0, 0, 0, 0, 3, 0, 0, 0
10, 44, 0, 0, 0, 0, 0, 3, 0, 0, 0
12, 50, 0, 0, 0, 0, 0, 3, 0, 0, 0
8, 49, 0, 0, 0, 0, 0, 3, 0, 0, 0
3, 50, 0, 0, 0, 0, 0, 3, 0, 0, 0
0, 49, 0, 0, 0, 0, 0, 3, 0, 0, 0
-2, 44, 0, 0, 0, 0, 0, 3, 0, 0, 0
-2, 38, 0, 0, 0, 0, 0, 3, 7664, 2448, 1216
-7, 36, 0, 0, 0, 0, 0, 3, 0, 0, 0
-8, 42, 1, 0, 0, 0, 0, 3, 0, 0, 0
-6, 51, 0, 0, 0, 0, 0, 3, 0, 0, 0
0, 56, 1, 0, 0, 0, 0, 3, 0, 0, 0
0, 54, 0, 0, 0, 0, 0, 3, 0, 0, 0
-2, 50, 1, 0, 0, 0, 0, 3, 0, 0, 0
0, 49, 1, 0, 0, 0, 0, 3, 0, 0, 0
3, 44, 1, 0, 0, 0, 0, 3, 0, 0, 0
6, 43, 1, 0, 0, 0, 0, 3, 0, 0, 0
12, 50, 1, 0, 0, 0, 0, 3, 7616, 2304, 0
11, 50, 1, 0, 0, 0, 0, 3, 0, 0, 1264
8, 51, 1, 0, 0, 0, 0, 3, 0, 0, 0
4, 47, 1, 0, 0, 0, 0, 3, 0, 0, 0
2, 46, 1, 0, 0, 0, 0, 3, 0, 0, 0
2, 52, 2, 0, 0, 0, 0, 3, 0, 0, 0
7, 56, 1, 0, 0, 0, 0, 3, 0, 0, 0
9, 55, 1, 0, 0, 0, 0, 3, 0, 0, 0
8, 53, 1, 0, 0, 0, 0, 3, 0, 0, 0
9, 57, 3, 0, 0, 0, 0, 3, 0, 0, 0
12, 60, 3, 0, 0, 0, 0, 3, 0, 0, 0
8, 55, 4, 0, 0, 0, 0, 3, 7776, 2368, 1376
13, 62, 4, 0, 0, 0, 0, 3, 0, 0, 0
19, 72, 5, 0, 0, 0, 0, 3, 0, 0, 0
25, 76, 6, 0, 0, 0, 0, 3, 0, 0, 0
32, 79, 7, 0, 0, 0, 0, 3, 0, 0, 0
37, 77, 8, 0, 0, 0, 0, 3, 0, 0, 0
42, 74, 9, 0, 0, 0, 0, 3, 0, 0, 0
47, 74, 10, 0, 0, 0, 0, 3, 0, 0, 0
45, 70, 11, 0, 0, 0, 0, 3, 0, 0, 0
37, 61, 12, 0, 0, 0, 0, 3, 0, 0, 0
33, 66, 14, 0, 0, 0, 0, 3, 7712, 2432, 0
28, 71, 15, 0, 0, 0, 0, 3, 0, 0, 1424
25, 75, 16, 0, 0, 0, 0, 3, 0, 0, 0
25, 77, 17, 0, 0, 0, 0, 3, 0, 0, 0
35, 80, 18, 0, 0, 0, 0, 3, 0, 0, 0
46, 78, 20, 0, 0, 0, 0, 3, 0, 0, 0
51, 75, 21, 0, 0, 0, 0, 3, 0, 0, 0
36, 65, 22, 0, 0, 0, 0, 3, 0, 0, 0
23, 61, 23, 0, 0, 0, 0, 3, 0, 0, 0
31, 71, 24, 0, 0, 0, 0, 3, 0, 0, 0
43, 80, 25, 0, 0, 0, 0, 3, 7504, 2208, 1488
43, 78, 26, 0, 0, 0, 0, 3, 0, 0, 0
41, 78, 27, 0, 0, 0, 0, 3, 0, 0, 0
32, 69, 27, 0, 0, 0, 0, 3, 0, 0, 0
28, 59, 27, 0, 0, 0, 0, 3, 0, 0, 0
38, 58, 26, 0, 0, 0, 0, 3, 0, 0, 0
46, 60, 25, 0, 0, 0, 0, 3, 0, 0, 0
44, 64, 25, 0, 0, 0, 0, 3, 0, 0, 0
35, 63, 25, 0, 0, 0, 0, 3, 0, 0, 0
45, 67, 24, 0, 0, 0, 0, 3, 0, 0, 0
65, 75, 24, 0, 0, 0, 0, 3, 7568, 2096, 1488
75, 77, 23, 0, 0, 0, 0, 3, 0, 0, 0
71, 74, 23, 0, 0, 0, 0, 3, 0, 0, 0
63, 75, 23, 0, 0, 0, 0, 3, 0, 0, 0
59, 78, 23, 0, 0, 0, 0, 3, 0, 0, 0
59, 75, 23, 0, 0, 0, 0, 3, 0, 0, 0
59, 67, 23, 0, 0, 0, 0, 3, 0, 0, 0
62, 64, 24, 0, 0, 0, 0, 3, 0, 0, 0
67, 67, 24, 0, 0, 0, 0, 3, 0, 0, 0
54, 66, 25, 0, 0, 0, 0, 3, 0, 0, 0
41, 59, 25, 0, 0, 0, 0, 3, 0, 0, 0
53, 73, 25, 0, 0, 0, 0, 3, 7696, 2000, 1360
67, 88, 25, 0, 0, 0, 0, 3, 0, 0, 0
67, 88, 25, 0, 0, 0, 0, 3, 0, 0, 0
63, 79, 25, 0, 0, 0, 0, 3, 0, 0, 0
58, 73, 25, 0, 0, 0, 0, 3, 0, 0, 0
61, 74, 24, 0, 0, 0, 0, 3, 0, 0, 0
67, 75, 24, 0, 0, 0, 0, 3, 0, 0, 0
62, 77, 24, 0, 0, 0, 0, 3, 0, 0, 0
53, 79, 23, 0, 0, 0, 0, 3, 0, 0, 0
57, 82, 23, 0, 0, 0, 0, 3, 0, 0, 0
63, 81, 22, 0, 0, 0, 0, 3, 7824, 1792, 1392
62, 77, 22, 0, 0, 0, 0, 3, 0, 0, 0
56, 71, 21, 0, 0, 0, 0, 3, 0, 0, 0
53, 71, 20, 0, 0, 0, 0, 3, 0, 0, 0
53, 67, 19, 0, 0, 0, 0, 3, 0, 0, 0
50, 69, 19, 0, 0, 0, 0, 3, 0, 0, 0
49, 77, 18, 0, 0, 0, 0, 3, 0, 0, 0
48, 80, 17, 0, 0, 0, 0, 3, 0, 0, 0
45, 77, 16, 0, 0, 0, 0, 3, 0, 0, 0
48, 77, 15, 0, 0, 0, 0, 3, 0, 0, 0
53, 79, 15, 0, 0, 0, 0, 3, 7808, 1680, 1392
55, 78, 14, 0, 0, 0, 0, 3, 0, 0, 0
59, 79, 14, 0, 0, 0, 0, 3, 0, 0, 0
61, 77, 13, 0, 0, 0, 0, 3, 0, 0, 0
60, 81, 13, 0, 0, 0, 0, 3, 0, 0, 0
50, 80, 12, 0, 0, 0, 0, 3, 0, 0, 0
42, 78, 13, 0, 0, 0, 0, 3, 0, 0, 0
45, 80, 13, 0, 0, 0, 0, 3, 0, 0, 0
51, 85, 13, 0, 0, 0, 0, 3, 0, 0, 0
47, 90, 14, 0, 0, 0, 0, 3, 0, 0, 0
52, 91, 14, 0, 0, 0, 0, 3, 7888, 1760, 1392
66, 91, 15, 0, 0, 0, 0, 3, 0, 0, 0
76, 96, 15, 0, 0, 0, 0, 3, 0, 0, 0
72, 99, 16, 0, 0, 0, 0, 3, 0, 0, 0
56, 99, 16, 0, 0, 0, 0, 3, 0, 0, 0
57, 102, 17, 0, 0, 0, 0, 3, 0, 0, 0
60, 99, 17, 0, 0, 0, 0, 3, 0, 0, 0
60, 96, 17, 0, 0, 0, 0, 3, 0, 0, 0
63, 99, 17, 0, 0, 0, 0, 3, 0, 0, 0
63, 101, 18, 0, 0, 0, 0, 3, 0, 0, 0
61, 100, 18, 0, 0, 0, 0, 3, 0, 0, 0
58, 98, 18, 0, 0, 0, 0, 3, 7872, 1840, 1536
43, 89, 18, 0, 0, 0, 0, 3, 0, 0, 0
33, 84, 18, 0, 0, 0, 0, 3, 0, 0, 0
38, 83, 18, 0, 0, 0, 0, 3, 0, 0, 0
52, 88, 17, 0, 0, 0, 0, 3, 0, 0, 0
55, 92, 17, 0, 0, 0, 0, 3, 0, 0, 0
54, 91, 17, 0, 0, 0, 0, 3, 0, 0, 0
47, 82, 16, 0, 0, 0, 0, 3, 0, 0, 0
42, 80, 16, 0, 0, 0, 0, 3, 0, 0, 0
39, 83, 15, 0, 0, 0, 0, 3, 0, 0, 0
40, 91, 14, 0, 0, 0, 0, 3, 7872, 1776, 1536
37, 95, 14, 0, 0, 0, 0, 3, 0, 0, 0
33, 95, 14, 0, 0, 0, 0, 3, 0, 0, 0
26, 92, 14, 0, 0, 0, 0, 3, 0, 0, 0
34, 96, 14, 0, 0, 0, 0, 3, 0, 0, 0
39, 96, 14, 0, 0, 0, 0, 3, 0, 0, 0
33, 92, 13, 0, 0, 0, 0, 3, 0, 0, 0
26, 85, 13, 0, 0, 0, 0, 3, 0, 0, 0
26, 82, 12, 0, 0, 0, 0, 3, 0, 0, 0
25, 80, 12, 0, 0, 0, 0, 3, 0, 0, 0
24, 80, 12, 0, 0, 0, 0, 3, 7792, 1760, 1488
25, 74, 11, 0, 0, 0, 0, 3, 0, 0, 0
22, 66, 11, 0, 0, 0, 0, 3, 0, 0, 0
17, 63, 10, 0, 0, 0, 0, 3, 0, 0, 0
18, 67, 10, 0, 0, 0, 0, 3, 0, 0, 0
23, 75, 9, 0, 0, 0, 0, 3, 0, 0, 0
22, 78, 9, 0, 0, 0, 0, 3, 0, 0, 0
18, 80, 8, 0, 0, 0, 0, 3, 0, 0, 0
13, 79, 8, 0, 0, 0, 0, 3, 0, 0, 0
13, 78, 8, 0, 0, 0, 0, 3, 0, 0, 0
17, 74, 8, 0, 0, 0, 0, 3, 7616, 1792, 0
15, 69, 8, 0, 0, 0, 0, 3, 0, 0, 1392
14, 67, 8, 0, 0, 0, 0, 3, 0, 0, 0
13, 65, 8, 0, 0, 0, 0, 3, 0, 0, 0
15, 66, 8, 0, 0, 0, 0, 3, 0, 0, 0
13, 63, 8, 0, 0, 0, 0, 3, 0, 0, 0
8, 59, 7, 0, 0, 0, 0, 3, 0, 0, 0
3, 59, 7, 0, 0, 0, 0, 3, 0, 0, 0
5, 61, 7, 0, 0, 0, 0, 3, 0, 0, 0
9, 64, 6, 0, 0, 0, 0, 3, 0, 0, 0
5, 58, 5, 0, 0, 0, 0, 3, 0, 0, 0
5, 57, 5, 0, 0, 0, 0, 3, 7584, 1824, 0
4, 54, 4, 0, 0, 0, 0, 3, 0, 0, 1328
2, 49, 4, 0, 0, 0, 0, 3, 0, 0, 0
0, 46, 3, 0, 0, 0, 0, 3, 0, 0, 0
2, 48, 3, 0, 0, 0, 0, 3, 0, 0, 0
3, 54, 2, 0, 0, 0, 0, 3, 0, 0, 0
8, 62, 2, 0, 0, 0, 0, 3, 0, 0, 0
14, 64, 1, 0, 0, 0, 0, 3, 0, 0, 0
13, 64, 0, 0, 0, 0, 0, 3, 0, 0, 0
14, 62, 0, 0, 0, 0, 0, 3, 0, 0, 0
21, 59, -1, 0, 0, 0, 0, 3, 7744, 1824, 1392
24, 60, -1, 0, 0, 0, 0, 3, 0, 0, 0
26, 60, -2, 0, 0, 0, 0, 3, 0, 0, 0
18, 53, -2, 0, 0, 0, 0, 3, 0, 0, 0
13, 47, -1, 0, 0, 0, 0, 3, 0, 0, 0
12, 46, 0, 0, 0, 0, 0, 3, 0, 0, 0
11, 45, 0, 0, 0, 0, 0, 3, 0, 0, 0
8, 43, 0, 0, 0, 0, 0, 3, 0, 0, 0
4, 35, 1, 0, 0, 0, 0, 3, 0, 0, 0
2, 28, 2, 0, 0, 0, 0, 3, 0, 0, 0
2, 28, 2, 0, 0, 0, 0, 3, 7872, 1712, 0
1, 33, 3, 0, 0, 0, 0, 3, 0, 0, 1472
0, 37, 3, 0, 0, 0, 0, 3, 0, 0, 0
1, 39, 4, 0, 0, 0, 0, 3, 0, 0, 0
5, 41, 4, 0, 0, 0, 0, 3, 0, 0, 0
5, 38, 4, 0, 0, 0, 0, 3, 0, 0, 0
7, 33, 5, 0, 0, 0, 0, 3, 0, 0, 0
8, 28, 5, 0, 0, 0, 0, 3, 0, 0, 0
6, 28, 5, 0, 0, 0, 0, 3, 0, 0, 0
5, 25, 5, 0, 0, 0, 0, 3, 0, 0, 0
10, 26, 5, 0, 0, 0, 0, 3, 0, 0, 0
8, 20, 4, 0, 0, 0, 0, 3, 7856, 1632, 1488
6, 16, 4, 0, 0, 0, 0, 3, 0, 0, 0
3, 16, 4, 0, 0, 0, 0, 3, 0, 0, 0
-2, 14, 4, 0, 0, 0, 0, 3, 0, 0, 0
-15, -3, 5, 0, 0, 0, 0, 3, 0, 0, 0
-32, -22, 5, 0, 0, 0, 0, 3, 0, 0, 0
-27, -9, 7, 0, 0, 0, 0, 3, 0, 0, 0
-12, 8, 8, 0, 0, 0, 0, 3, 0, 0, 0
-3, 15, 11, 0, 0, 0, 0, 3, 0, 0, 0
-6, 11, 12, 0, 0, 0, 0, 3, 0, 0, 0
-14, 0, 15, 0, 0, 0, 0, 3, 7728, 1632, 0
-20, -7, 17, 0, 0, 0, 0, 3, 0, 0, 1504
-25, -10, 20, 0, 0, 0, 0, 3, 0, 0, 0
-31, -11, 22, 0, 0, 0, 0, 3, 0, 0, 0
-38, -12, 24, 0, 0, 0, 0, 3, 0, 0, 0
-43, -18, 26, 0, 0, 0, 0, 3, 0, 0, 0
-53, -23, 28, 0, 0, 0, 0, 3, 0, 0, 0
-54, -29, 30, 0, 0, 0, 0, 3, 0, 0, 0
-45, -34, 32, 0, 0, 0, 0, 3, 0, 0, 0
-37, -37, 33, 0, 0, 0, 0, 3, 0, 0, 0
-42, -36, 35, 0, 0, 0, 0, 3, 7760, 1744, 1584
-51, -34, 36, 0, 0, 0, 0, 3, 0, 0, 0
-58, -37, 37, 0, 0, 0, 0, 3, 0, 0, 0
-59, -38, 38, 0, 0, 0, 0, 3, 0, 0, 0
-55, -34, 39, 0, 0, 0, 0, 3, 0, 0, 0
-51, -31, 40, 0, 0, 0, 0, 3, 0, 0, 0
-46, -29, 41, 0, 0, 0, 0, 3, 0, 0, 0
-45, -37, 42, 0, 0, 0, 0, 3, 0, 0, 0
-44, -39, 42, 0, 0, 0, 0, 3, 0, 0, 0
-42, -34, 42, 0, 0, 0, 0, 3, 0, 0, 0
-46, -35, 43, 0, 0, 0, 0, 3, 0, 0, 0
-48, -34, 43, 0, 0, 0, 0, 3, 7632, 1792, 1648
-47, -34, 43, 0, 0, 0, 0, 3, 0, 0, 0
-46, -34, 43, 0, 0, 0, 0, 3, 0, 0, 0
-50, -33, 42, 0, 0, 0, 0, 3, 0, 0, 0
-52, -33, 41, 0, 0, 0, 0, 3, 0, 0, 0
-54, -33, 40, 0, 0, 0, 0, 3, 0, 0, 0
-61, -37, 38, 0, 0, 0, 0, 3, 0, 0, 0
-66, -42, 37, 0, 0, 0, 0, 3, 0, 0, 0
-58, -40, 35, 0, 0, 0, 0, 3, 0, 0, 0
-46, -33, 34, 0, 0, 0, 0, 3, 0, 0, 0
-40, -29, 33, 0, 0, 0, 0, 3, 7648, 1872, 1728
-38, -29, 32, 0, 0, 0, 0, 3, 0, 0, 0
-40, -29, 30, 0, 0, 0, 0, 3, 0, 0, 0
-37, -26, 29, 0, 0, 0, 0, 3, 0, 0, 0
-29, -24, 28, 0, 0, 0, 0, 3, 0, 0, 0
-21, -21, 26, 0, 0, 0, 0, 3, 0, 0, 0
-29, -22, 25, 0, 0, 0, 0, 3, 0, 0, 0
-44, -28, 25, 0, 0, 0, 0, 3, 0, 0, 0
-47, -31, 24, 0, 0, 0, 0, 3, 0, 0, 0
-33, -22, 23, 0, 0, 0, 0, 3, 0, 0, 0
-23, -15, 23, 0, 0, 0, 0, 3, 7616, 1888, 0
-24, -17, 22, 0, 0, 0, 0, 3, 0, 0, 1744
-41, -24, 23, 0, 0, 0, 0, 3, 0, 0, 0
-54, -33, 22, 0, 0, 0, 0, 3, 0, 0, 0
-46, -33, 21, 0, 0, 0, 0, 3, 0, 0, 0
-30, -22, 21, 0, 0, 0, 0, 3, 0, 0, 0
-22, -14, 21, 0, 0, 0, 0, 3, 0, 0, 0
-21, -14, 21, 0, 0, 0, 0, 3, 0, 0, 0
-28, -16, 21, 0, 0, 0, 0, 3, 0, 0, 0
-31, -19, 20, 0, 0, 0, 0, 3, 0, 0, 0
-30, -20, 19, 0, 0, 0, 0, 3, 7648, 1776, 1712
-28, -22, 18, 0, 0, 0, 0, 3, 0, 0, 0
-30, -21, 17, 0, 0, 0, 0, 3, 0, 0, 0
-34, -19, 17, 0, 0, 0, 0, 3, 0, 0, 0
-34, -15, 16, 0, 0, 0, 0, 3, 0, 0, 0
-28, -8, 16, 0, 0, 0, 0, 3, 0, 0, 0
-18, -4, 15, 0, 0, 0, 0, 3, 0, 0, 0
-22, -7, 15, 0, 0, 0, 0, 3, 0, 0, 0
-30, -15, 14, 0, 0, 0, 0, 3, 0, 0, 0
-27, -16, 15, 0, 0, 0, 0, 3, 0, 0, 0
-22, -12, 14, 0, 0, 0, 0, 3, 7696, 1632, 1808
-20, -7, 14, 0, 0, 0, 0, 3, 0, 0, 0
-17, -8, 14, 0, 0, 0, 0, 3, 0, 0, 0
-19, -12, 13, 0, 0, 0, 0, 3, 0, 0, 0
-23, -13, 13, 0, 0, 0, 0, 3, 0, 0, 0
-30, -13, 13, 0, 0, 0, 0, 3, 0, 0, 0
-38, -18, 12, 0, 0, 0, 0, 3, 0, 0, 0
-42, -19, 12, 0, 0, 0, 0, 3, 0, 0, 0
-39, -15, 12, 0, 0, 0, 0, 3, 0, 0, 0
-34, -6, 12, 0, 0, 0, 0, 3, 0, 0, 0
-25, 0, 12, 0, 0, 0, 0, 3, 0, 0, 0
-17, 1, 12, 0, 0, 0, 0, 3, 7824, 1552, 1808
-14, 1, 12, 0, 0, 0, 0, 3, 0, 0, 0
-16, 0, 11, 0, 0, 0, 0, 3, 0, 0, 0
-22, -4, 11, 0, 0, 0, 0, 3, 0, 0, 0
-30, -4, 11, 0, 0, 0, 0, 3, 0, 0, 0
-38, -5, 11, 0, 0, 0, 0, 3, 0, 0, 0
-34, -3, 11, 0, 0, 0, 0, 3, 0, 0, 0
-22, -4, 10, 0, 0, 0, 0, 3, 0, 0, 0
-12, 0, 10, 0, 0, 0, 0, 3, 0, 0, 0
-11, 5, 9, 0, 0, 0, 0, 3, 0, 0, 0
-12, 8, 9, 0, 0, 0, 0, 3, 7872, 1472, 1872
-13, 8, 8, 0, 0, 0, 0, 3, 0, 0, 0
-9, 8, 8, 0, 0, 0, 0, 3, 0, 0, 0
-5, 5, 7, 0, 0, 0, 0, 3, 0, 0, 0
-8, 8, 7, 0, 0, 0, 0, 3, 0, 0, 0
-1, 16, 6, 0, 0, 0, 0, 3, 0, 0, 0
6, 24, 6, 0, 0, 0, 0, 3, 0, 0, 0
1, 22, 6, 0, 0, 0, 0, 3, 0, 0, 0
-4, 18, 6, 0, 0, 0, 0, 3, 0, 0, 0
-8, 12, 7, 0, 0, 0, 0, 3, 0, 0, 0
-10, 10, 7, 0, 0, 0, 0, 3, 7904, 1408, 1888
-10, 8, 8, 0, 0, 0, 0, 3, 0, 0, 0
-19, 5, 8, 0, 0, 0, 0, 3, 0, 0, 0
-30, -1, 9, 0, 0, 0, 0, 3, 0, 0, 0
-28, -6, 9, 0, 0, 0, 0, 3, 0, 0, 0
-16, -4, 10, 0, 0, 0, 0, 3, 0, 0, 0
-10, 0, 10, 0, 0, 0, 0, 3, 0, 0, 0
-7, 2, 11, 0, 0, 0, 0, 3, 0, 0, 0
-7, 1, 11, 0, 0, 0, 0, 3, 0, 0, 0
-14, 0, 11, 0, 0, 0, 0, 3, 0, 0, 0
-21, 0, 11, 0, 0, 0, 0, 3, 7856, 1376, 1920
-19, 4, 11, 0, 0, 0, 0, 3, 0, 0, 0
-21, 7, 11, 0, 0, 0, 0, 3, 0, 0, 0
-20, 2, 11, 0, 0, 0, 0, 3, 0, 0, 0
-13, 0, 11, 0, 0, 0, 0, 3, 0, 0, 0
-13, 1, 11, 0, 0, 0, 0, 3, 0, 0, 0
-12, 7, 11, 0, 0, 0, 0, 3, 0, 0, 0
-12, 7, 10, 0, 0, 0, 0, 3, 0, 0, 0
-16, 2, 10, 0, 0, 0, 0, 3, 0, 0, 0
-22, 0, 9, 0, 0, 0, 0, 3, 0, 0, 0
-27, 1, 9, 0, 0, 0, 0, 3, 0, 0, 0
-27, 1, 8, 0, 0, 0, 0, 3, 7776, 1424, 1904
-23, 3, 8, 0, 0, 0, 0, 3, 0, 0, 0
-24, 1, 7, 0, 0, 0, 0, 3, 0, 0, 0
-20, 0, 7, 0, 0, 0, 0, 3, 0, 0, 0
-15, 1, 6, 0, 0, 0, 0, 3, 0, 0, 0
-16, 2, 5, 0, 0, 0, 0, 3, 0, 0, 0
-18, 0, 4, 0, 0, 0, 0, 3, 0, 0, 0
-15, 1, 4, 0, 0, 0, 0, 3, 0, 0, 0
-11, 6, 4, 0, 0, 0, 0, 3, 0, 0, 0
-10, 6, 3, 0, 0, 0, 0, 3, 0, 0, 0
-14, 1, 3, 0, 0, 0, 0, 3, 7760, 1440, 1920
-16, 0, 2, 0, 0, 0, 0, 3, 0, 0, 0
-21, 0, 1, 0, 0, 0, 0, 3, 0, 0, 0
-25, 0, 0, 0, 0, 0, 0, 3, 0, 0, 0
-26, -1, 0, 0, 0, 0, 0, 3, 0, 0, 0
-31, -3, -1, 0, 0, 0, 0, 3, 0, 0, 0
-33, -3, -1, 0, 0, 0, 0, 3, 0, 0, 0
-33, -8, 0, 0, 0, 0, 0, 3, 0, 0, 0
-30, -11, 0, 0, 0, 0, 0, 3, 0, 0, 0
-28, -8, 0, 0, 0, 0, 0, 3, 0, 0, 0
-28, -9, 0, 0, 0, 0, 0, 3, 7840, 1456, 0
-25, -7, 1, 0, 0, 0, 0, 3, 0, 0, 2000
-21, -4, 2, 0, 0, 0, 0, 3, 0, 0, 0
-21, -3, 3, 0, 0, 0, 0, 3, 0, 0, 0
-20, -1, 3, 0, 0, 0, 0, 3, 0, 0, 0
-19, -4, 4, 0, 0, 0, 0, 3, 0, 0, 0
-20, -5, 4, 0, 0, 0, 0, 3, 0, 0, 0
-27, -6, 4, 0, 0, 0, 0, 3, 0, 0, 0
-26, -7, 4, 0, 0, 0, 0, 3, 0, 0, 0
-17, -3, 5, 0, 0, 0, 0, 3, 0, 0, 0
-10, 1, 5, 0, 0, 0, 0, 3, 0, 0, 0
-12, 2, 6, 0, 0, 0, 0, 3, 7840, 1360, 1984
-12, 4, 6, 0, 0, 0, 0, 3, 0, 0, 0
-6, 8, 7, 0, 0, 0, 0, 3, 0, 0, 0
0, 8, 8, 0, 0, 0, 0, 3, 0, 0, 0
0, 7, 9, 0, 0, 0, 0, 3, 0, 0, 0
-3, 6, 10, 0, 0, 0, 0, 3, 0, 0, 0
-11, 5, 11, 0, 0, 0, 0, 3, 0, 0, 0
-13, 5, 12, 0, 0, 0, 0, 3, 0, 0, 0
-9, 7, 12, 0, 0, 0, 0, 3, 0, 0, 0
-11, 4, 14, 0, 0, 0, 0, 3, 0, 0, 0
-16, 0, 14, 0, 0, 0, 0, 3, 7840, 1248, 0
-19, -3, 16, 0, 0, 0, 0, 3, 0, 0, 1920
-19, 0, 16, 0, 0, 0, 0, 3, 0, 0, 0
-16, 4, 18, 0, 0, 0, 0, 3, 0, 0, 0
-10, 6, 20, 0, 0, 0, 0, 3, 0, 0, 0
-7, 7, 23, 0, 0, 0, 0, 3, 0, 0, 0
-7, 6, 25, 0, 0, 0, 0, 3, 0, 0, 0
-2, 5, 27, 0, 0, 0, 0, 3, 0, 0, 0
2, 7, 30, 0, 0, 0, 0, 3, 0, 0, 0
1, 7, 32, 0, 0, 0, 0, 3, 0, 0, 0
-2, 7, 34, 0, 0, 0, 0, 3, 7792, 1184, 1952
-4, 7, 36, 0, 0, 0, 0, 3, 0, 0, 0
-4, 9, 38, 0, 0, 0, 0, 3, 0, 0, 0
0, 11, 39, 0, 0, 0, 0, 3, 0, 0, 0
-1, 11, 41, 0, 0, 0, 0, 3, 0, 0, 0
-2, 9, 42, 0, 0, 0, 0, 3, 0, 0, 0
-4, 5, 42, 0, 0, 0, 0, 3, 0, 0, 0
-11, 0, 43, 0, 0, 0, 0, 3, 0, 0, 0
-16, 0, 44, 0, 0, 0, 0, 3, 0, 0, 0
-13, -1, 44, 0, 0, 0, 0, 3, 0, 0, 0
-4, 3, 44, 0, 0, 0, 0, 3, 7760, 1120, 1904
0, 4, 44, 0, 0, 0, 0, 3, 0, 0, 0
-4, 0, 44, 0, 0, 0, 0, 3, 0, 0, 0
-8, -5, 44, 0, 0, 0, 0, 3, 0, 0, 0
-5, -3, 44, 0, 0, 0, 0, 3, 0, 0, 0
-3, 0, 44, 0, 0, 0, 0, 3, 0, 0, 0
-6, 1, 43, 0, 0, 0, 0, 3, 0, 0, 0
-9, 0, 43, 0, 0, 0, 0, 3, 0, 0, 0
-4, 4, 43, 0, 0, 0, 0, 3, 0, 0, 0
0, 8, 42, 0, 0, 0, 0, 3, 0, 0, 0
-1, 8, 41, 0, 0, 0, 0, 3, 0, 0, 0
-3, 8, 41, 0, 0, 0, 0, 3, 7744, 1024, 1888
-6, 7, 40, 0, 0, 0, 0, 3, 0, 0, 0
0, 5, 38, 0, 0, 0, 0, 3, 0, 0, 0
9, 3, 38, 0, 0, 0, 0, 3, 0, 0, 0
13, 1, 36, 0, 0, 0, 0, 3, 0, 0, 0
10, 0, 35, 0, 0, 0, 0, 3, 0, 0, 0
10, 4, 33, 0, 0, 0, 0, 3, 0, 0, 0
11, 4, 32, 0, 0, 0, 0, 3, 0, 0, 0
9, 2, 29, 0, 0, 0, 0, 3, 0, 0, 0
6, 0, 28, 0, 0, 0, 0, 3, 0, 0, 0
5, 2, 26, 0, 0, 0, 0, 3, 0, 0, 0
2, 4, 25, 0, 0, 0, 0, 3, 7808, 944, 1936
-5, 2, 24, 0, 0, 0, 0, 3, 0, 0, 0
-9, -1, 22, 0, 0, 0, 0, 3, 0, 0, 0
-7, -3, 21, 0, 0, 0, 0, 3, 0, 0, 0
-4, -3, 19, 0, 0, 0, 0, 3, 0, 0, 0
-2, -8, 18, 0, 0, 0, 0, 3, 0, 0, 0
-3, -11, 18, 0, 0, 0, 0, 3, 0, 0, 0
-4, -9, 18, 0, 0, 0, 0, 3, 0, 0, 0
-3, -5, 18, 0, 0, 0, 0, 3, 0, 0, 0
0, -4, 19, 0, 0, 0, 0, 3, 7904, 880, 1968
3, -4, 19, 0, 0, 0, 0, 3, 0, 0, 0
2, -3, 20, 0, 0, 0, 0, 3, 0, 0, 0
1, -1, 20, 0, 0, 0, 0, 3, 0, 0, 0
2, 0, 21, 0, 0, 0, 0, 3, 0, 0, 0
3, 0, 21, 0, 0, 0, 0, 3, 0, 0, 0
5, 3, 22, 0, 0, 0, 0, 3, 0, 0, 0
4, 1, 22, 0, 0, 0, 0, 3, 0, 0, 0
-5, -4, 22, 0, 0, 0, 0, 3, 0, 0, 0
-16, -11, 22, 0, 0, 0, 0, 3, 0, 0, 0
-16, -10, 23, 0, 0, 0, 0, 3, 7840, 784, 1952
-15, -8, 23, 0, 0, 0, 0, 3, 0, 0, 0
-12, -9, 23, 0, 0, 0, 0, 3, 0, 0, 0
-5, -7, 23, 0, 0, 0, 0, 3, 0, 0, 0
0, -5, 23, 0, 0, 0, 0, 3, 0, 0, 0
-3, -6, 23, 0, 0, 0, 0, 3, 0, 0, 0
-4, -10, 21, 0, 0, 0, 0, 3, 0, 0, 0
-4, -12, 21, 0, 0, 0, 0, 3, 0, 0, 0
-17, -14, 20, 0, 0, 0, 0, 3, 0, 0, 0
-25, -12, 19, 0, 0, 0, 0, 3, 0, 0, 0
-10, -4, 17, 0, 0, 0, 0, 3, 0, 0, 0
0, -2, 16, 0, 0, 0, 0, 3, 7872, 800, 2016
0, -5, 14, 0, 0, 0, 0, 3, 0, 0, 0
1, -6, 14, 0, 0, 0, 0, 3, 0, 0, 0
0, -5, 14, 0, 0, 0, 0, 3, 0, 0, 0
-5, -4, 13, 0, 0, 0, 0, 3, 0, 0, 0
-12, -4, 13, 0, 0, 0, 0, 3, 0, 0, 0
-18, -10, 13, 0, 0, 0, 0, 3, 0, 0, 0
-20, -16, 14, 0, 0, 0, 0, 3, 0, 0, 0
-17, -15, 13, 0, 0, 0, 0, 3, 0, 0, 0
-12, -7, 13, 0, 0, 0, 0, 3, 0, 0, 0
-13, -5, 13, 0, 0, 0, 0, 3, 7888, 720, 1952
-11, -7, 12, 0, 0, 0, 0, 3, 0, 0, 0
-4, -5, 12, 0, 0, 0, 0, 3, 0, 0, 0
-7, -6, 11, 0, 0, 0, 0, 3, 0, 0, 0
-10, -9, 11, 0, 0, 0, 0, 3, 0, 0, 0
-11, -11, 11, 0, 0, 0, 0, 3, 0, 0, 0
-7, -7, 10, 0, 0, 0, 0, 3, 0, 0, 0
0, 0, 9, 0, 0, 0, 0, 3, 0, 0, 0
4, 4, 8, 0, 0, 0, 0, 3, 0, 0, 0
-4, 3, 7, 0, 0, 0, 0, 3, 0, 0, 0
-10, 1, 7, 0, 0, 0, 0, 3, 0, 0, 0
-5, 0, 5, 0, 0, 0, 0, 3, 7856, 720, 1952
4, 0, 5, 0, 0, 0, 0, 3, 0, 0, 0
5, -2, 4, 0, 0, 0, 0, 3, 0, 0, 0
1, -7, 4, 0, 0, 0, 0, 3, 0, 0, 0
2, -9, 3, 0, 0, 0, 0, 3, 0, 0, 0
1, -4, 3, 0, 0, 0, 0, 3, 0, 0, 0
-5, 0, 3, 0, 0, 0, 0, 3, 0, 0, 0
-6, 1, 4, 0, 0, 0, 0, 3, 0, 0, 0
-8, 0, 4, 0, 0, 0, 0, 3, 0, 0, 0
-10, -2, 4, 0, 0, 0, 0, 3, 0, 0, 0
-13, -3, 5, 0, 0, 0, 0, 3, 7888, 768, 1968
-18, -1, 6, 0, 0, 0, 0, 3, 0, 0, 0
-19, -1, 7, 0, 0, 0, 0, 3, 0, 0, 0
-15, -3, 7, 0, 0, 0, 0, 3, 0, 0, 0
-11, -7, 7, 0, 0, 0, 0, 3, 0, 0, 0
-9, -9, 7, 0, 0, 0, 0, 3, 0, 0, 0
-12, -9, 8, 0, 0, 0, 0, 3, 0, 0, 0
-10, -6, 8, 0, 0, 0, 0, 3, 0, 0, 0
-5, -2, 8, 0, 0, 0, 0, 3, 0, 0, 0
-4, 0, 7, 0, 0, 0, 0, 3, 0, 0, 0
-8, 3, 7, 0, 0, 0, 0, 3, 0, 0, 0
-16, 0, 5, 0, 0, 0, 0, 3, 7856, 752, 1936
-9, 3, 4, 0, 0, 0, 0, 3, 0, 0, 0
3, 8, 4, 0, 0, 0, 0, 3, 0, 0, 0
10, 9, 2, 0, 0, 0, 0, 3, 0, 0, 0
11, 11, 1, 0, 0, 0, 0, 3, 0, 0, 0
2, 10, 0, 0, 0, 0, 0, 3, 0, 0, 0
-11, 8, 0, 0, 0, 0, 0, 3, 0, 0, 0
-29, 7, 0, 0, 0, 0, 0, 3, 0, 0, 0
-34, 3, 0, 0, 0, 0, 0, 3, 0, 0, 0
-14, 2, 0, 0, 0, 0, 0, 3, 7840, 752, 1952
6, 8, 0, 0, 0, 0, 0, 3, 0, 0, 0
12, 10, 0, 0, 0, 0, 0, 3, 0, 0, 0
1, 4, 1, 0, 0, 0, 0, 3, 0, 0, 0
-3, 4, 1, 0, 0, 0, 0, 3, 0, 0, 0
2, 13, 2, 0, 0, 0, 0, 3, 0, 0, 0
2, 14, 2, 0, 0, 0, 0, 3, 0, 0, 0
-8, 10, 2, 0, 0, 0, 0, 3, 0, 0, 0
-16, 8, 2, 0, 0, 0, 0, 3, 0, 0, 0
-14, 7, 2, 0, 0, 0, 0, 3, 0, 0, 0
-6, 9, 1, 0, 0, 0, 0, 3, 7856, 752, 0
-2, 9, 1, 0, 0, 0, 0, 3, 0, 0, 1872
-2, 8, 0, 0, 0, 0, 0, 3, 0, 0, 0
-12, 4, 0, 0, 0, 0, 0, 3, 0, 0, 0
-15, 6, 0, 0, 0, 0, 0, 3, 0, 0, 0
-10, 11, 0, 0, 0, 0, 0, 3, 0, 0, 0
-8, 10, 0, 0, 0, 0, 0, 3, 0, 0, 0
-4, 11, 1, 0, 0, 0, 0, 3, 0, 0, 0
1, 16, 2, 0, 0, 0, 0, 3, 0, 0, 0
9, 22, 3, 0, 0, 0, 0, 3, 0, 0, 0
9, 23, 5, 0, 0, 0, 0, 3, 0, 0, 0
0, 20, 6, 0, 0, 0, 0, 3, 7888, 736, 1920
-3, 18, 8, 0, 0, 0, 0, 3, 0, 0, 0
0, 16, 9, 0, 0, 0, 0, 3, 0, 0, 0
0, 12, 11, 0, 0, 0, 0, 3, 0, 0, 0
-1, 12, 12, 0, 0, 0, 0, 3, 0, 0, 0
-2, 17, 14, 0, 0, 0, 0, 3, 0, 0, 0
-4, 18, 16, 0, 0, 0, 0, 3, 0, 0, 0
-3, 18, 18, 0, 0, 0, 0, 3, 0, 0, 0
0, 16, 20, 0, 0, 0, 0, 3, 0, 0, 0
1, 16, 22, 0, 0, 0, 0, 3, 0, 0, 0
0, 15, 24, 0, 0, 0, 0, 3, 7872, 816, 0
-3, 13, 25, 0, 0, 0, 0, 3, 0, 0, 1904
-2, 8, 28, 0, 0, 0, 0, 3, 0, 0, 0
-8, 5, 30, 0, 0, 0, 0, 3, 0, 0, 0
-11, 9, 32, 0, 0, 0, 0, 3, 0, 0, 0
-11, 15, 34, 0, 0, 0, 0, 3, 0, 0, 0
-1, 21, 36, 0, 0, 0, 0, 3, 0, 0, 0
7, 23, 37, 0, 0, 0, 0, 3, 0, 0, 0
9, 24, 38, 0, 0, 0, 0, 3, 0, 0, 0
4, 18, 40, 0, 0, 0, 0, 3, 0, 0, 0
1, 15, 41, 0, 0, 0, 0, 3, 7856, 800, 1984
-2, 13, 42, 0, 0, 0, 0, 3, 0, 0, 0
-4, 16, 42, 0, 0, 0, 0, 3, 0, 0, 0
-7, 20, 44, 0, 0, 0, 0, 3, 0, 0, 0
-7, 20, 46, 0, 0, 0, 0, 3, 0, 0, 0
4, 24, 47, 0, 0, 0, 0, 3, 0, 0, 0
4, 24, 49, 0, 0, 0, 0, 3, 0, 0, 0
2, 25, 51, 0, 0, 0, 0, 3, 0, 0, 0
2, 25, 53, 0, 0, 0, 0, 3, 0, 0, 0
0, 20, 54, 0, 0, 0, 0, 3, 0, 0, 0
-3, 18, 56, 0, 0, 0, 0, 3, 7808, 752, 1936
-2, 20, 57, 0, 0, 0, 0, 3, 0, 0, 0
0, 22, 58, 0, 0, 0, 0, 3, 0, 0, 0
0, 23, 58, 0, 0, 0, 0, 3, 0, 0, 0
-4, 22, 59, 0, 0, 0, 0, 3, 0, 0, 0
-13, 16, 59, 0, 0, 0, 0, 3, 0, 0, 0
-14, 16, 59, 0, 0, 0, 0, 3, 0, 0, 0
-8, 18, 59, 0, 0, 0, 0, 3, 0, 0, 0
-4, 17, 59, 0, 0, 0, 0, 3, 0, 0, 0
-9, 15, 58, 0, 0, 0, 0, 3, 0, 0, 0
-12, 16, 58, 0, 0, 0, 0, 3, 0, 0, 0
-8, 21, 58, 0, 0, 0, 0, 3, 7808, 784, 1936
-9, 23, 57, 0, 0, 0, 0, 3, 0, 0, 0
-11, 28, 57, 0, 0, 0, 0, 3, 0, 0, 0
-17, 31, 55, 0, 0, 0, 0, 3, 0, 0, 0
-26, 29, 54, 0, 0, 0, 0, 3, 0, 0, 0
-33, 24, 53, 0, 0, 0, 0, 3, 0, 0, 0
-38, 17, 53, 0, 0, 0, 0, 3, 0, 0, 0
-40, 14, 51, 0, 0, 0, 0, 3, 0, 0, 0
-44, 19, 50, 0, 0, 0, 0, 3, 0, 0, 0
-52, 25, 48, 0, 0, 0, 0, 3, 0, 0, 0
-56, 26, 46, 0, 0, 0, 0, 3, 7840, 784, 2016
-49, 26, 45, 0, 0, 0, 0, 3, 0, 0, 0
-41, 25, 43, 0, 0, 0, 0, 3, 0, 0, 0
-43, 22, 42, 0, 0, 0, 0, 3, 0, 0, 0
-47, 22, 40, 0, 0, 0, 0, 3, 0, 0, 0
-58, 24, 38, 0, 0, 0, 0, 3, 0, 0, 0
-68, 23, 36, 0, 0, 0, 0, 3, 0, 0, 0
-67, 19, 34, 0, 0, 0, 0, 3, 0, 0, 0
-56, 17, 31, 0, 0, 0, 0, 3, 0, 0, 0
-48, 19, 29, 0, 0, 0, 0, 3, 0, 0, 0
-49, 20, 27, 0, 0, 0, 0, 3, 7824, 784, 2016
-50, 24, 25, 0, 0, 0, 0, 3, 0, 0, 0
-50, 25, 24, 0, 0, 0, 0, 3, 0, 0, 0
-53, 23, 22, 0, 0, 0, 0, 3, 0, 0, 0
-52, 20, 21, 0, 0, 0, 0, 3, 0, 0, 0
-53, 15, 19, 0, 0, 0, 0, 3, 0, 0, 0
-57, 16, 18, 0, 0, 0, 0, 3, 0, 0, 0
-59, 17, 16, 0, 0, 0, 0, 3, 0, 0, 0
-57, 20, 16, 0, 0, 0, 0, 3, 0, 0, 0
-56, 19, 15, 0, 0, 0, 0, 3, 0, 0, 0
-57, 16, 15, 0, 0, 0, 0, 3, 7824, 816, 0
-54, 12, 15, 0, 0, 0, 0, 3, 0, 0, 2016
-48, 13, 15, 0, 0, 0, 0, 3, 0, 0, 0
-46, 20, 15, 0, 0, 0, 0, 3, 0, 0, 0
-42, 26, 16, 0, 0, 0, 0, 3, 0, 0, 0
-35, 27, 16, 0, 0, 0, 0, 3, 0, 0, 0
-30, 29, 16, 0, 0, 0, 0, 3, 0, 0, 0
-30, 29, 16, 0, 0, 0, 0, 3, 0, 0, 0
-32, 26, 17, 0, 0, 0, 0, 3, 0, 0, 0
-37, 22, 17, 0, 0, 0, 0, 3, 0, 0, 0
-38, 15, 17, 0, 0, 0, 0, 3, 0, 0, 0
-36, 15, 17, 0, 0, 0, 0, 3, 7856, 800, 2000
-29, 21, 17, 0, 0, 0, 0, 3, 0, 0, 0
-26, 24, 17, 0, 0, 0, 0, 3, 0, 0, 0
-28, 24, 16, 0, 0, 0, 0, 3, 0, 0, 0
-30, 20, 15, 0, 0, 0, 0, 3, 0, 0, 0
-32, 15, 14, 0, 0, 0, 0, 3, 0, 0, 0
-33, 12, 13, 0, 0, 0, 0, 3, 0, 0, 0
-39, 8, 11, 0, 0, 0, 0, 3, 0, 0, 0
-38, 15, 10, 0, 0, 0, 0, 3, 0, 0, 0
-28, 28, 8, 0, 0, 0, 0, 3, 0, 0, 0
-20, 37, 8, 0, 0, 0, 0, 3, 7856, 768, 2000
-11, 45, 7, 0, 0, 0, 0, 3, 0, 0, 0
-6, 49, 7, 0, 0, 0, 0, 3, 0, 0, 0
3, 58, 7, 0, 0, 0, 0, 3, 0, 0, 0
5, 62, 7, 0, 0, 0, 0, 3, 0, 0, 0
-3, 58, 8, 0, 0, 0, 0, 3, 0, 0, 0
-8, 53, 8, 0, 0, 0, 0, 3, 0, 0, 0
-6, 53, 9, 0, 0, 0, 0, 3, 0, 0, 0
-3, 54, 10, 0, 0, 0, 0, 3, 0, 0, 0
-1, 52, 11, 0, 0, 0, 0, 3, 0, 0, 0
0, 49, 11, 0, 0, 0, 0, 3, 7888, 752, 1936
-1, 49, 12, 0, 0, 0, 0, 3, 0, 0, 0
-16, 42, 12, 0, 0, 0, 0, 3, 0, 0, 0
-18, 36, 12, 0, 0, 0, 0, 3, 0, 0, 0
-4, 40, 12, 0, 0, 0, 0, 3, 0, 0, 0
8, 46, 12, 0, 0, 0, 0, 3, 0, 0, 0
8, 48, 11, 0, 0, 0, 0, 3, 0, 0, 0
8, 46, 10, 0, 0, 0, 0, 3, 0, 0, 0
-1, 39, 8, 0, 0, 0, 0, 3, 0, 0, 0
-14, 27, 8, 0, 0, 0, 0, 3, 0, 0, 0
-23, 20, 6, 0, 0, 0, 0, 3, 0, 0, 0
-24, 17, 5, 0, 0, 0, 0, 3, 7872, 752, 1872
-19, 18, 4, 0, 0, 0, 0, 3, 0, 0, 0
-16, 19, 3, 0, 0, 0, 0, 3, 0, 0, 0
-18, 20, 4, 0, 0, 0, 0, 3, 0, 0, 0
-24, 16, 3, 0, 0, 0, 0, 3, 0, 0, 0
-23, 13, 4, 0, 0, 0, 0, 3, 0, 0, 0
-15, 20, 4, 0, 0, 0, 0, 3, 0, 0, 0
-11, 24, 4, 0, 0, 0, 0, 3, 0, 0, 0
-12, 24, 4, 0, 0, 0, 0, 3, 0, 0, 0
-18, 20, 5, 0, 0, 0, 0, 3, 0, 0, 0
-21, 16, 5, 0, 0, 0, 0, 3, 7856, 768, 0
-18, 16, 5, 0, 0, 0, 0, 3, 0, 0, 1920
-12, 17, 5, 0, 0, 0, 0, 3, 0, 0, 0
-10, 18, 5, 0, 0, 0, 0, 3, 0, 0, 0
-12, 13, 5, 0, 0, 0, 0, 3, 0, 0, 0
-19, 5, 5, 0, 0, 0, 0, 3, 0, 0, 0
-14, 12, 5, 0, 0, 0, 0, 3, 0, 0, 0
-9, 21, 4, 0, 0, 0, 0, 3, 0, 0, 0
-7, 22, 4, 0, 0, 0, 0, 3, 0, 0, 0
-7, 17, 2, 0, 0, 0, 0, 3, 0, 0, 0
-6, 16, 1, 0, 0, 0, 0, 3, 7920, 752, 1904
-12, 15, 0, 0, 0, 0, 0, 3, 0, 0, 0
-9, 18, 0, 0, 0, 0, 0, 3, 0, 0, 0
-6, 21, -2, 0, 0, 0, 0, 3, 0, 0, 0
-1, 23, -3, 0, 0, 0, 0, 3, 0, 0, 0
-4, 22, -4, 0, 0, 0, 0, 3, 0, 0, 0
-6, 21, -4, 0, 0, 0, 0, 3, 0, 0, 0
-10, 23, -4, 0, 0, 0, 0, 3, 0, 0, 0
-10, 25, -3, 0, 0, 0, 0, 3, 0, 0, 0
-4, 26, -2, 0, 0, 0, 0, 3, 0, 0, 0
-6, 22, -2, 0, 0, 0, 0, 3, 7904, 704, 1952
-11, 21, 0, 0, 0, 0, 0, 3, 0, 0, 0
-4, 24, 0, 0, 0, 0, 0, 3, 0, 0, 0
7, 29, 0, 0, 0, 0, 0, 3, 0, 0, 0
11, 30, 0, 0, 0, 0, 0, 3, 0, 0, 0
2, 21, 1, 0, 0, 0, 0, 3, 0, 0, 0
-13, 9, 2, 0, 0, 0, 0, 3, 0, 0, 0
-22, 4, 3, 0, 0, 0, 0, 3, 0, 0, 0
-16, 8, 3, 0, 0, 0, 0, 3, 0, 0, 0
-5, 16, 4, 0, 0, 0, 0, 3, 0, 0, 0
1, 18, 4, 0, 0, 0, 0, 3, 0, 0, 0
-3, 10, 5, 0, 0, 0, 0, 3, 7920, 688, 1952
-15, 2, 5, 0, 0, 0, 0, 3, 0, 0, 0
-23, 2, 4, 0, 0, 0, 0, 3, 0, 0, 0
-21, 4, 4, 0, 0, 0, 0, 3, 0, 0, 0
-7, 10, 4, 0, 0, 0, 0, 3, 0, 0, 0
6, 19, 4, 0, 0, 0, 0, 3, 0, 0, 0
13, 23, 4, 0, 0, 0, 0, 3, 0, 0, 0
8, 19, 4, 0, 0, 0, 0, 3, 0, 0, 0
1, 14, 4, 0, 0, 0, 0, 3, 0, 0, 0
-5, 13, 6, 0, 0, 0, 0, 3, 0, 0, 0
-9, 12, 8, 0, 0, 0, 0, 3, 7888, 720, 1952
-12, 10, 10, 0, 0, 0, 0, 3, 0, 0, 0
-14, 8, 12, 0, 0, 0, 0, 3, 0, 0, 0
-13, 10, 15, 0, 0, 0, 0, 3, 0, 0, 0
-10, 12, 18, 0, 0, 0, 0, 3, 0, 0, 0
-7, 13, 21, 0, 0, 0, 0, 3, 0, 0, 0
0, 17, 24, 0, 0, 0, 0, 3, 0, 0, 0
-1, 17, 26, 0, 0, 0, 0, 3, 0, 0, 0
-10, 10, 29, 0, 0, 0, 0, 3, 0, 0, 0
-16, 3, 32, 0, 0, 0, 0, 3, 0, 0, 0
-19, 0, 34, 0, 0, 0, 0, 3, 7872, 704, 1984
-20, 5, 37, 0, 0, 0, 0, 3, 0, 0, 0
-15, 14, 39, 0, 0, 0, 0, 3, 0, 0, 0
-16, 16, 41, 0, 0, 0, 0, 3, 0, 0, 0
-21, 15, 43, 0, 0, 0, 0, 3, 0, 0, 0
-21, 13, 45, 0, 0, 0, 0, 3, 0, 0, 0
-29, 6, 46, 0, 0, 0, 0, 3, 0, 0, 0
-38, 0, 47, 0, 0, 0, 0, 3, 0, 0, 0
-37, 0, 48, 0, 0, 0, 0, 3, 0, 0, 0
-34, 4, 49, 0, 0, 0, 0, 3, 0, 0, 0
-34, 11, 49, 0, 0, 0, 0, 3, 7856, 672, 1984
-38, 11, 50, 0, 0, 0, 0, 3, 0, 0, 0
-44, 10, 50, 0, 0, 0, 0, 3, 0, 0, 0
-46, 10, 51, 0, 0, 0, 0, 3, 0, 0, 0
-47, 10, 52, 0, 0, 0, 0, 3, 0, 0, 0
-47, 10, 54, 0, 0, 0, 0, 3, 0, 0, 0
-50, 8, 55, 0, 0, 0, 0, 3, 0, 0, 0
-55, 4, 56, 0, 0, 0, 0, 3, 0, 0, 0
-52, 4, 57, 0, 0, 0, 0, 3, 0, 0, 0
-50, 3, 59, 0, 0, 0, 0, 3, 0, 0, 0
-50, 6, 59, 0, 0, 0, 0, 3, 0, 0, 0
-49, 10, 59, 0, 0, 0, 0, 3, 7872, 688, 1952
-46, 13, 59, 0, 0, 0, 0, 3, 0, 0, 0
-42, 18, 59, 0, 0, 0, 0, 3, 0, 0, 0
-44, 16, 59, 0, 0, 0, 0, 3, 0, 0, 0
-50, 14, 59, 0, 0, 0, 0, 3, 0, 0, 0
-56, 15, 59, 0, 0, 0, 0, 3, 0, 0, 0
-60, 15, 58, 0, 0, 0, 0, 3, 0, 0, 0
-60, 16, 58, 0, 0, 0, 0, 3, 0, 0, 0
-57, 16, 57, 0, 0, 0, 0, 3, 0, 0, 0
-56, 11, 57, 0, 0, 0, 0, 3, 0, 0, 0
-60, 8, 56, 0, 0, 0, 0, 3, 7840, 672, 0
-68, 3, 55, 0, 0, 0, 0, 3, 0, 0, 1920
-66, 5, 54, 0, 0, 0, 0, 3, 0, 0, 0
-62, 7, 53, 0, 0, 0, 0, 3, 0, 0, 0
-72, 0, 51, 0, 0, 0, 0, 3, 0, 0, 0
-73, -1, 50, 0, 0, 0, 0, 3, 0, 0, 0
-63, 5, 47, 0, 0, 0, 0, 3, 0, 0, 0
-46, 17, 46, 0, 0, 0, 0, 3, 0, 0, 0
-44, 17, 44, 0, 0, 0, 0, 3, 0, 0, 0
-56, 5, 42, 0, 0, 0, 0, 3, 0, 0, 0
-65, 0, 40, 0, 0, 0, 0, 3, 7840, 752, 1920
-71, -2, 38, 0, 0, 0, 0, 3, 0, 0, 0
-63, 1, 37, 0, 0, 0, 0, 3, 0, 0, 0
-55, 4, 34, 0, 0, 0, 0, 3, 0, 0, 0
-66, -1, 33, 0, 0, 0, 0, 3, 0, 0, 0
-72, 0, 31, 0, 0, 0, 0, 3, 0, 0, 0
-72, 5, 29, 0, 0, 0, 0, 3, 0, 0, 0
-71, 5, 27, 0, 0, 0, 0, 3, 0, 0, 0
-65, 3, 25, 0, 0, 0, 0, 3, 0, 0, 0
-58, 1, 22, 0, 0, 0, 0, 3, 0, 0, 0
-57, 0, 20, 0, 0, 0, 0, 3, 0, 0, 0
-57, 2, 18, 0, 0, 0, 0, 3, 7904, 720, 0
-56, 4, 16, 0, 0, 0, 0, 3, 0, 0, 1920
-60, 0, 15, 0, 0, 0, 0, 3, 0, 0, 0
-63, -1, 14, 0, 0, 0, 0, 3, 0, 0, 0
-59, -1, 13, 0, 0, 0, 0, 3, 0, 0, 0
-54, -1, 11, 0, 0, 0, 0, 3, 0, 0, 0
-46, 0, 10, 0, 0, 0, 0, 3, 0, 0, 0
-36, 6, 9, 0, 0, 0, 0, 3, 0, 0, 0
-31, 7, 9, 0, 0, 0, 0, 3, 0, 0, 0
-28, 5, 8, 0, 0, 0, 0, 3, 0, 0, 0
-25, 4, 8, 0, 0, 0, 0, 3, 7904, 672, 1936
-23, 4, 8, 0, 0, 0, 0, 3, 0, 0, 0
-26, 1, 8, 0, 0, 0, 0, 3, 0, 0, 0
-35, -3, 9, 0, 0, 0, 0, 3, 0, 0, 0
-37, -5, 10, 0, 0, 0, 0, 3, 0, 0, 0
-37, -10, 11, 0, 0, 0, 0, 3, 0, 0, 0
-42, -18, 11, 0, 0, 0, 0, 3, 0, 0, 0
-41, -17, 12, 0, 0, 0, 0, 3, 0, 0, 0
-31, -11, 13, 0, 0, 0, 0, 3, 0, 0, 0
-23, -10, 14, 0, 0, 0, 0, 3, 0, 0, 0
-20, -15, 15, 0, 0, 0, 0, 3, 7920, 720, 1840
-21, -16, 16, 0, 0, 0, 0, 3, 0, 0, 0
-29, -15, 16, 0, 0, 0, 0, 3, 0, 0, 0
-34, -14, 16, 0, 0, 0, 0, 3, 0, 0, 0
-33, -13, 16, 0, 0, 0, 0, 3, 0, 0, 0
-28, -17, 16, 0, 0, 0, 0, 3, 0, 0, 0
-16, -12, 16, 0, 0, 0, 0, 3, 0, 0, 0
-12, -12, 15, 0, 0, 0, 0, 3, 0, 0, 0
-9, -12, 14, 0, 0, 0, 0, 3, 0, 0, 0
-5, -11, 12, 0, 0, 0, 0, 3, 0, 0, 0
-8, -9, 12, 0, 0, 0, 0, 3, 7936, 688, 1936
-16, -14, 10, 0, 0, 0, 0, 3, 0, 0, 0
-15, -17, 9, 0, 0, 0, 0, 3, 0, 0, 0
-17, -17, 7, 0, 0, 0, 0, 3, 0, 0, 0
-15, -13, 6, 0, 0, 0, 0, 3, 0, 0, 0
-13, -16, 6, 0, 0, 0, 0, 3, 0, 0, 0
-8, -16, 5, 0, 0, 0, 0, 3, 0, 0, 0
-6, -13, 5, 0, 0, 0, 0, 3, 0, 0, 0
-8, -14, 5, 0, 0, 0, 0, 3, 0, 0, 0
-4, -10, 5, 0, 0, 0, 0, 3, 0, 0, 0
2, -4, 5, 0, 0, 0, 0, 3, 0, 0, 0
9, 1, 5, 0, 0, 0, 0, 3, 7888, 720, 1936
13, 4, 5, 0, 0, 0, 0, 3, 0, 0, 0
10, 0, 5, 0, 0, 0, 0, 3, 0, 0, 0
10, -2, 5, 0, 0, 0, 0, 3, 0, 0, 0
2, -6, 5, 0, 0, 0, 0, 3, 0, 0, 0
-6, -13, 4, 0, 0, 0, 0, 3, 0, 0, 0
-9, -17, 4, 0, 0, 0, 0, 3, 0, 0, 0
-6, -15, 3, 0, 0, 0, 0, 3, 0, 0, 0
-4, -20, 1, 0, 0, 0, 0, 3, 0, 0, 0
-7, -22, 0, 0, 0, 0, 0, 3, 0, 0, 0
-8, -18, 0, 0, 0, 0, 0, 3, 7872, 784, 1984
-5, -13, -1, 0, 0, 0, 0, 3, 0, 0, 0
-9, -18, -2, 0, 0, 0, 0, 3, 0, 0, 0
-6, -18, -2, 0, 0, 0, 0, 3, 0, 0, 0
3, -12, -2, 0, 0, 0, 0, 3, 0, 0, 0
5, -9, -2, 0, 0, 0, 0, 3, 0, 0, 0
-1, -16, -2, 0, 0, 0, 0, 3, 0, 0, 0
-6, -19, -2, 0, 0, 0, 0, 3, 0, 0, 0
-9, -20, -2, 0, 0, 0, 0, 3, 0, 0, 0
-7, -17, -1, 0, 0, 0, 0, 3, 0, 0, 0
-8, -16, -1, 0, 0, 0, 0, 3, 7856, 736, 1984
-5, -15, -1, 0, 0, 0, 0, 3, 0, 0, 0
3, -11, -1, 0, 0, 0, 0, 3, 0, 0, 0
11, -6, 0, 0, 0, 0, 0, 3, 0, 0, 0
16, -1, 0, 0, 0, 0, 0, 3, 0, 0, 0
7, -8, 0, 0, 0, 0, 0, 3, 0, 0, 0
3, -11, 0, 0, 0, 0, 0, 3, 0, 0, 0
0, -14, -1, 0, 0, 0, 0, 3, 0, 0, 0
-2, -15, -1, 0, 0, 0, 0, 3, 0, 0, 0
-4, -17, -2, 0, 0, 0, 0, 3, 0, 0, 0
-3, -19, -3, 0, 0, 0, 0, 3, 7888, 720, 0
-1, -21, -4, 0, 0, 0, 0, 3, 0, 0, 1984
5, -16, -4, 0, 0, 0, 0, 3, 0, 0, 0
6, -13, -5, 0, 0, 0, 0, 3, 0, 0, 0
4, -12, -6, 0, 0, 0, 0, 3, 0, 0, 0
2, -15, -6, 0, 0, 0, 0, 3, 0, 0, 0
1, -15, -5, 0, 0, 0, 0, 3, 0, 0, 0
3, -9, -4, 0, 0, 0, 0, 3, 0, 0, 0
-2, -10, -4, 0, 0, 0, 0, 3, 0, 0, 0
4, -7, -3, 0, 0, 0, 0, 3, 0, 0, 0
4, -8, -3, 0, 0, 0, 0, 3, 0, 0, 0
0, -17, -2, 0, 0, 0, 0, 3, 7920, 688, 1936
-4, -25, -2, 0, 0, 0, 0, 3, 0, 0, 0
-4, -25, -1, 0, 0, 0, 0, 3, 0, 0, 0
-1, -21, 0, 0, 0, 0, 0, 3, 0, 0, 0
2, -17, 0, 0, 0, 0, 0, 3, 0, 0, 0
0, -19, 0, 0, 0, 0, 0, 3, 0, 0, 0
-8, -22, 0, 0, 0, 0, 0, 3, 0, 0, 0
-18, -20, 0, 0, 0, 0, 0, 3, 0, 0, 0
-19, -17, 0, 0, 0, 0, 0, 3, 0, 0, 0
-7, -15, 0, 0, 0, 0, 0, 3, 0, 0, 0
0, -16, 0, 0, 0, 0, 0, 3, 0, 0, 0
5, -14, 0, 0, 0, 0, 0, 3, 7856, 720, 1920
1, -20, 0, 0, 0, 0, 0, 3, 0, 0, 0
-8, -25, 1, 0, 0, 0, 0, 3, 0, 0, 0
-9, -21, 3, 0, 0, 0, 0, 3, 0, 0, 0
-2, -11, 5, 0, 0, 0, 0, 3, 0, 0, 0
0, -5, 7, 0, 0, 0, 0, 3, 0, 0, 0
0, -3, 9, 0, 0, 0, 0, 3, 0, 0, 0
0, 0, 12, 0, 0, 0, 0, 3, 0, 0, 0
0, 1, 14, 0, 0, 0, 0, 3, 0, 0, 0
-4, 2, 16, 0, 0, 0, 0, 3, 7856, 704, 2000
-13, 2, 18, 0, 0, 0, 0, 3, 0, 0, 0
-31, 0, 20, 0, 0, 0, 0, 3, 0, 0, 0
-37, 1, 23, 0, 0, 0, 0, 3, 0, 0, 0
-32, 3, 25, 0, 0, 0, 0, 3, 0, 0, 0
-29, 3, 28, 0, 0, 0, 0, 3, 0, 0, 0
-30, 2, 29, 0, 0, 0, 0, 3, 0, 0, 0
-31, 2, 32, 0, 0, 0, 0, 3, 0, 0, 0
-38, 0, 34, 0, 0, 0, 0, 3, 0, 0, 0
-42, -2, 36, 0, 0, 0, 0, 3, 0, 0, 0
-43, -3, 38, 0, 0, 0, 0, 3, 0, 0, 0
-43, -3, 40, 0, 0, 0, 0, 3, 7872, 688, 2000
-41, -4, 42, 0, 0, 0, 0, 3, 0, 0, 0
-37, -2, 44, 0, 0, 0, 0, 3, 0, 0, 0
-35, -1, 45, 0, 0, 0, 0, 3, 0, 0, 0
-31, 0, 46, 0, 0, 0, 0, 3, 0, 0, 0
-30, -5, 46, 0, 0, 0, 0, 3, 0, 0, 0
-31, -10, 47, 0, 0, 0, 0, 3, 0, 0, 0
-33, -13, 47, 0, 0, 0, 0, 3, 0, 0, 0
-35, -16, 48, 0, 0, 0, 0, 3, 0, 0, 0
-41, -16, 49, 0, 0, 0, 0, 3, 0, 0, 0
-42, -16, 49, 0, 0, 0, 0, 3, 7872, 672, 2032
-37, -14, 50, 0, 0, 0, 0, 3, 0, 0, 0
-39, -12, 51, 0, 0, 0, 0, 3, 0, 0, 0
-40, -10, 52, 0, 0, 0, 0, 3, 0, 0, 0
-37, -12, 54, 0, 0, 0, 0, 3, 0, 0, 0
-32, -14, 55, 0, 0, 0, 0, 3, 0, 0, 0
-30, -15, 56, 0, 0, 0, 0, 3, 0, 0, 0
-29, -12, 57, 0, 0, 0, 0, 3, 0, 0, 0
-25, -8, 58, 0, 0, 0, 0, 3, 0, 0, 0
-18, -5, 59, 0, 0, 0, 0, 3, 0, 0, 0
-13, -6, 59, 0, 0, 0, 0, 3, 7904, 656, 2064
-13, -8, 59, 0, 0, 0, 0, 3, 0, 0, 0
-15, -11, 59, 0, 0, 0, 0, 3, 0, 0, 0
-17, -8, 59, 0, 0, 0, 0, 3, 0, 0, 0
-18, -1, 58, 0, 0, 0, 0, 3, 0, 0, 0
-22, 0, 58, 0, 0, 0, 0, 3, 0, 0, 0
-20, 0, 57, 0, 0, 0, 0, 3, 0, 0, 0
-12, 4, 56, 0, 0, 0, 0, 3, 0, 0, 0
-3, 8, 54, 0, 0, 0, 0, 3, 0, 0, 0
2, 8, 54, 0, 0, 0, 0, 3, 0, 0, 0
0, 7, 52, 0, 0, 0, 0, 3, 7920, 656, 2048
-6, 6, 51, 0, 0, 0, 0, 3, 0, 0, 0
-14, 6, 50, 0, 0, 0, 0, 3, 0, 0, 0
-17, 5, 49, 0, 0, 0, 0, 3, 0, 0, 0
-15, 4, 47, 0, 0, 0, 0, 3, 0, 0, 0
-9, 2, 46, 0, 0, 0, 0, 3, 0, 0, 0
-8, -1, 43, 0, 0, 0, 0, 3, 0, 0, 0
-6, 0, 42, 0, 0, 0, 0, 3, 0, 0, 0
-4, 4, 39, 0, 0, 0, 0, 3, 0, 0, 0
-1, 8, 37, 0, 0, 0, 0, 3, 0, 0, 0
-3, 10, 35, 0, 0, 0, 0, 3, 0, 0, 0
-8, 8, 33, 0, 0, 0, 0, 3, 7856, 624, 2064
-12, 6, 30, 0, 0, 0, 0, 3, 0, 0, 0
-13, 5, 28, 0, 0, 0, 0, 3, 0, 0, 0
-16, 4, 27, 0, 0, 0, 0, 3, 0, 0, 0
-15, 3, 25, 0, 0, 0, 0, 3, 0, 0, 0
-16, 3, 25, 0, 0, 0, 0, 3, 0, 0, 0
-17, 4, 23, 0, 0, 0, 0, 3, 0, 0, 0
-17, 3, 22, 0, 0, 0, 0, 3, 0, 0, 0
-15, 1, 20, 0, 0, 0, 0, 3, 0, 0, 0
-12, 4, 19, 0, 0, 0, 0, 3, 0, 0, 0
-12, 4, 17, 0, 0, 0, 0, 3, 7872, 640, 2080
-16, 4, 15, 0, 0, 0, 0, 3, 0, 0, 0
-18, 2, 14, 0, 0, 0, 0, 3, 0, 0, 0
-16, 0, 12, 0, 0, 0, 0, 3, 0, 0, 0
-12, 4, 12, 0, 0, 0, 0, 3, 0, 0, 0
-10, 12, 10, 0, 0, 0, 0, 3, 0, 0, 0
-7, 15, 9, 0, 0, 0, 0, 3, 0, 0, 0
-5, 14, 8, 0, 0, 0, 0, 3, 0, 0, 0
-9, 12, 8, 0, 0, 0, 0, 3, 0, 0, 0
-17, 10, 7, 0, 0, 0, 0, 3, 0, 0, 0
-12, 11, 7, 0, 0, 0, 0, 3, 7856, 656, 2032
-10, 12, 7, 0, 0, 0, 0, 3, 0, 0, 0
-10, 11, 8, 0, 0, 0, 0, 3, 0, 0, 0
-5, 10, 8, 0, 0, 0, 0, 3, 0, 0, 0
-5, 11, 9, 0, 0, 0, 0, 3, 0, 0, 0
-5, 15, 10, 0, 0, 0, 0, 3, 0, 0, 0
-5, 17, 11, 0, 0, 0, 0, 3, 0, 0, 0
-7, 18, 12, 0, 0, 0, 0, 3, 0, 0, 0
-9, 13, 12, 0, 0, 0, 0, 3, 0, 0, 0
-14, 11, 13, 0, 0, 0, 0, 3, 0, 0, 0
-17, 10, 13, 0, 0, 0, 0, 3, 0, 0, 0
-13, 10, 14, 0, 0, 0, 0, 3, 7824, 640, 2048
-12, 8, 14, 0, 0, 0, 0, 3, 0, 0, 0
-15, 7, 14, 0, 0, 0, 0, 3, 0, 0, 0
-16, 10, 14, 0, 0, 0, 0, 3, 0, 0, 0
-15, 12, 14, 0, 0, 0, 0, 3, 0, 0, 0
-16, 13, 13, 0, 0, 0, 0, 3, 0, 0, 0
-15, 12, 13, 0, 0, 0, 0, 3, 0, 0, 0
-10, 10, 12, 0, 0, 0, 0, 3, 0, 0, 0
-11, 10, 12, 0, 0, 0, 0, 3, 0, 0, 0
-14, 12, 11, 0, 0, 0, 0, 3, 0, 0, 0
-17, 15, 11, 0, 0, 0, 0, 3, 7888, 640, 2000
-19, 18, 10, 0, 0, 0, 0, 3, 0, 0, 0
-18, 15, 10, 0, 0, 0, 0, 3, 0, 0, 0
-17, 15, 10, 0, 0, 0, 0, 3, 0, 0, 0
-18, 15, 9, 0, 0, 0, 0, 3, 0, 0, 0
-13, 15, 8, 0, 0, 0, 0, 3, 0, 0, 0
-6, 18, 8, 0, 0, 0, 0, 3, 0, 0, 0
-3, 21, 7, 0, 0, 0, 0, 3, 0, 0, 0
3, 28, 6, 0, 0, 0, 0, 3, 0, 0, 0
13, 37, 5, 0, 0, 0, 0, 3, 0, 0, 0
20, 43, 4, 0, 0, 0, 0, 3, 0, 0, 0
25, 47, 4, 0, 0, 0, 0, 3, 7920, 592, 2016
29, 48, 4, 0, 0, 0, 0, 3, 0, 0, 0
19, 39, 3, 0, 0, 0, 0, 3, 0, 0, 0
8, 30, 3, 0, 0, 0, 0, 3, 0, 0, 0
-3, 24, 2, 0, 0, 0, 0, 3, 0, 0, 0
-15, 18, 2, 0, 0, 0, 0, 3, 0, 0, 0
-21, 13, 1, 0, 0, 0, 0, 3, 0, 0, 0
-21, 11, 1, 0, 0, 0, 0, 3, 0, 0, 0
-14, 13, 0, 0, 0, 0, 0, 3, 0, 0, 0
-7, 18, 0, 0, 0, 0, 0, 3, 7920, 672, 2048
0, 23, -1, 0, 0, 0, 0, 3, 0, 0, 0
0, 24, -2, 0, 0, 0, 0, 3, 0, 0, 0
-12, 21, -3, 0, 0, 0, 0, 3, 0, 0, 0
-17, 17, -3, 0, 0, 0, 0, 3, 0, 0, 0
-13, 20, -4, 0, 0, 0, 0, 3, 0, 0, 0
-5, 26, -5, 0, 0, 0, 0, 3, 0, 0, 0
0, 30, -5, 0, 0, 0, 0, 3, 0, 0, 0
1, 30, -7, 0, 0, 0, 0, 3, 0, 0, 0
4, 30, -8, 0, 0, 0, 0, 3, 0, 0, 0
4, 32, -9, 0, 0, 0, 0, 3, 7888, 624, 0
4, 35, -9, 0, 0, 0, 0, 3, 0, 0, 2000
6, 36, -11, 0, 0, 0, 0, 3, 0, 0, 0
7, 35, -11, 0, 0, 0, 0, 3, 0, 0, 0
9, 38, -10, 0, 0, 0, 0, 3, 0, 0, 0
10, 41, -10, 0, 0, 0, 0, 3, 0, 0, 0
11, 42, -9, 0, 0, 0, 0, 3, 0, 0, 0
8, 38, -8, 0, 0, 0, 0, 3, 0, 0, 0
3, 35, -8, 0, 0, 0, 0, 3, 0, 0, 0
1, 35, -8, 0, 0, 0, 0, 3, 0, 0, 0
0, 33, -7, 0, 0, 0, 0, 3, 0, 0, 0
1, 35, -7, 0, 0, 0, 0, 3, 7840, 672, 2000
-4, 34, -7, 0, 0, 0, 0, 3, 0, 0, 0
-5, 37, -7, 0, 0, 0, 0, 3, 0, 0, 0
-4, 38, -6, 0, 0, 0, 0, 3, 0, 0, 0
0, 39, -6, 0, 0, 0, 0, 3, 0, 0, 0
0, 37, -6, 0, 0, 0, 0, 3, 0, 0, 0
-5, 32, -6, 0, 0, 0, 0, 3, 0, 0, 0
-10, 29, -5, 0, 0, 0, 0, 3, 0, 0, 0
-10, 28, -5, 0, 0, 0, 0, 3, 0, 0, 0
-8, 26, -5, 0, 0, 0, 0, 3, 0, 0, 0
-4, 30, -4, 0, 0, 0, 0, 3, 7840, 688, 0
0, 40, -4, 0, 0, 0, 0, 3, 0, 0, 1968
1, 45, -4, 0, 0, 0, 0, 3, 0, 0, 0
1, 39, -3, 0, 0, 0, 0, 3, 0, 0, 0
3, 33, -2, 0, 0, 0, 0, 3, 0, 0, 0
4, 30, -2, 0, 0, 0, 0, 3, 0, 0, 0
6, 33, -1, 0, 0, 0, 0, 3, 0, 0, 0
8, 41, 0, 0, 0, 0, 0, 3, 0, 0, 0
12, 48, 0, 0, 0, 0, 0, 3, 0, 0, 0
11, 49, 0, 0, 0, 0, 0, 3, 0, 0, 0
8, 47, 1, 0, 0, 0, 0, 3, 7840, 640, 1984
8, 47, 1, 0, 0, 0, 0, 3, 0, 0, 0
4, 46, 2, 0, 0, 0, 0, 3, 0, 0, 0
5, 47, 2, 0, 0, 0, 0, 3, 0, 0, 0
6, 47, 3, 0, 0, 0, 0, 3, 0, 0, 0
12, 47, 4, 0, 0, 0, 0, 3, 0, 0, 0
15, 50, 5, 0, 0, 0, 0, 3, 0, 0, 0
18, 56, 7, 0, 0, 0, 0, 3, 0, 0, 0
21, 57, 9, 0, 0, 0, 0, 3, 0, 0, 0
18, 46, 11, 0, 0, 0, 0, 3, 0, 0, 0
7, 33, 14, 0, 0, 0, 0, 3, 7872, 608, 2032
-1, 28, 17, 0, 0, 0, 0, 3, 0, 0, 0
0, 33, 19, 0, 0, 0, 0, 3, 0, 0, 0
0, 38, 23, 0, 0, 0, 0, 3, 0, 0, 0
2, 43, 25, 0, 0, 0, 0, 3, 0, 0, 0
2, 48, 28, 0, 0, 0, 0, 3, 0, 0, 0
-5, 49, 30, 0, 0, 0, 0, 3, 0, 0, 0
-7, 48, 33, 0, 0, 0, 0, 3, 0, 0, 0
4, 51, 35, 0, 0, 0, 0, 3, 0, 0, 0
8, 48, 37, 0, 0, 0, 0, 3, 0, 0, 0
8, 47, 40, 0, 0, 0, 0, 3, 0, 0, 0
9, 53, 42, 0, 0, 0, 0, 3, 7872, 560, 2032
8, 52, 43, 0, 0, 0, 0, 3, 0, 0, 0
4, 45, 45, 0, 0, 0, 0, 3, 0, 0, 0
-2, 38, 46, 0, 0, 0, 0, 3, 0, 0, 0
-6, 35, 46, 0, 0, 0, 0, 3, 0, 0, 0
-7, 36, 48, 0, 0, 0, 0, 3, 0, 0, 0
-9, 37, 48, 0, 0, 0, 0, 3, 0, 0, 0
-11, 34, 49, 0, 0, 0, 0, 3, 0, 0, 0
-15, 25, 50, 0, 0, 0, 0, 3, 0, 0, 0
-12, 27, 51, 0, 0, 0, 0, 3, 0, 0, 0
-4, 38, 52, 0, 0, 0, 0, 3, 7840, 544, 2016
1, 49, 54, 0, 0, 0, 0, 3, 0, 0, 0
1, 49, 55, 0, 0, 0, 0, 3, 0, 0, 0
1, 46, 56, 0, 0, 0, 0, 3, 0, 0, 0
0, 48, 58, 0, 0, 0, 0, 3, 0, 0, 0
-13, 41, 59, 0, 0, 0, 0, 3, 0, 0, 0
-25, 33, 60, 0, 0, 0, 0, 3, 0, 0, 0
-17, 37, 60, 0, 0, 0, 0, 3, 0, 0, 0
-4, 42, 60, 0, 0, 0, 0, 3, 0, 0, 0
4, 40, 60, 0, 0, 0, 0, 3, 0, 0, 0
5, 38, 60, 0, 0, 0, 0, 3, 7824, 576, 2048
-1, 35, 59, 0, 0, 0, 0, 3, 0, 0, 0
-6, 36, 59, 0, 0, 0, 0, 3, 0, 0, 0
-9, 35, 58, 0, 0, 0, 0, 3, 0, 0, 0
-9, 37, 57, 0, 0, 0, 0, 3, 0, 0, 0
-7, 37, 56, 0, 0, 0, 0, 3, 0, 0, 0
-5, 35, 55, 0, 0, 0, 0, 3, 0, 0, 0
0, 37, 53, 0, 0, 0, 0, 3, 0, 0, 0
0, 40, 52, 0, 0, 0, 0, 3, 0, 0, 0
1, 42, 50, 0, 0, 0, 0, 3, 0, 0, 0
7, 46, 47, 0, 0, 0, 0, 3, 0, 0, 0
2, 45, 46, 0, 0, 0, 0, 3, 7824, 592, 2048
-2, 38, 44, 0, 0, 0, 0, 3, 0, 0, 0
0, 37, 43, 0, 0, 0, 0, 3, 0, 0, 0
1, 43, 42, 0, 0, 0, 0, 3, 0, 0, 0
5, 50, 41, 0, 0, 0, 0, 3, 0, 0, 0
5, 52, 39, 0, 0, 0, 0, 3, 0, 0, 0
-3, 44, 38, 0, 0, 0, 0, 3, 0, 0, 0
-8, 39, 37, 0, 0, 0, 0, 3, 0, 0, 0
-13, 38, 36, 0, 0, 0, 0, 3, 0, 0, 0
-12, 42, 35, 0, 0, 0, 0, 3, 0, 0, 0
-6, 42, 33, 0, 0, 0, 0, 3, 7840, 656, 2000
2, 41, 32, 0, 0, 0, 0, 3, 0, 0, 0
10, 47, 30, 0, 0, 0, 0, 3, 0, 0, 0
8, 47, 29, 0, 0, 0, 0, 3, 0, 0, 0
2, 43, 27, 0, 0, 0, 0, 3, 0, 0, 0
7, 47, 26, 0, 0, 0, 0, 3, 0, 0, 0
13, 51, 24, 0, 0, 0, 0, 3, 0, 0, 0
16, 53, 23, 0, 0, 0, 0, 3, 0, 0, 0
10, 50, 21, 0, 0, 0, 0, 3, 0, 0, 0
1, 44, 20, 0, 0, 0, 0, 3, 0, 0, 0
16, 53, 17, 0, 0, 0, 0, 3, 7824, 640, 2000
30, 59, 16, 0, 0, 0, 0, 3, 0, 0, 0
27, 61, 14, 0, 0, 0, 0, 3, 0, 0, 0
24, 60, 12, 0, 0, 0, 0, 3, 0, 0, 0
25, 59, 12, 0, 0, 0, 0, 3, 0, 0, 0
14, 48, 11, 0, 0, 0, 0, 3, 0, 0, 0
-9, 29, 10, 0, 0, 0, 0, 3, 0, 0, 0
-11, 25, 9, 0, 0, 0, 0, 3, 0, 0, 0
0, 29, 8, 0, 0, 0, 0, 3, 0, 0, 0
7, 34, 7, 0, 0, 0, 0, 3, 0, 0, 0
4, 30, 8, 0, 0, 0, 0, 3, 7808, 592, 1984
1, 28, 8, 0, 0, 0, 0, 3, 0, 0, 0
0, 32, 8, 0, 0, 0, 0, 3, 0, 0, 0
-1, 33, 8, 0, 0, 0, 0, 3, 0, 0, 0
-6, 27, 9, 0, 0, 0, 0, 3, 0, 0, 0
-20, 16, 10, 0, 0, 0, 0, 3, 0, 0, 0
-19, 21, 11, 0, 0, 0, 0, 3, 0, 0, 0
-8, 35, 12, 0, 0, 0, 0, 3, 0, 0, 0
5, 46, 13, 0, 0, 0, 0, 3, 0, 0, 0
17, 50, 13, 0, 0, 0, 0, 3, 0, 0, 0
15, 45, 14, 0, 0, 0, 0, 3, 0, 0, 0
6, 41, 14, 0, 0, 0, 0, 3, 7888, 656, 2016
8, 41, 14, 0, 0, 0, 0, 3, 0, 0, 0
7, 42, 15, 0, 0, 0, 0, 3, 0, 0, 0
3, 42, 15, 0, 0, 0, 0, 3, 0, 0, 0
3, 44, 15, 0, 0, 0, 0, 3, 0, 0, 0
16, 49, 14, 0, 0, 0, 0, 3, 0, 0, 0
29, 50, 14, 0, 0, 0, 0, 3, 0, 0, 0
28, 49, 14, 0, 0, 0, 0, 3, 0, 0, 0
16, 48, 14, 0, 0, 0, 0, 3, 0, 0, 0
7, 50, 13, 0, 0, 0, 0, 3, 0, 0, 0
12, 52, 12, 0, 0, 0, 0, 3, 7872, 640, 0
21, 52, 12, 0, 0, 0, 0, 3, 0, 0, 2000
24, 50, 11, 0, 0, 0, 0, 3, 0, 0, 0
19, 48, 9, 0, 0, 0, 0, 3, 0, 0, 0
15, 48, 8, 0, 0, 0, 0, 3, 0, 0, 0
12, 52, 7, 0, 0, 0, 0, 3, 0, 0, 0
16, 59, 4, 0, 0, 0, 0, 3, 0, 0, 0
21, 67, 3, 0, 0, 0, 0, 3, 0, 0, 0
21, 66, 1, 0, 0, 0, 0, 3, 0, 0, 0
19, 63, 1, 0, 0, 0, 0, 3, 0, 0, 0
17, 58, 0, 0, 0, 0, 0, 3, 7840, 672, 2016
19, 51, 0, 0, 0, 0, 0, 3, 0, 0, 0
15, 45, 0, 0, 0, 0, 0, 3, 0, 0, 0
11, 43, 0, 0, 0, 0, 0, 3, 0, 0, 0
8, 44, 0, 0, 0, 0, 0, 3, 0, 0, 0
0, 42, 0, 0, 0, 0, 0, 3, 0, 0, 0
-5, 41, 0, 0, 0, 0, 0, 3, 0, 0, 0
-8, 36, 0, 0, 0, 0, 0, 3, 0, 0, 0
-4, 34, 0, 0, 0, 0, 0, 3, 0, 0, 0
3, 37, -1, 0, 0, 0, 0, 3, 0, 0, 0
8, 42, -1, 0, 0, 0, 0, 3, 7920, 720, 0
8, 45, -2, 0, 0, 0, 0, 3, 0, 0, 2080
4, 46, -1, 0, 0, 0, 0, 3, 0, 0, 0
1, 46, -2, 0, 0, 0, 0, 3, 0, 0, 0
3, 46, -1, 0, 0, 0, 0, 3, 0, 0, 0
4, 44, -2, 0, 0, 0, 0, 3, 0, 0, 0
1, 39, -2, 0, 0, 0, 0, 3, 0, 0, 0
-8, 32, -3, 0, 0, 0, 0, 3, 0, 0, 0
-7, 35, -4, 0, 0, 0, 0, 3, 0, 0, 0
-6, 36, -4, 0, 0, 0, 0, 3, 0, 0, 0
-8, 30, -5, 0, 0, 0, 0, 3, 0, 0, 0
-9, 29, -5, 0, 0, 0, 0, 3, 7840, 720, 2016
-9, 28, -5, 0, 0, 0, 0, 3, 0, 0, 0
-18, 19, -5, 0, 0, 0, 0, 3, 0, 0, 0
-22, 18, -4, 0, 0, 0, 0, 3, 0, 0, 0
-20, 24, -3, 0, 0, 0, 0, 3, 0, 0, 0
-19, 26, -3, 0, 0, 0, 0, 3, 0, 0, 0
-20, 21, -1, 0, 0, 0, 0, 3, 0, 0, 0
-28, 11, -1, 0, 0, 0, 0, 3, 0, 0, 0
-30, 8, 0, 0, 0, 0, 0, 3, 0, 0, 0
-28, 9, 0, 0, 0, 0, 0, 3, 0, 0, 0
-29, 11, 0, 0, 0, 0, 0, 3, 7840, 752, 2000
-30, 13, 0, 0, 0, 0, 0, 3, 0, 0, 0
-31, 12, 0, 0, 0, 0, 0, 3, 0, 0, 0
-29, 14, 0, 0, 0, 0, 0, 3, 0, 0, 0
-22, 21, -2, 0, 0, 0, 0, 3, 0, 0, 0
-20, 22, -2, 0, 0, 0, 0, 3, 0, 0, 0
-26, 17, -3, 0, 0, 0, 0, 3, 0, 0, 0
-33, 12, -4, 0, 0, 0, 0, 3, 0, 0, 0
-33, 14, -4, 0, 0, 0, 0, 3, 0, 0, 0
-33, 14, -4, 0, 0, 0, 0, 3, 0, 0, 0
-37, 14, -3, 0, 0, 0, 0, 3, 7808, 736, 1952
-36, 15, -3, 0, 0, 0, 0, 3, 0, 0, 0
-35, 13, -2, 0, 0, 0, 0, 3, 0, 0, 0
-36, 11, -1, 0, 0, 0, 0, 3, 0, 0, 0
-44, 2, -1, 0, 0, 0, 0, 3, 0, 0, 0
-48, 0, 0, 0, 0, 0, 0, 3, 0, 0, 0
-46, 1, 0, 0, 0, 0, 0, 3, 0, 0, 0
-43, 4, 0, 0, 0, 0, 0, 3, 0, 0, 0
-35, 10, 0, 0, 0, 0, 0, 3, 0, 0, 0
-30, 11, 0, 0, 0, 0, 0, 3, 0, 0, 0
-33, 11, 0, 0, 0, 0, 0, 3, 0, 0, 0
-38, 7, -1, 0, 0, 0, 0, 3, 7792, 704, 1952
-41, 3, -1, 0, 0, 0, 0, 3, 0, 0, 0
-43, 3, -1, 0, 0, 0, 0, 3, 0, 0, 0
-43, 3, 0, 0, 0, 0, 0, 3, 0, 0, 0
-38, 5, 0, 0, 0, 0, 0, 3, 0, 0, 0
-40, 3, 0, 0, 0, 0, 0, 3, 0, 0, 0
-43, 2, 2, 0, 0, 0, 0, 3, 0, 0, 0
-48, 0, 4, 0, 0, 0, 0, 3, 0, 0, 0
-47, -2, 7, 0, 0, 0, 0, 3, 0, 0, 0
-43, -3, 9, 0, 0, 0, 0, 3, 0, 0, 0
-43, -1, 12, 0, 0, 0, 0, 3, 7856, 688, 1968
-41, 3, 15, 0, 0, 0, 0, 3, 0, 0, 0
-50, 3, 18, 0, 0, 0, 0, 3, 0, 0, 0
-71, -5, 20, 0, 0, 0, 0, 3, 0, 0, 0
-72, -8, 24, 0, 0, 0, 0, 3, 0, 0, 0
-49, 0, 26, 0, 0, 0, 0, 3, 0, 0, 0
-27, 8, 29, 0, 0, 0, 0, 3, 0, 0, 0
-29, 3, 32, 0, 0, 0, 0, 3, 0, 0, 0
-38, -4, 35, 0, 0, 0, 0, 3, 0, 0, 0
-46, -8, 37, 0, 0, 0, 0, 3, 0, 0, 0
-48, -9, 40, 0, 0, 0, 0, 3, 7904, 656, 0
-44, -8, 42, 0, 0, 0, 0, 3, 0, 0, 2032
-41, -10, 44, 0, 0, 0, 0, 3, 0, 0, 0
-39, -12, 46, 0, 0, 0, 0, 3, 0, 0, 0
-38, -12, 47, 0, 0, 0, 0, 3, 0, 0, 0
-39, -14, 49, 0, 0, 0, 0, 3, 0, 0, 0
-39, -15, 50, 0, 0, 0, 0, 3, 0, 0, 0
-42, -17, 51, 0, 0, 0, 0, 3, 0, 0, 0
-42, -15, 51, 0, 0, 0, 0, 3, 0, 0, 0
-37, -8, 53, 0, 0, 0, 0, 3, 0, 0, 0
-38, -8, 53, 0, 0, 0, 0, 3, 7904, 624, 2032
-43, -14, 54, 0, 0, 0, 0, 3, 0, 0, 0
-36, -10, 54, 0, 0, 0, 0, 3, 0, 0, 0
-32, -7, 54, 0, 0, 0, 0, 3, 0, 0, 0
-35, -8, 54, 0, 0, 0, 0, 3, 0, 0, 0
-39, -8, 55, 0, 0, 0, 0, 3, 0, 0, 0
-44, -10, 56, 0, 0, 0, 0, 3, 0, 0, 0
-48, -11, 55, 0, 0, 0, 0, 3, 0, 0, 0
-45, -12, 55, 0, 0, 0, 0, 3, 0, 0, 0
-41, -10, 55, 0, 0, 0, 0, 3, 0, 0, 0
-36, -7, 54, 0, 0, 0, 0, 3, 0, 0, 0
-36, -9, 53, 0, 0, 0, 0, 3, 7872, 576, 0
-38, -14, 52, 0, 0, 0, 0, 3, 0, 0, 2032
-38, -14, 51, 0, 0, 0, 0, 3, 0, 0, 0
-40, -11, 50, 0, 0, 0, 0, 3, 0, 0, 0
-45, -15, 49, 0, 0, 0, 0, 3, 0, 0, 0
-48, -19, 49, 0, 0, 0, 0, 3, 0, 0, 0
-45, -12, 49, 0, 0, 0, 0, 3, 0, 0, 0
-37, -4, 49, 0, 0, 0, 0, 3, 0, 0, 0
-33, -3, 48, 0, 0, 0, 0, 3, 0, 0, 0
-33, -5, 48, 0, 0, 0, 0, 3, 0, 0, 0
-37, -4, 47, 0, 0, 0, 0, 3, 7904, 576, 2032
-40, -4, 46, 0, 0, 0, 0, 3, 0, 0, 0
-47, -5, 46, 0, 0, 0, 0, 3, 0, 0, 0
-55, -9, 44, 0, 0, 0, 0, 3, 0, 0, 0
-53, -9, 42, 0, 0, 0, 0, 3, 0, 0, 0
-37, -6, 40, 0, 0, 0, 0, 3, 0, 0, 0
-16, 4, 38, 0, 0, 0, 0, 3, 0, 0, 0
-9, 9, 36, 0, 0, 0, 0, 3, 0, 0, 0
-12, 8, 33, 0, 0, 0, 0, 3, 0, 0, 0
-15, 12, 31, 0, 0, 0, 0, 3, 0, 0, 0
-23, 11, 29, 0, 0, 0, 0, 3, 7840, 592, 2080
-27, 7, 26, 0, 0, 0, 0, 3, 0, 0, 0
-27, 6, 25, 0, 0, 0, 0, 3, 0, 0, 0
-29, 6, 24, 0, 0, 0, 0, 3, 0, 0, 0
-26, 6, 22, 0, 0, 0, 0, 3, 0, 0, 0
-21, 8, 21, 0, 0, 0, 0, 3, 0, 0, 0
-16, 11, 20, 0, 0, 0, 0, 3, 0, 0, 0
-14, 13, 19, 0, 0, 0, 0, 3, 0, 0, 0
-19, 14, 18, 0, 0, 0, 0, 3, 0, 0, 0
-21, 14, 18, 0, 0, 0, 0, 3, 0, 0, 0
-23, 10, 18, 0, 0, 0, 0, 3, 7840, 624, 2048
-26, 10, 17, 0, 0, 0, 0, 3, 0, 0, 0
-28, 14, 16, 0, 0, 0, 0, 3, 0, 0, 0
-22, 19, 15, 0, 0, 0, 0, 3, 0, 0, 0
-14, 20, 13, 0, 0, 0, 0, 3, 0, 0, 0
-6, 18, 12, 0, 0, 0, 0, 3, 0, 0, 0
0, 15, 12, 0, 0, 0, 0, 3, 0, 0, 0
-3, 14, 11, 0, 0, 0, 0, 3, 0, 0, 0
-9, 19, 9, 0, 0, 0, 0, 3, 0, 0, 0
-14, 21, 8, 0, 0, 0, 0, 3, 0, 0, 0
-16, 15, 8, 0, 0, 0, 0, 3, 0, 0, 0
-18, 13, 7, 0, 0, 0, 0, 3, 7792, 704, 2032
-21, 15, 6, 0, 0, 0, 0, 3, 0, 0, 0
-27, 16, 6, 0, 0, 0, 0, 3, 0, 0, 0
-33, 17, 7, 0, 0, 0, 0, 3, 0, 0, 0
-32, 19, 7, 0, 0, 0, 0, 3, 0, 0, 0
-33, 11, 8, 0, 0, 0, 0, 3, 0, 0, 0
-35, 3, 8, 0, 0, 0, 0, 3, 0, 0, 0
-29, 6, 9, 0, 0, 0, 0, 3, 0, 0, 0
-18, 9, 10, 0, 0, 0, 0, 3, 0, 0, 0
-7, 17, 11, 0, 0, 0, 0, 3, 0, 0, 0
-20, 22, 12, 0, 0, 0, 0, 3, 7856, 720, 2080
-42, 24, 12, 0, 0, 0, 0, 3, 0, 0, 0
-45, 22, 12, 0, 0, 0, 0, 3, 0, 0, 0
-33, 14, 12, 0, 0, 0, 0, 3, 0, 0, 0
-21, -4, 12, 0, 0, 0, 0, 3, 0, 0, 0
-22, -8, 12, 0, 0, 0, 0, 3, 0, 0, 0
-29, 10, 12, 0, 0, 0, 0, 3, 0, 0, 0
-26, 27, 12, 0, 0, 0, 0, 3, 0, 0, 0
-22, 38, 12, 0, 0, 0, 0, 3, 0, 0, 0
-16, 36, 11, 0, 0, 0, 0, 3, 0, 0, 0
-15, 33, 11, 0, 0, 0, 0, 3, 7920, 672, 2112
-15, 33, 10, 0, 0, 0, 0, 3, 0, 0, 0
-20, 30, 9, 0, 0, 0, 0, 3, 0, 0, 0
-29, 24, 8, 0, 0, 0, 0, 3, 0, 0, 0
-32, 22, 6, 0, 0, 0, 0, 3, 0, 0, 0
-25, 23, 5, 0, 0, 0, 0, 3, 0, 0, 0
-16, 28, 4, 0, 0, 0, 0, 3, 0, 0, 0
-12, 34, 3, 0, 0, 0, 0, 3, 0, 0, 0
-13, 41, 2, 0, 0, 0, 0, 3, 0, 0, 0
-18, 45, 2, 0, 0, 0, 0, 3, 0, 0, 0
-13, 47, 2, 0, 0, 0, 0, 3, 7920, 608, 0
-10, 50, 2, 0, 0, 0, 0, 3, 0, 0, 2112
-9, 60, 2, 0, 0, 0, 0, 3, 0, 0, 0
-8, 62, 3, 0, 0, 0, 0, 3, 0, 0, 0
-7, 68, 3, 0, 0, 0, 0, 3, 0, 0, 0
-26, 74, 4, 0, 0, 0, 0, 3, 0, 0, 0
-33, 64, 4, 0, 0, 0, 0, 3, 0, 0, 0
-4, 67, 4, 0, 0, 0, 0, 3, 0, 0, 0
20, 81, 4, 0, 0, 0, 0, 3, 0, 0, 0
25, 88, 4, 0, 0, 0, 0, 3, 0, 0, 0
8, 89, 3, 0, 0, 0, 0, 3, 0, 0, 0
-8, 92, 3, 0, 0, 0, 0, 3, 7840, 656, 2128
-26, 95, 3, 0, 0, 0, 0, 3, 0, 0, 0
-28, 99, 2, 0, 0, 0, 0, 3, 0, 0, 0
-11, 97, 3, 0, 0, 0, 0, 3, 0, 0, 0
3, 90, 2, 0, 0, 0, 0, 3, 0, 0, 0
9, 95, 3, 0, 0, 0, 0, 3, 0, 0, 0
16, 119, 2, 0, 0, 0, 0, 3, 0, 0, 0
12, 137, 1, 0, 0, 0, 0, 3, 0, 0, 0
-4, 139, 1, 0, 0, 0, 0, 3, 0, 0, 0
-4, 139, 1, 0, 0, 0, 0, 3, 0, 0, 0
6, 155, 1, 0, 0, 0, 0, 3, 7856, 640, 0
11, 170, 0, 0, 0, 0, 0, 3, 0, 0, 2096
7, 168, 0, 0, 0, 0, 0, 3, 0, 0, 0
21, 177, 0, 0, 0, 0, 0, 3, 0, 0, 0
34, 191, 0, 0, 0, 0, 0, 3, 0, 0, 0
33, 195, 0, 0, 0, 0, 0, 3, 0, 0, 0
24, 198, -1, 0, 0, 0, 0, 3, 0, 0, 0
19, 212, -2, 0, 0, 0, 0, 3, 0, 0, 0
21, 231, -3, 0, 0, 0, 0, 3, 0, 0, 0
32, 250, -4, 0, 0, 0, 0, 3, 0, 0, 0
52, 261, -5, 0, 0, 0, 0, 3, 7888, 608, 2112
56, 270, -6, 0, 0, 0, 0, 3, 0, 0, 0
39, 278, -6, 0, 0, 0, 0, 3, 0, 0, 0
19, 278, -6, 0, 0, 0, 0, 3, 0, 0, 0
39, 292, -6, 0, 0, 0, 0, 3, 0, 0, 0
68, 316, -6, 0, 0, 0, 0, 3, 0, 0, 0
71, 333, -5, 0, 0, 0, 0, 3, 0, 0, 0
60, 342, -4, 0, 0, 0, 0, 3, 0, 0, 0
61, 350, -4, 0, 0, 0, 0, 3, 0, 0, 0
65, 359, -3, 0, 0, 0, 0, 3, 0, 0, 0
61, 368, -3, 0, 0, 0, 0, 3, 0, 0, 0
52, 372, -1, 0, 0, 0, 0, 3, 7872, 544, 2192
58, 380, -1, 0, 0, 0, 0, 3, 0, 0, 0
73, 391, 0, 0, 0, 0, 0, 3, 0, 0, 0
73, 396, 0, 0, 0, 0, 0, 3, 0, 0, 0
64, 396, 0, 0, 0, 0, 0, 3, 0, 0, 0
67, 402, 0, 0, 0, 0, 0, 3, 0, 0, 0
70, 413, 0, 0, 0, 0, 0, 3, 0, 0, 0
66, 413, 0, 0, 0, 0, 0, 3, 0, 0, 0
68, 411, 0, 0, 0, 0, 0, 3, 0, 0, 0
79, 424, 0, 0, 0, 0, 0, 3, 0, 0, 0
81, 436, 0, 0, 0, 0, 0, 3, 7856, 560, 2224
77, 433, 0, 0, 0, 0, 0, 3, 0, 0, 0
77, 435, 0, 0, 0, 0, 0, 3, 0, 0, 0
75, 450, 0, 0, 0, 0, 0, 3, 0, 0, 0
75, 460, 0, 0, 0, 0, 0, 3, 0, 0, 0
73, 459, 1, 0, 0, 0, 0, 3, 0, 0, 0
73, 454, 1, 0, 0, 0, 0, 3, 0, 0, 0
75, 450, 3, 0, 0, 0, 0, 3, 0, 0, 0
74, 453, 4, 0, 0, 0, 0, 3, 0, 0, 0
66, 456, 6, 0, 0, 0, 0, 3, 0, 0, 0
55, 446, 7, 0, 0, 0, 0, 3, 7888, 576, 2144
58, 438, 9, 0, 0, 0, 0, 3, 0, 0, 0
70, 444, 11, 0, 0, 0, 0, 3, 0, 0, 0
72, 454, 13, 0, 0, 0, 0, 3, 0, 0, 0
59, 459, 15, 0, 0, 0, 0, 3, 0, 0, 0
46, 451, 16, 0, 0, 0, 0, 3, 0, 0, 0
50, 438, 18, 0, 0, 0, 0, 3, 0, 0, 0
56, 435, 19, 0, 0, 0, 0, 3, 0, 0, 0
53, 427, 21, 0, 0, 0, 0, 3, 0, 0, 0
47, 421, 22, 0, 0, 0, 0, 3, 0, 0, 0
44, 424, 24, 0, 0, 0, 0, 3, 7872, 496, 2112
52, 430, 26, 0, 0, 0, 0, 3, 0, 0, 0
60, 428, 28, 0, 0, 0, 0, 3, 0, 0, 0
53, 417, 30, 0, 0, 0, 0, 3, 0, 0, 0
54, 413, 33, 0, 0, 0, 0, 3, 0, 0, 0
58, 413, 36, 0, 0, 0, 0, 3, 0, 0, 0
53, 412, 38, 0, 0, 0, 0, 3, 0, 0, 0
47, 407, 40, 0, 0, 0, 0, 3, 0, 0, 0
46, 396, 42, 0, 0, 0, 0, 3, 0, 0, 0
53, 398, 44, 0, 0, 0, 0, 3, 0, 0, 0
57, 400, 45, 0, 0, 0, 0, 3, 0, 0, 0
51, 393, 47, 0, 0, 0, 0, 3, 7872, 496, 2144
39, 382, 48, 0, 0, 0, 0, 3, 0, 0, 0
38, 371, 49, 0, 0, 0, 0, 3, 0, 0, 0
47, 360, 49, 0, 0, 0, 0, 3, 0, 0, 0
46, 348, 50, 0, 0, 0, 0, 3, 0, 0, 0
36, 344, 49, 0, 0, 0, 0, 3, 0, 0, 0
31, 347, 50, 0, 0, 0, 0, 3, 0, 0, 0
29, 347, 50, 0, 0, 0, 0, 3, 0, 0, 0
22, 342, 50, 0, 0, 0, 0, 3, 0, 0, 0
11, 333, 50, 0, 0, 0, 0, 3, 0, 0, 0
16, 321, 49, 0, 0, 0, 0, 3, 7824, 480, 2192
30, 316, 49, 0, 0, 0, 0, 3, 0, 0, 0
39, 314, 48, 0, 0, 0, 0, 3, 0, 0, 0
42, 305, 48, 0, 0, 0, 0, 3, 0, 0, 0
33, 290, 47, 0, 0, 0, 0, 3, 0, 0, 0
26, 286, 47, 0, 0, 0, 0, 3, 0, 0, 0
28, 297, 46, 0, 0, 0, 0, 3, 0, 0, 0
28, 299, 45, 0, 0, 0, 0, 3, 0, 0, 0
22, 290, 44, 0, 0, 0, 0, 3, 0, 0, 0
22, 282, 44, 0, 0, 0, 0, 3, 0, 0, 0
23, 271, 43, 0, 0, 0, 0, 3, 7840, 480, 2256
24, 263, 42, 0, 0, 0, 0, 3, 0, 0, 0
22, 258, 41, 0, 0, 0, 0, 3, 0, 0, 0
7, 248, 39, 0, 0, 0, 0, 3, 0, 0, 0
7, 244, 37, 0, 0, 0, 0, 3, 0, 0, 0
17, 243, 36, 0, 0, 0, 0, 3, 0, 0, 0
18, 235, 34, 0, 0, 0, 0, 3, 0, 0, 0
14, 225, 32, 0, 0, 0, 0, 3, 0, 0, 0
12, 221, 30, 0, 0, 0, 0, 3, 0, 0, 0
18, 228, 27, 0, 0, 0, 0, 3, 0, 0, 0
28, 234, 26, 0, 0, 0, 0, 3, 0, 0, 0
33, 234, 24, 0, 0, 0, 0, 3, 7856, 528, 2256
31, 227, 23, 0, 0, 0, 0, 3, 0, 0, 0
21, 215, 22, 0, 0, 0, 0, 3, 0, 0, 0
12, 198, 21, 0, 0, 0, 0, 3, 0, 0, 0
9, 196, 21, 0, 0, 0, 0, 3, 0, 0, 0
8, 198, 20, 0, 0, 0, 0, 3, 0, 0, 0
6, 198, 20, 0, 0, 0, 0, 3, 0, 0, 0
7, 194, 19, 0, 0, 0, 0, 3, 0, 0, 0
8, 188, 19, 0, 0, 0, 0, 3, 0, 0, 0
2, 178, 18, 0, 0, 0, 0, 3, 0, 0, 0
-3, 167, 17, 0, 0, 0, 0, 3, 7856, 496, 2240
-4, 160, 16, 0, 0, 0, 0, 3, 0, 0, 0
-7, 160, 16, 0, 0, 0, 0, 3, 0, 0, 0
-6, 157, 14, 0, 0, 0, 0, 3, 0, 0, 0
-2, 153, 13, 0, 0, 0, 0, 3, 0, 0, 0
2, 145, 12, 0, 0, 0, 0, 3, 0, 0, 0
1, 135, 11, 0, 0, 0, 0, 3, 0, 0, 0
-9, 132, 9, 0, 0, 0, 0, 3, 0, 0, 0
-7, 141, 8, 0, 0, 0, 0, 3, 0, 0, 0
0, 151, 7, 0, 0, 0, 0, 3, 0, 0, 0
4, 153, 6, 0, 0, 0, 0, 3, 0, 0, 0
5, 147, 6, 0, 0, 0, 0, 3, 7840, 496, 2192
4, 141, 4, 0, 0, 0, 0, 3, 0, 0, 0
1, 139, 4, 0, 0, 0, 0, 3, 0, 0, 0
0, 143, 4, 0, 0, 0, 0, 3, 0, 0, 0
0, 141, 6, 0, 0, 0, 0, 3, 0, 0, 0
0, 134, 6, 0, 0, 0, 0, 3, 0, 0, 0
-10, 123, 8, 0, 0, 0, 0, 3, 0, 0, 0
-22, 112, 8, 0, 0, 0, 0, 3, 0, 0, 0
-22, 105, 8, 0, 0, 0, 0, 3, 0, 0, 0
-9, 108, 9, 0, 0, 0, 0, 3, 7840, 496, 2192
3, 109, 10, 0, 0, 0, 0, 3, 0, 0, 0
6, 105, 11, 0, 0, 0, 0, 3, 0, 0, 0
0, 94, 12, 0, 0, 0, 0, 3, 0, 0, 0
-15, 80, 12, 0, 0, 0, 0, 3, 0, 0, 0
-21, 72, 12, 0, 0, 0, 0, 3, 0, 0, 0
-28, 67, 13, 0, 0, 0, 0, 3, 0, 0, 0
-33, 65, 13, 0, 0, 0, 0, 3, 0, 0, 0
-37, 63, 13, 0, 0, 0, 0, 3, 0, 0, 0
-30, 62, 13, 0, 0, 0, 0, 3, 0, 0, 0
-22, 59, 13, 0, 0, 0, 0, 3, 0, 0, 0
-23, 54, 12, 0, 0, 0, 0, 3, 7808, 480, 2240
-26, 48, 12, 0, 0, 0, 0, 3, 0, 0, 0
-30, 43, 12, 0, 0, 0, 0, 3, 0, 0, 0
-29, 45, 12, 0, 0, 0, 0, 3, 0, 0, 0
-21, 46, 11, 0, 0, 0, 0, 3, 0, 0, 0
-16, 42, 10, 0, 0, 0, 0, 3, 0, 0, 0
-12, 37, 10, 0, 0, 0, 0, 3, 0, 0, 0
-13, 32, 9, 0, 0, 0, 0, 3, 0, 0, 0
-17, 32, 8, 0, 0, 0, 0, 3, 0, 0, 0
-14, 37, 8, 0, 0, 0, 0, 3, 0, 0, 0
-11, 38, 7, 0, 0, 0, 0, 3, 7824, 512, 2240
-18, 29, 5, 0, 0, 0, 0, 3, 0, 0, 0
-26, 20, 5, 0, 0, 0, 0, 3, 0, 0, 0
-26, 17, 4, 0, 0, 0, 0, 3, 0, 0, 0
-31, 12, 4, 0, 0, 0, 0, 3, 0, 0, 0
-37, 6, 3, 0, 0, 0, 0, 3, 0, 0, 0
-41, -2, 3, 0, 0, 0, 0, 3, 0, 0, 0
-40, -8, 2, 0, 0, 0, 0, 3, 0, 0, 0
-45, -10, 2, 0, 0, 0, 0, 3, 0, 0, 0
-55, -15, 1, 0, 0, 0, 0, 3, 0, 0, 0
-46, -20, 1, 0, 0, 0, 0, 3, 7856, 512, 0
-28, -21, 1, 0, 0, 0, 0, 3, 0, 0, 2224
-21, -16, 0, 0, 0, 0, 0, 3, 0, 0, 0
-25, -9, 0, 0, 0, 0, 0, 3, 0, 0, 0
-35, -8, 0, 0, 0, 0, 0, 3, 0, 0, 0
-43, -19, 0, 0, 0, 0, 0, 3, 0, 0, 0
-46, -26, 0, 0, 0, 0, 0, 3, 0, 0, 0
-37, -23, 0, 0, 0, 0, 0, 3, 0, 0, 0
-24, -17, 0, 0, 0, 0, 0, 3, 0, 0, 0
-20, -16, 0, 0, 0, 0, 0, 3, 0, 0, 0
-28, -21, 0, 0, 0, 0, 0, 3, 7872, 464, 2144
-31, -26, 0, 0, 0, 0, 0, 3, 0, 0, 0
-29, -28, -1, 0, 0, 0, 0, 3, 0, 0, 0
-34, -31, -1, 0, 0, 0, 0, 3, 0, 0, 0
-45, -40, -2, 0, 0, 0, 0, 3, 0, 0, 0
-49, -49, -2, 0, 0, 0, 0, 3, 0, 0, 0
-45, -51, -2, 0, 0, 0, 0, 3, 0, 0, 0
-35, -48, -3, 0, 0, 0, 0, 3, 0, 0, 0
-34, -52, -2, 0, 0, 0, 0, 3, 0, 0, 0
-46, -64, -2, 0, 0, 0, 0, 3, 0, 0, 0
-47, -64, -2, 0, 0, 0, 0, 3, 7888, 416, 2080
-38, -55, -3, 0, 0, 0, 0, 3, 0, 0, 0
-30, -50, -3, 0, 0, 0, 0, 3, 0, 0, 0
-31, -51, -4, 0, 0, 0, 0, 3, 0, 0, 0
-39, -56, -4, 0, 0, 0, 0, 3, 0, 0, 0
-50, -66, -4, 0, 0, 0, 0, 3, 0, 0, 0
-56, -77, -5, 0, 0, 0, 0, 3, 0, 0, 0
-56, -81, -5, 0, 0, 0, 0, 3, 0, 0, 0
-42, -73, -6, 0, 0, 0, 0, 3, 0, 0, 0
-31, -71, -7, 0, 0, 0, 0, 3, 0, 0, 0
-33, -79, -7, 0, 0, 0, 0, 3, 0, 0, 0
-37, -80, -8, 0, 0, 0, 0, 3, 7888, 448, 2112
-43, -75, -7, 0, 0, 0, 0, 3, 0, 0, 0
-53, -72, -6, 0, 0, 0, 0, 3, 0, 0, 0
-51, -71, -5, 0, 0, 0, 0, 3, 0, 0, 0
-45, -73, -4, 0, 0, 0, 0, 3, 0, 0, 0
-34, -78, -4, 0, 0, 0, 0, 3, 0, 0, 0
-24, -84, -3, 0, 0, 0, 0, 3, 0, 0, 0
-29, -92, -2, 0, 0, 0, 0, 3, 0, 0, 0
-40, -95, -1, 0, 0, 0, 0, 3, 0, 0, 0
-39, -83, 0, 0, 0, 0, 0, 3, 0, 0, 0
-34, -74, 0, 0, 0, 0, 0, 3, 7872, 448, 2192
-35, -73, 0, 0, 0, 0, 0, 3, 0, 0, 0
-40, -79, 1, 0, 0, 0, 0, 3, 0, 0, 0
-45, -85, 2, 0, 0, 0, 0, 3, 0, 0, 0
-46, -87, 3, 0, 0, 0, 0, 3, 0, 0, 0
-46, -91, 4, 0, 0, 0, 0, 3, 0, 0, 0
-42, -97, 6, 0, 0, 0, 0, 3, 0, 0, 0
-35, -91, 8, 0, 0, 0, 0, 3, 0, 0, 0
-31, -86, 9, 0, 0, 0, 0, 3, 0, 0, 0
-29, -86, 11, 0, 0, 0, 0, 3, 0, 0, 0
-29, -86, 12, 0, 0, 0, 0, 3, 7856, 432, 2208
-32, -86, 14, 0, 0, 0, 0, 3, 0, 0, 0
-41, -91, 16, 0, 0, 0, 0, 3, 0, 0, 0
-45, -97, 18, 0, 0, 0, 0, 3, 0, 0, 0
-46, -103, 20, 0, 0, 0, 0, 3, 0, 0, 0
-51, -106, 22, 0, 0, 0, 0, 3, 0, 0, 0
-49, -103, 24, 0, 0, 0, 0, 3, 0, 0, 0
-38, -102, 25, 0, 0, 0, 0, 3, 0, 0, 0
-31, -104, 27, 0, 0, 0, 0, 3, 0, 0, 0
-29, -104, 29, 0, 0, 0, 0, 3, 0, 0, 0
-31, -102, 30, 0, 0, 0, 0, 3, 0, 0, 0
-33, -97, 31, 0, 0, 0, 0, 3, 7856, 448, 2224
-34, -93, 33, 0, 0, 0, 0, 3, 0, 0, 0
-46, -95, 33, 0, 0, 0, 0, 3, 0, 0, 0
-54, -100, 35, 0, 0, 0, 0, 3, 0, 0, 0
-50, -101, 35, 0, 0, 0, 0, 3, 0, 0, 0
-39, -99, 36, 0, 0, 0, 0, 3, 0, 0, 0
-27, -94, 37, 0, 0, 0, 0, 3, 0, 0, 0
-23, -88, 38, 0, 0, 0, 0, 3, 0, 0, 0
-25, -89, 39, 0, 0, 0, 0, 3, 0, 0, 0
-28, -95, 39, 0, 0, 0, 0, 3, 0, 0, 0
-31, -100, 40, 0, 0, 0, 0, 3, 7856, 416, 2160
-34, -100, 41, 0, 0, 0, 0, 3, 0, 0, 0
-39, -100, 42, 0, 0, 0, 0, 3, 0, 0, 0
-35, -99, 42, 0, 0, 0, 0, 3, 0, 0, 0
-28, -98, 42, 0, 0, 0, 0, 3, 0, 0, 0
-29, -100, 42, 0, 0, 0, 0, 3, 0, 0, 0
-37, -103, 42, 0, 0, 0, 0, 3, 0, 0, 0
-43, -101, 42, 0, 0, 0, 0, 3, 0, 0, 0
-43, -100, 42, 0, 0, 0, 0, 3, 0, 0, 0
-49, -103, 41, 0, 0, 0, 0, 3, 0, 0, 0
-51, -105, 41, 0, 0, 0, 0, 3, 7824, 416, 2160
-43, -107, 40, 0, 0, 0, 0, 3, 0, 0, 0
-41, -112, 39, 0, 0, 0, 0, 3, 0, 0, 0
-42, -118, 38, 0, 0, 0, 0, 3, 0, 0, 0
-37, -117, 37, 0, 0, 0, 0, 3, 0, 0, 0
-33, -113, 35, 0, 0, 0, 0, 3, 0, 0, 0
-35, -109, 33, 0, 0, 0, 0, 3, 0, 0, 0
-39, -104, 32, 0, 0, 0, 0, 3, 0, 0, 0
-38, -99, 31, 0, 0, 0, 0, 3, 0, 0, 0
-32, -101, 31, 0, 0, 0, 0, 3, 0, 0, 0
-24, -102, 30, 0, 0, 0, 0, 3, 7840, 448, 2144
-23, -102, 30, 0, 0, 0, 0, 3, 0, 0, 0
-28, -104, 29, 0, 0, 0, 0, 3, 0, 0, 0
-41, -109, 29, 0, 0, 0, 0, 3, 0, 0, 0
-47, -113, 29, 0, 0, 0, 0, 3, 0, 0, 0
-47, -113, 28, 0, 0, 0, 0, 3, 0, 0, 0
-42, -110, 27, 0, 0, 0, 0, 3, 0, 0, 0
-37, -105, 26, 0, 0, 0, 0, 3, 0, 0, 0
-35, -103, 25, 0, 0, 0, 0, 3, 0, 0, 0
-31, -101, 23, 0, 0, 0, 0, 3, 0, 0, 0
-25, -100, 21, 0, 0, 0, 0, 3, 0, 0, 0
-26, -101, 19, 0, 0, 0, 0, 3, 7824, 432, 2112
-31, -101, 17, 0, 0, 0, 0, 3, 0, 0, 0
-35, -107, 15, 0, 0, 0, 0, 3, 0, 0, 0
-31, -109, 14, 0, 0, 0, 0, 3, 0, 0, 0
-25, -104, 12, 0, 0, 0, 0, 3, 0, 0, 0
-24, -96, 12, 0, 0, 0, 0, 3, 0, 0, 0
-32, -96, 11, 0, 0, 0, 0, 3, 0, 0, 0
-45, -105, 11, 0, 0, 0, 0, 3, 0, 0, 0
-54, -109, 11, 0, 0, 0, 0, 3, 0, 0, 0
-47, -102, 11, 0, 0, 0, 0, 3, 0, 0, 0
-22, -96, 12, 0, 0, 0, 0, 3, 7792, 416, 0
-1, -92, 12, 0, 0, 0, 0, 3, 0, 0, 2096
6, -89, 12, 0, 0, 0, 0, 3, 0, 0, 0
-1, -92, 12, 0, 0, 0, 0, 3, 0, 0, 0
-4, -88, 12, 0, 0, 0, 0, 3, 0, 0, 0
11, -70, 12, 0, 0, 0, 0, 3, 0, 0, 0
22, -55, 11, 0, 0, 0, 0, 3, 0, 0, 0
25, -55, 10, 0, 0, 0, 0, 3, 0, 0, 0
29, -64, 10, 0, 0, 0, 0, 3, 0, 0, 0
29, -71, 9, 0, 0, 0, 0, 3, 0, 0, 0
19, -76, 9, 0, 0, 0, 0, 3, 7840, 416, 2080
3, -75, 8, 0, 0, 0, 0, 3, 0, 0, 0
3, -71, 8, 0, 0, 0, 0, 3, 0, 0, 0
9, -72, 7, 0, 0, 0, 0, 3, 0, 0, 0
13, -80, 7, 0, 0, 0, 0, 3, 0, 0, 0
21, -84, 7, 0, 0, 0, 0, 3, 0, 0, 0
15, -89, 7, 0, 0, 0, 0, 3, 0, 0, 0
1, -93, 8, 0, 0, 0, 0, 3, 0, 0, 0
5, -83, 8, 0, 0, 0, 0, 3, 0, 0, 0
9, -74, 9, 0, 0, 0, 0, 3, 0, 0, 0
10, -70, 9, 0, 0, 0, 0, 3, 7872, 416, 0
6, -69, 9, 0, 0, 0, 0, 3, 0, 0, 2128
-4, -75, 10, 0, 0, 0, 0, 3, 0, 0, 0
-11, -84, 10, 0, 0, 0, 0, 3, 0, 0, 0
-12, -88, 11, 0, 0, 0, 0, 3, 0, 0, 0
-10, -88, 11, 0, 0, 0, 0, 3, 0, 0, 0
-4, -87, 12, 0, 0, 0, 0, 3, 0, 0, 0
-1, -90, 12, 0, 0, 0, 0, 3, 0, 0, 0
2, -87, 13, 0, 0, 0, 0, 3, 0, 0, 0
0, -84, 13, 0, 0, 0, 0, 3, 0, 0, 0
-7, -86, 13, 0, 0, 0, 0, 3, 0, 0, 0
-16, -92, 13, 0, 0, 0, 0, 3, 7856, 464, 2080
-27, -90, 14, 0, 0, 0, 0, 3, 0, 0, 0
-25, -85, 13, 0, 0, 0, 0, 3, 0, 0, 0
-9, -77, 13, 0, 0, 0, 0, 3, 0, 0, 0
2, -72, 12, 0, 0, 0, 0, 3, 0, 0, 0
0, -70, 11, 0, 0, 0, 0, 3, 0, 0, 0
-4, -73, 9, 0, 0, 0, 0, 3, 0, 0, 0
-2, -74, 7, 0, 0, 0, 0, 3, 0, 0, 0
-8, -71, 6, 0, 0, 0, 0, 3, 0, 0, 0
-14, -73, 4, 0, 0, 0, 0, 3, 0, 0, 0
-19, -79, 4, 0, 0, 0, 0, 3, 7824, 448, 2096
-20, -78, 3, 0, 0, 0, 0, 3, 0, 0, 0
-13, -72, 3, 0, 0, 0, 0, 3, 0, 0, 0
-8, -71, 3, 0, 0, 0, 0, 3, 0, 0, 0
-7, -73, 4, 0, 0, 0, 0, 3, 0, 0, 0
-12, -75, 3, 0, 0, 0, 0, 3, 0, 0, 0
-17, -76, 4, 0, 0, 0, 0, 3, 0, 0, 0
-19, -77, 3, 0, 0, 0, 0, 3, 0, 0, 0
-22, -75, 4, 0, 0, 0, 0, 3, 0, 0, 0
-24, -77, 4, 0, 0, 0, 0, 3, 0, 0, 0
-27, -78, 4, 0, 0, 0, 0, 3, 7808, 432, 2112
-29, -78, 4, 0, 0, 0, 0, 3, 0, 0, 0
-19, -72, 4, 0, 0, 0, 0, 3, 0, 0, 0
-9, -69, 4, 0, 0, 0, 0, 3, 0, 0, 0
-8, -72, 4, 0, 0, 0, 0, 3, 0, 0, 0
-15, -78, 3, 0, 0, 0, 0, 3, 0, 0, 0
-28, -81, 2, 0, 0, 0, 0, 3, 0, 0, 0
-40, -80, 2, 0, 0, 0, 0, 3, 0, 0, 0
-41, -80, 1, 0, 0, 0, 0, 3, 0, 0, 0
-34, -78, 1, 0, 0, 0, 0, 3, 0, 0, 0
-28, -78, 0, 0, 0, 0, 0, 3, 0, 0, 0
-27, -80, 0, 0, 0, 0, 0, 3, 7792, 480, 2112
-24, -78, 0, 0, 0, 0, 0, 3, 0, 0, 0
-21, -66, 0, 0, 0, 0, 0, 3, 0, 0, 0
-23, -59, 0, 0, 0, 0, 0, 3, 0, 0, 0
-27, -57, 0, 0, 0, 0, 0, 3, 0, 0, 0
-30, -63, 0, 0, 0, 0, 0, 3, 0, 0, 0
-30, -71, 0, 0, 0, 0, 0, 3, 0, 0, 0
-30, -75, 0, 0, 0, 0, 0, 3, 0, 0, 0
-28, -73, 0, 0, 0, 0, 0, 3, 0, 0, 0
-25, -67, 0, 0, 0, 0, 0, 3, 0, 0, 0
-23, -65, 0, 0, 0, 0, 0, 3, 7840, 448, 2144
-27, -66, -1, 0, 0, 0, 0, 3, 0, 0, 0
-30, -64, -1, 0, 0, 0, 0, 3, 0, 0, 0
-32, -68, -1, 0, 0, 0, 0, 3, 0, 0, 0
-36, -71, -1, 0, 0, 0, 0, 3, 0, 0, 0
-34, -66, -1, 0, 0, 0, 0, 3, 0, 0, 0
-28, -59, -1, 0, 0, 0, 0, 3, 0, 0, 0
-22, -52, -1, 0, 0, 0, 0, 3, 0, 0, 0
-22, -50, -1, 0, 0, 0, 0, 3, 0, 0, 0
-25, -51, -2, 0, 0, 0, 0, 3, 0, 0, 0
-27, -55, -2, 0, 0, 0, 0, 3, 7840, 464, 0
-24, -59, -1, 0, 0, 0, 0, 3, 0, 0, 2144
-29, -61, -1, 0, 0, 0, 0, 3, 0, 0, 0
-31, -60, -2, 0, 0, 0, 0, 3, 0, 0, 0
-35, -63, -2, 0, 0, 0, 0, 3, 0, 0, 0
-41, -71, -2, 0, 0, 0, 0, 3, 0, 0, 0
-30, -67, -1, 0, 0, 0, 0, 3, 0, 0, 0
-22, -54, -1, 0, 0, 0, 0, 3, 0, 0, 0
-16, -43, 0, 0, 0, 0, 0, 3, 0, 0, 0
-16, -40, 0, 0, 0, 0, 0, 3, 0, 0, 0
-19, -43, 0, 0, 0, 0, 0, 3, 7808, 432, 2128
-23, -45, 0, 0, 0, 0, 0, 3, 0, 0, 0
-27, -50, 1, 0, 0, 0, 0, 3, 0, 0, 0
-36, -54, 3, 0, 0, 0, 0, 3, 0, 0, 0
-37, -51, 4, 0, 0, 0, 0, 3, 0, 0, 0
-26, -48, 6, 0, 0, 0, 0, 3, 0, 0, 0
-19, -48, 8, 0, 0, 0, 0, 3, 0, 0, 0
-18, -50, 9, 0, 0, 0, 0, 3, 0, 0, 0
-16, -47, 11, 0, 0, 0, 0, 3, 0, 0, 0
-22, -48, 13, 0, 0, 0, 0, 3, 0, 0, 0
-25, -42, 15, 0, 0, 0, 0, 3, 0, 0, 0
-19, -38, 17, 0, 0, 0, 0, 3, 7840, 432, 0
-16, -38, 19, 0, 0, 0, 0, 3, 0, 0, 2208
-16, -40, 21, 0, 0, 0, 0, 3, 0, 0, 0
-22, -43, 23, 0, 0, 0, 0, 3, 0, 0, 0
-28, -47, 25, 0, 0, 0, 0, 3, 0, 0, 0
-33, -50, 27, 0, 0, 0, 0, 3, 0, 0, 0
-34, -47, 29, 0, 0, 0, 0, 3, 0, 0, 0
-22, -39, 30, 0, 0, 0, 0, 3, 0, 0, 0
-20, -36, 31, 0, 0, 0, 0, 3, 0, 0, 0
-35, -37, 33, 0, 0, 0, 0, 3, 0, 0, 0
-42, -41, 33, 0, 0, 0, 0, 3, 7808, 448, 2208
-35, -39, 33, 0, 0, 0, 0, 3, 0, 0, 0
-31, -37, 33, 0, 0, 0, 0, 3, 0, 0, 0
-25, -34, 34, 0, 0, 0, 0, 3, 0, 0, 0
-16, -30, 35, 0, 0, 0, 0, 3, 0, 0, 0
-4, -26, 36, 0, 0, 0, 0, 3, 0, 0, 0
-3, -26, 37, 0, 0, 0, 0, 3, 0, 0, 0
-10, -29, 38, 0, 0, 0, 0, 3, 0, 0, 0
-19, -29, 39, 0, 0, 0, 0, 3, 0, 0, 0
-25, -30, 40, 0, 0, 0, 0, 3, 0, 0, 0
-28, -33, 41, 0, 0, 0, 0, 3, 7824, 432, 2144
-27, -35, 42, 0, 0, 0, 0, 3, 0, 0, 0
-20, -40, 42, 0, 0, 0, 0, 3, 0, 0, 0
-12, -38, 42, 0, 0, 0, 0, 3, 0, 0, 0
-14, -31, 42, 0, 0, 0, 0, 3, 0, 0, 0
-15, -19, 42, 0, 0, 0, 0, 3, 0, 0, 0
-13, -11, 42, 0, 0, 0, 0, 3, 0, 0, 0
-14, -12, 42, 0, 0, 0, 0, 3, 0, 0, 0
-18, -16, 42, 0, 0, 0, 0, 3, 0, 0, 0
-23, -17, 42, 0, 0, 0, 0, 3, 0, 0, 0
-21, -20, 41, 0, 0, 0, 0, 3, 7792, 432, 2064
-16, -21, 40, 0, 0, 0, 0, 3, 0, 0, 0
-17, -25, 40, 0, 0, 0, 0, 3, 0, 0, 0
-21, -26, 40, 0, 0, 0, 0, 3, 0, 0, 0
-22, -22, 39, 0, 0, 0, 0, 3, 0, 0, 0
-17, -18, 38, 0, 0, 0, 0, 3, 0, 0, 0
-16, -16, 38, 0, 0, 0, 0, 3, 0, 0, 0
-15, -15, 37, 0, 0, 0, 0, 3, 0, 0, 0
-16, -15, 37, 0, 0, 0, 0, 3, 0, 0, 0
-22, -19, 35, 0, 0, 0, 0, 3, 0, 0, 0
-30, -20, 34, 0, 0, 0, 0, 3, 0, 0, 0
-34, -18, 33, 0, 0, 0, 0, 3, 7808, 448, 2096
-25, -21, 31, 0, 0, 0, 0, 3, 0, 0, 0
-15, -20, 30, 0, 0, 0, 0, 3, 0, 0, 0
-12, -16, 29, 0, 0, 0, 0, 3, 0, 0, 0
-14, -17, 28, 0, 0, 0, 0, 3, 0, 0, 0
-16, -22, 26, 0, 0, 0, 0, 3, 0, 0, 0
-13, -23, 24, 0, 0, 0, 0, 3, 0, 0, 0
-6, -13, 23, 0, 0, 0, 0, 3, 0, 0, 0
-2, -6, 22, 0, 0, 0, 0, 3, 0, 0, 0
-6, -5, 21, 0, 0, 0, 0, 3, 0, 0, 0
-14, -4, 19, 0, 0, 0, 0, 3, 7808, 416, 2080
-18, 2, 19, 0, 0, 0, 0, 3, 0, 0, 0
-18, 5, 17, 0, 0, 0, 0, 3, 0, 0, 0
-11, 4, 16, 0, 0, 0, 0, 3, 0, 0, 0
-15, -4, 15, 0, 0, 0, 0, 3, 0, 0, 0
-16, -9, 13, 0, 0, 0, 0, 3, 0, 0, 0
-12, -8, 12, 0, 0, 0, 0, 3, 0, 0, 0
-9, -6, 11, 0, 0, 0, 0, 3, 0, 0, 0
-4, -6, 9, 0, 0, 0, 0, 3, 0, 0, 0
-1, -2, 9, 0, 0, 0, 0, 3, 0, 0, 0
2, 2, 8, 0, 0, 0, 0, 3, 7840, 432, 2080
-4, 0, 9, 0, 0, 0, 0, 3, 0, 0, 0
-18, -8, 9, 0, 0, 0, 0, 3, 0, 0, 0
-30, -15, 9, 0, 0, 0, 0, 3, 0, 0, 0
-33, -12, 9, 0, 0, 0, 0, 3, 0, 0, 0
-31, -8, 9, 0, 0, 0, 0, 3, 0, 0, 0
-21, -5, 9, 0, 0, 0, 0, 3, 0, 0, 0
-15, -4, 8, 0, 0, 0, 0, 3, 0, 0, 0
-14, -5, 8, 0, 0, 0, 0, 3, 0, 0, 0
-33, -10, 8, 0, 0, 0, 0, 3, 0, 0, 0
-37, -16, 8, 0, 0, 0, 0, 3, 7856, 448, 0
-19, -19, 7, 0, 0, 0, 0, 3, 0, 0, 2096
-4, -14, 7, 0, 0, 0, 0, 3, 0, 0, 0
-3, -12, 6, 0, 0, 0, 0, 3, 0, 0, 0
-4, -4, 5, 0, 0, 0, 0, 3, 0, 0, 0
-13, -1, 5, 0, 0, 0, 0, 3, 0, 0, 0
-24, -4, 4, 0, 0, 0, 0, 3, 0, 0, 0
-25, -7, 5, 0, 0, 0, 0, 3, 0, 0, 0
-21, -5, 5, 0, 0, 0, 0, 3, 0, 0, 0
-32, -16, 5, 0, 0, 0, 0, 3, 0, 0, 0
-43, -20, 6, 0, 0, 0, 0, 3, 0, 0, 0
-39, -12, 6, 0, 0, 0, 0, 3, 7872, 496, 2112
-33, -11, 7, 0, 0, 0, 0, 3, 0, 0, 0
-28, -14, 8, 0, 0, 0, 0, 3, 0, 0, 0
-30, -15, 8, 0, 0, 0, 0, 3, 0, 0, 0
-33, -10, 9, 0, 0, 0, 0, 3, 0, 0, 0
-33, -10, 9, 0, 0, 0, 0, 3, 0, 0, 0
-38, -18, 10, 0, 0, 0, 0, 3, 0, 0, 0
-40, -29, 10, 0, 0, 0, 0, 3, 0, 0, 0
-42, -36, 11, 0, 0, 0, 0, 3, 0, 0, 0
-40, -27, 11, 0, 0, 0, 0, 3, 0, 0, 0
-44, -16, 10, 0, 0, 0, 0, 3, 7824, 528, 0
-46, -13, 10, 0, 0, 0, 0, 3, 0, 0, 2112
-42, -10, 10, 0, 0, 0, 0, 3, 0, 0, 0
-46, -13, 10, 0, 0, 0, 0, 3, 0, 0, 0
-50, -17, 9, 0, 0, 0, 0, 3, 0, 0, 0
-36, -17, 9, 0, 0, 0, 0, 3, 0, 0, 0
-26, -12, 8, 0, 0, 0, 0, 3, 0, 0, 0
-27, 2, 8, 0, 0, 0, 0, 3, 0, 0, 0
-18, 16, 7, 0, 0, 0, 0, 3, 0, 0, 0
0, 18, 7, 0, 0, 0, 0, 3, 0, 0, 0
-2, 10, 6, 0, 0, 0, 0, 3, 7888, 576, 2144
-16, -4, 5, 0, 0, 0, 0, 3, 0, 0, 0
-21, -16, 4, 0, 0, 0, 0, 3, 0, 0, 0
-25, -17, 4, 0, 0, 0, 0, 3, 0, 0, 0
-36, -11, 3, 0, 0, 0, 0, 3, 0, 0, 0
-50, -12, 3, 0, 0, 0, 0, 3, 0, 0, 0
-53, -14, 2, 0, 0, 0, 0, 3, 0, 0, 0
-50, -7, 1, 0, 0, 0, 0, 3, 0, 0, 0
-40, 0, 1, 0, 0, 0, 0, 3, 0, 0, 0
-32, 4, 1, 0, 0, 0, 0, 3, 0, 0, 0
-30, 6, 1, 0, 0, 0, 0, 3, 0, 0, 0
-29, 3, 0, 0, 0, 0, 0, 3, 7904, 576, 2160
-38, 5, 1, 0, 0, 0, 0, 3, 0, 0, 0
-44, 9, 1, 0, 0, 0, 0, 3, 0, 0, 0
-37, 8, 1, 0, 0, 0, 0, 3, 0, 0, 0
-40, 7, 0, 0, 0, 0, 0, 3, 0, 0, 0
-44, 13, 0, 0, 0, 0, 0, 3, 0, 0, 0
-35, 19, 0, 0, 0, 0, 0, 3, 0, 0, 0
-20, 27, 0, 0, 0, 0, 0, 3, 0, 0, 0
-14, 32, -1, 0, 0, 0, 0, 3, 0, 0, 0
-18, 34, -2, 0, 0, 0, 0, 3, 0, 0, 0
-22, 37, -2, 0, 0, 0, 0, 3, 7856, 560, 2192
-29, 35, -3, 0, 0, 0, 0, 3, 0, 0, 0
-39, 27, -2, 0, 0, 0, 0, 3, 0, 0, 0
-40, 19, -2, 0, 0, 0, 0, 3, 0, 0, 0
-34, 16, -2, 0, 0, 0, 0, 3, 0, 0, 0
-29, 20, -1, 0, 0, 0, 0, 3, 0, 0, 0
-26, 27, -1, 0, 0, 0, 0, 3, 0, 0, 0
-32, 25, 0, 0, 0, 0, 0, 3, 0, 0, 0
-37, 26, 0, 0, 0, 0, 0, 3, 0, 0, 0
-39, 30, 0, 0, 0, 0, 0, 3, 0, 0, 0
-40, 27, 0, 0, 0, 0, 0, 3, 0, 0, 0
-35, 23, 0, 0, 0, 0, 0, 3, 7872, 528, 2192
-28, 25, 0, 0, 0, 0, 0, 3, 0, 0, 0
-32, 28, 0, 0, 0, 0, 0, 3, 0, 0, 0
-39, 29, 0, 0, 0, 0, 0, 3, 0, 0, 0
-40, 30, 0, 0, 0, 0, 0, 3, 0, 0, 0
-35, 27, 0, 0, 0, 0, 0, 3, 0, 0, 0
-33, 23, 0, 0, 0, 0, 0, 3, 0, 0, 0
-34, 18, 0, 0, 0, 0, 0, 3, 0, 0, 0
-35, 16, 0, 0, 0, 0, 0, 3, 0, 0, 0
-41, 15, 0, 0, 0, 0, 0, 3, 7808, 512, 2176
-41, 16, 1, 0, 0, 0, 0, 3, 0, 0, 0
-34, 19, 0, 0, 0, 0, 0, 3, 0, 0, 0
-34, 18, 1, 0, 0, 0, 0, 3, 0, 0, 0
-38, 17, 1, 0, 0, 0, 0, 3, 0, 0, 0
-38, 18, 1, 0, 0, 0, 0, 3, 0, 0, 0
-34, 23, 2, 0, 0, 0, 0, 3, 0, 0, 0
-27, 31, 2, 0, 0, 0, 0, 3, 0, 0, 0
-22, 33, 3, 0, 0, 0, 0, 3, 0, 0, 0
-21, 31, 3, 0, 0, 0, 0, 3, 0, 0, 0
-25, 29, 4, 0, 0, 0, 0, 3, 0, 0, 0
-29, 25, 4, 0, 0, 0, 0, 3, 0, 0, 0
-25, 19, 4, 0, 0, 0, 0, 3, 7856, 512, 2224
-15, 16, 5, 0, 0, 0, 0, 3, 0, 0, 0
-15, 16, 6, 0, 0, 0, 0, 3, 0, 0, 0
-26, 18, 7, 0, 0, 0, 0, 3, 0, 0, 0
-32, 25, 8, 0, 0, 0, 0, 3, 0, 0, 0
-21, 33, 10, 0, 0, 0, 0, 3, 0, 0, 0
-6, 37, 11, 0, 0, 0, 0, 3, 0, 0, 0
0, 35, 12, 0, 0, 0, 0, 3, 0, 0, 0
0, 28, 14, 0, 0, 0, 0, 3, 0, 0, 0
-4, 19, 16, 0, 0, 0, 0, 3, 7824, 448, 2176
-8, 20, 17, 0, 0, 0, 0, 3, 0, 0, 0
-12, 25, 20, 0, 0, 0, 0, 3, 0, 0, 0
-18, 31, 21, 0, 0, 0, 0, 3, 0, 0, 0
-20, 32, 24, 0, 0, 0, 0, 3, 0, 0, 0
-21, 22, 25, 0, 0, 0, 0, 3, 0, 0, 0
-12, 13, 28, 0, 0, 0, 0, 3, 0, 0, 0
-4, 20, 29, 0, 0, 0, 0, 3, 0, 0, 0
-5, 28, 31, 0, 0, 0, 0, 3, 0, 0, 0
-8, 32, 32, 0, 0, 0, 0, 3, 0, 0, 0
-8, 35, 33, 0, 0, 0, 0, 3, 7808, 464, 2224
-7, 35, 35, 0, 0, 0, 0, 3, 0, 0, 0
-2, 34, 35, 0, 0, 0, 0, 3, 0, 0, 0
-3, 32, 36, 0, 0, 0, 0, 3, 0, 0, 0
-5, 28, 37, 0, 0, 0, 0, 3, 0, 0, 0
-15, 16, 37, 0, 0, 0, 0, 3, 0, 0, 0
-22, 0, 37, 0, 0, 0, 0, 3, 0, 0, 0
-21, 7, 38, 0, 0, 0, 0, 3, 0, 0, 0
-20, 25, 38, 0, 0, 0, 0, 3, 0, 0, 0
-21, 31, 39, 0, 0, 0, 0, 3, 0, 0, 0
-23, 29, 39, 0, 0, 0, 0, 3, 0, 0, 0
-22, 25, 39, 0, 0, 0, 0, 3, 7824, 496, 2224
-8, 25, 39, 0, 0, 0, 0, 3, 0, 0, 0
1, 26, 39, 0, 0, 0, 0, 3, 0, 0, 0
0, 22, 39, 0, 0, 0, 0, 3, 0, 0, 0
-8, 21, 38, 0, 0, 0, 0, 3, 0, 0, 0
-14, 21, 37, 0, 0, 0, 0, 3, 0, 0, 0
-8, 21, 36, 0, 0, 0, 0, 3, 0, 0, 0
-2, 20, 35, 0, 0, 0, 0, 3, 0, 0, 0
-6, 20, 33, 0, 0, 0, 0, 3, 0, 0, 0
-18, 25, 33, 0, 0, 0, 0, 3, 0, 0, 0
-13, 29, 33, 0, 0, 0, 0, 3, 7824, 432, 2208
-3, 27, 33, 0, 0, 0, 0, 3, 0, 0, 0
-5, 25, 33, 0, 0, 0, 0, 3, 0, 0, 0
-13, 21, 33, 0, 0, 0, 0, 3, 0, 0, 0
-13, 16, 33, 0, 0, 0, 0, 3, 0, 0, 0
-5, 19, 33, 0, 0, 0, 0, 3, 0, 0, 0
-2, 25, 33, 0, 0, 0, 0, 3, 0, 0, 0
-15, 24, 33, 0, 0, 0, 0, 3, 0, 0, 0
-21, 21, 32, 0, 0, 0, 0, 3, 0, 0, 0
-12, 12, 31, 0, 0, 0, 0, 3, 0, 0, 0
-1, 9, 31, 0, 0, 0, 0, 3, 0, 0, 0
3, 11, 30, 0, 0, 0, 0, 3, 7920, 352, 2224
-4, 8, 29, 0, 0, 0, 0, 3, 0, 0, 0
-16, 10, 28, 0, 0, 0, 0, 3, 0, 0, 0
-20, 14, 27, 0, 0, 0, 0, 3, 0, 0, 0
-16, 16, 25, 0, 0, 0, 0, 3, 0, 0, 0
-11, 16, 25, 0, 0, 0, 0, 3, 0, 0, 0
-9, 18, 23, 0, 0, 0, 0, 3, 0, 0, 0
-9, 19, 22, 0, 0, 0, 0, 3, 0, 0, 0
-4, 20, 21, 0, 0, 0, 0, 3, 0, 0, 0
-10, 14, 19, 0, 0, 0, 0, 3, 7872, 272, 2224
-22, 2, 18, 0, 0, 0, 0, 3, 0, 0, 0
-21, -3, 17, 0, 0, 0, 0, 3, 0, 0, 0
-12, 8, 17, 0, 0, 0, 0, 3, 0, 0, 0
-7, 14, 16, 0, 0, 0, 0, 3, 0, 0, 0
-1, 18, 16, 0, 0, 0, 0, 3, 0, 0, 0
0, 21, 14, 0, 0, 0, 0, 3, 0, 0, 0
-4, 24, 15, 0, 0, 0, 0, 3, 0, 0, 0
-6, 25, 14, 0, 0, 0, 0, 3, 0, 0, 0
-4, 24, 14, 0, 0, 0, 0, 3, 0, 0, 0
6, 22, 14, 0, 0, 0, 0, 3, 7856, 256, 0
11, 18, 14, 0, 0, 0, 0, 3, 0, 0, 2224
0, 9, 13, 0, 0, 0, 0, 3, 0, 0, 0
-25, 4, 13, 0, 0, 0, 0, 3, 0, 0, 0
-22, 8, 13, 0, 0, 0, 0, 3, 0, 0, 0
-8, 9, 13, 0, 0, 0, 0, 3, 0, 0, 0
-4, 10, 12, 0, 0, 0, 0, 3, 0, 0, 0
-6, 11, 12, 0, 0, 0, 0, 3, 0, 0, 0
-7, 11, 12, 0, 0, 0, 0, 3, 0, 0, 0
-10, 8, 10, 0, 0, 0, 0, 3, 0, 0, 0
-17, -1, 10, 0, 0, 0, 0, 3, 0, 0, 0
-21, -6, 8, 0, 0, 0, 0, 3, 7872, 288, 2208
-13, 1, 8, 0, 0, 0, 0, 3, 0, 0, 0
-9, 10, 8, 0, 0, 0, 0, 3, 0, 0, 0
-9, 14, 7, 0, 0, 0, 0, 3, 0, 0, 0
-12, 11, 6, 0, 0, 0, 0, 3, 0, 0, 0
-8, 7, 5, 0, 0, 0, 0, 3, 0, 0, 0
-3, 9, 5, 0, 0, 0, 0, 3, 0, 0, 0
-4, 13, 4, 0, 0, 0, 0, 3, 0, 0, 0
-14, 10, 4, 0, 0, 0, 0, 3, 0, 0, 0
-26, 0, 5, 0, 0, 0, 0, 3, 0, 0, 0
-19, -3, 5, 0, 0, 0, 0, 3, 7840, 240, 0
-9, 0, 6, 0, 0, 0, 0, 3, 0, 0, 2224
-9, 7, 7, 0, 0, 0, 0, 3, 0, 0, 0
-19, 7, 7, 0, 0, 0, 0, 3, 0, 0, 0
-28, 3, 8, 0, 0, 0, 0, 3, 0, 0, 0
-30, -10, 8, 0, 0, 0, 0, 3, 0, 0, 0
-29, -15, 9, 0, 0, 0, 0, 3, 0, 0, 0
-20, -2, 9, 0, 0, 0, 0, 3, 0, 0, 0
-9, 9, 10, 0, 0, 0, 0, 3, 0, 0, 0
-3, 12, 10, 0, 0, 0, 0, 3, 0, 0, 0
-5, 6, 10, 0, 0, 0, 0, 3, 7776, 256, 2240
-10, 2, 10, 0, 0, 0, 0, 3, 0, 0, 0
-14, 0, 9, 0, 0, 0, 0, 3, 0, 0, 0
-11, -2, 9, 0, 0, 0, 0, 3, 0, 0, 0
-5, 0, 9, 0, 0, 0, 0, 3, 0, 0, 0
-10, 3, 9, 0, 0, 0, 0, 3, 0, 0, 0
-17, 1, 8, 0, 0, 0, 0, 3, 0, 0, 0
-20, -2, 7, 0, 0, 0, 0, 3, 0, 0, 0
-25, 0, 6, 0, 0, 0, 0, 3, 0, 0, 0
-20, 1, 5, 0, 0, 0, 0, 3, 0, 0, 0
-3, 7, 4, 0, 0, 0, 0, 3, 7824, 192, 2224
9, 19, 4, 0, 0, 0, 0, 3, 0, 0, 0
16, 27, 4, 0, 0, 0, 0, 3, 0, 0, 0
18, 24, 3, 0, 0, 0, 0, 3, 0, 0, 0
7, 13, 2, 0, 0, 0, 0, 3, 0, 0, 0
-10, 4, 1, 0, 0, 0, 0, 3, 0, 0, 0
-19, -4, 0, 0, 0, 0, 0, 3, 0, 0, 0
-16, -7, 0, 0, 0, 0, 0, 3, 0, 0, 0
-9, 0, 0, 0, 0, 0, 0, 3, 0, 0, 0
-8, 6, -1, 0, 0, 0, 0, 3, 0, 0, 0
-4, 10, 0, 0, 0, 0, 0, 3, 0, 0, 0
-2, 4, 0, 0, 0, 0, 0, 3, 7824, 112, 2256
-10, 0, 0, 0, 0, 0, 0, 3, 0, 0, 0
-14, 5, 0, 0, 0, 0, 0, 3, 0, 0, 0
-13, 10, 1, 0, 0, 0, 0, 3, 0, 0, 0
-14, 8, 1, 0, 0, 0, 0, 3, 0, 0, 0
-16, 0, 2, 0, 0, 0, 0, 3, 0, 0, 0
-18, -4, 3, 0, 0, 0, 0, 3, 0, 0, 0
-17, 4, 3, 0, 0, 0, 0, 3, 0, 0, 0
-16, 6, 3, 0, 0, 0, 0, 3, 0, 0, 0
-11, 7, 2, 0, 0, 0, 0, 3, 0, 0, 0
-5, 11, 2, 0, 0, 0, 0, 3, 7824, 128, 2272
0, 12, 2, 0, 0, 0, 0, 3, 0, 0, 0
4, 11, 3, 0, 0, 0, 0, 3, 0, 0, 0
3, 16, 2, 0, 0, 0, 0, 3, 0, 0, 0
-2, 21, 2, 0, 0, 0, 0, 3, 0, 0, 0
-10, 21, 1, 0, 0, 0, 0, 3, 0, 0, 0
-14, 20, 2, 0, 0, 0, 0, 3, 0, 0, 0
-8, 14, 2, 0, 0, 0, 0, 3, 0, 0, 0
2, 12, 2, 0, 0, 0, 0, 3, 0, 0, 0
5, 12, 3, 0, 0, 0, 0, 3, 0, 0, 0
7, 15, 3, 0, 0, 0, 0, 3, 7856, 112, 2272
9, 22, 3, 0, 0, 0, 0, 3, 0, 0, 0
7, 25, 3, 0, 0, 0, 0, 3, 0, 0, 0
-3, 20, 4, 0, 0, 0, 0, 3, 0, 0, 0
-12, 17, 3, 0, 0, 0, 0, 3, 0, 0, 0
-12, 12, 3, 0, 0, 0, 0, 3, 0, 0, 0
-10, 7, 3, 0, 0, 0, 0, 3, 0, 0, 0
-4, 10, 2, 0, 0, 0, 0, 3, 0, 0, 0
-2, 8, 1, 0, 0, 0, 0, 3, 0, 0, 0
-10, 4, 1, 0, 0, 0, 0, 3, 0, 0, 0
-16, 8, 0, 0, 0, 0, 0, 3, 0, 0, 0
-23, 11, 0, 0, 0, 0, 0, 3, 7840, 128, 2160
-29, 10, -1, 0, 0, 0, 0, 3, 0, 0, 0
-22, 5, -1, 0, 0, 0, 0, 3, 0, 0, 0
-7, 4, -1, 0, 0, 0, 0, 3, 0, 0, 0
0, 7, 0, 0, 0, 0, 0, 3, 0, 0, 0
6, 17, 0, 0, 0, 0, 0, 3, 0, 0, 0
6, 23, 0, 0, 0, 0, 0, 3, 0, 0, 0
-1, 18, 1, 0, 0, 0, 0, 3, 0, 0, 0
-6, 10, 1, 0, 0, 0, 0, 3, 0, 0, 0
-5, 8, 3, 0, 0, 0, 0, 3, 0, 0, 0
-13, 2, 3, 0, 0, 0, 0, 3, 0, 0, 0
-20, 0, 4, 0, 0, 0, 0, 3, 7840, 96, 2272
-21, 4, 5, 0, 0, 0, 0, 3, 0, 0, 0
-14, 8, 7, 0, 0, 0, 0, 3, 0, 0, 0
-1, 13, 8, 0, 0, 0, 0, 3, 0, 0, 0
9, 16, 9, 0, 0, 0, 0, 3, 0, 0, 0
13, 18, 10, 0, 0, 0, 0, 3, 0, 0, 0
7, 19, 11, 0, 0, 0, 0, 3, 0, 0, 0
-3, 16, 12, 0, 0, 0, 0, 3, 0, 0, 0
-12, 12, 13, 0, 0, 0, 0, 3, 0, 0, 0
-13, 9, 15, 0, 0, 0, 0, 3, 7824, 112, 2272
-7, 13, 16, 0, 0, 0, 0, 3, 0, 0, 0
-2, 16, 18, 0, 0, 0, 0, 3, 0, 0, 0
-6, 13, 19, 0, 0, 0, 0, 3, 0, 0, 0
-8, 10, 21, 0, 0, 0, 0, 3, 0, 0, 0
-9, 4, 22, 0, 0, 0, 0, 3, 0, 0, 0
-7, 8, 25, 0, 0, 0, 0, 3, 0, 0, 0
-1, 11, 26, 0, 0, 0, 0, 3, 0, 0, 0
-6, 13, 29, 0, 0, 0, 0, 3, 0, 0, 0
-16, 9, 30, 0, 0, 0, 0, 3, 0, 0, 0
-18, 2, 32, 0, 0, 0, 0, 3, 7792, 112, 0
-12, 10, 33, 0, 0, 0, 0, 3, 0, 0, 2304
-7, 21, 33, 0, 0, 0, 0, 3, 0, 0, 0
0, 22, 34, 0, 0, 0, 0, 3, 0, 0, 0
6, 18, 34, 0, 0, 0, 0, 3, 0, 0, 0
6, 13, 34, 0, 0, 0, 0, 3, 0, 0, 0
0, 12, 33, 0, 0, 0, 0, 3, 0, 0, 0
-8, 10, 34, 0, 0, 0, 0, 3, 0, 0, 0
-16, 8, 35, 0, 0, 0, 0, 3, 0, 0, 0
-19, 4, 36, 0, 0, 0, 0, 3, 0, 0, 0
-19, -4, 37, 0, 0, 0, 0, 3, 0, 0, 0
-24, -12, 37, 0, 0, 0, 0, 3, 7792, 64, 2304
-26, -2, 38, 0, 0, 0, 0, 3, 0, 0, 0
-19, 12, 38, 0, 0, 0, 0, 3, 0, 0, 0
-6, 18, 39, 0, 0, 0, 0, 3, 0, 0, 0
2, 20, 40, 0, 0, 0, 0, 3, 0, 0, 0
-3, 18, 40, 0, 0, 0, 0, 3, 0, 0, 0
-18, 15, 40, 0, 0, 0, 0, 3, 0, 0, 0
-16, 9, 39, 0, 0, 0, 0, 3, 0, 0, 0
-8, 4, 39, 0, 0, 0, 0, 3, 0, 0, 0
-3, 5, 39, 0, 0, 0, 0, 3, 0, 0, 0
-5, 7, 39, 0, 0, 0, 0, 3, 7856, 112, 0
-13, 8, 39, 0, 0, 0, 0, 3, 0, 0, 2288
-14, 12, 39, 0, 0, 0, 0, 3, 0, 0, 0
-5, 16, 38, 0, 0, 0, 0, 3, 0, 0, 0
-4, 13, 37, 0, 0, 0, 0, 3, 0, 0, 0
-15, 4, 37, 0, 0, 0, 0, 3, 0, 0, 0
-18, 4, 36, 0, 0, 0, 0, 3, 0, 0, 0
-10, 14, 35, 0, 0, 0, 0, 3, 0, 0, 0
-7, 12, 34, 0, 0, 0, 0, 3, 0, 0, 0
-11, 7, 34, 0, 0, 0, 0, 3, 0, 0, 0
-16, 9, 33, 0, 0, 0, 0, 3, 7920, 128, 2256
-14, 14, 33, 0, 0, 0, 0, 3, 0, 0, 0
-9, 16, 32, 0, 0, 0, 0, 3, 0, 0, 0
-12, 16, 30, 0, 0, 0, 0, 3, 0, 0, 0
-18, 13, 30, 0, 0, 0, 0, 3, 0, 0, 0
-19, 7, 29, 0, 0, 0, 0, 3, 0, 0, 0
-12, 6, 28, 0, 0, 0, 0, 3, 0, 0, 0
-7, 11, 27, 0, 0, 0, 0, 3, 0, 0, 0
-5, 18, 26, 0, 0, 0, 0, 3, 0, 0, 0
-8, 19, 25, 0, 0, 0, 0, 3, 0, 0, 0
-14, 14, 24, 0, 0, 0, 0, 3, 7904, 112, 0
-15, 9, 22, 0, 0, 0, 0, 3, 0, 0, 2288
-14, 7, 21, 0, 0, 0, 0, 3, 0, 0, 0
-14, 13, 21, 0, 0, 0, 0, 3, 0, 0, 0
-12, 24, 20, 0, 0, 0, 0, 3, 0, 0, 0
-16, 23, 19, 0, 0, 0, 0, 3, 0, 0, 0
-17, 16, 19, 0, 0, 0, 0, 3, 0, 0, 0
-16, 8, 18, 0, 0, 0, 0, 3, 0, 0, 0
-18, 9, 17, 0, 0, 0, 0, 3, 0, 0, 0
-9, 25, 17, 0, 0, 0, 0, 3, 0, 0, 0
0, 32, 16, 0, 0, 0, 0, 3, 0, 0, 0
3, 32, 16, 0, 0, 0, 0, 3, 7856, 112, 2272
0, 28, 15, 0, 0, 0, 0, 3, 0, 0, 0
-6, 24, 15, 0, 0, 0, 0, 3, 0, 0, 0
-11, 19, 15, 0, 0, 0, 0, 3, 0, 0, 0
-5, 16, 14, 0, 0, 0, 0, 3, 0, 0, 0
0, 17, 14, 0, 0, 0, 0, 3, 0, 0, 0
-4, 17, 13, 0, 0, 0, 0, 3, 0, 0, 0
-20, 8, 12, 0, 0, 0, 0, 3, 0, 0, 0
-31, 5, 12, 0, 0, 0, 0, 3, 0, 0, 0
-25, 14, 11, 0, 0, 0, 0, 3, 0, 0, 0
-9, 19, 10, 0, 0, 0, 0, 3, 7824, 176, 0
1, 21, 9, 0, 0, 0, 0, 3, 0, 0, 2224
1, 18, 8, 0, 0, 0, 0, 3, 0, 0, 0
-4, 15, 8, 0, 0, 0, 0, 3, 0, 0, 0
-8, 17, 7, 0, 0, 0, 0, 3, 0, 0, 0
-15, 17, 7, 0, 0, 0, 0, 3, 0, 0, 0
-18, 18, 6, 0, 0, 0, 0, 3, 0, 0, 0
-20, 17, 6, 0, 0, 0, 0, 3, 0, 0, 0
-18, 16, 5, 0, 0, 0, 0, 3, 0, 0, 0
-10, 12, 6, 0, 0, 0, 0, 3, 0, 0, 0
-6, 12, 6, 0, 0, 0, 0, 3, 7808, 192, 2192
-8, 13, 6, 0, 0, 0, 0, 3, 0, 0, 0
-15, 11, 7, 0, 0, 0, 0, 3, 0, 0, 0
-16, 8, 8, 0, 0, 0, 0, 3, 0, 0, 0
-20, 5, 8, 0, 0, 0, 0, 3, 0, 0, 0
-27, 6, 9, 0, 0, 0, 0, 3, 0, 0, 0
-27, 6, 10, 0, 0, 0, 0, 3, 0, 0, 0
-20, 6, 11, 0, 0, 0, 0, 3, 0, 0, 0
-14, 1, 12, 0, 0, 0, 0, 3, 0, 0, 0
-11, 8, 12, 0, 0, 0, 0, 3, 0, 0, 0
-10, 15, 13, 0, 0, 0, 0, 3, 7808, 176, 0
-16, 14, 13, 0, 0, 0, 0, 3, 0, 0, 2192
-21, 11, 14, 0, 0, 0, 0, 3, 0, 0, 0
-22, 8, 14, 0, 0, 0, 0, 3, 0, 0, 0
-25, 7, 14, 0, 0, 0, 0, 3, 0, 0, 0
-30, 1, 14, 0, 0, 0, 0, 3, 0, 0, 0
-33, -4, 13, 0, 0, 0, 0, 3, 0, 0, 0
-28, -2, 13, 0, 0, 0, 0, 3, 0, 0, 0
-22, -3, 12, 0, 0, 0, 0, 3, 0, 0, 0
-18, -4, 12, 0, 0, 0, 0, 3, 0, 0, 0
-21, -7, 11, 0, 0, 0, 0, 3, 0, 0, 0
-18, 0, 10, 0, 0, 0, 0, 3, 7840, 144, 2176
-9, 19, 9, 0, 0, 0, 0, 3, 0, 0, 0
0, 28, 8, 0, 0, 0, 0, 3, 0, 0, 0
4, 24, 6, 0, 0, 0, 0, 3, 0, 0, 0
6, 19, 5, 0, 0, 0, 0, 3, 0, 0, 0
4, 13, 3, 0, 0, 0, 0, 3, 0, 0, 0
-4, 8, 2, 0, 0, 0, 0, 3, 0, 0, 0
-18, 3, 1, 0, 0, 0, 0, 3, 0, 0, 0
-25, 1, 1, 0, 0, 0, 0, 3, 0, 0, 0
-26, 0, 1, 0, 0, 0, 0, 3, 0, 0, 0
-23, 0, 1, 0, 0, 0, 0, 3, 0, 0, 0
-20, 0, 2, 0, 0, 0, 0, 3, 7904, 128, 2192
-16, 4, 2, 0, 0, 0, 0, 3, 0, 0, 0
-14, 6, 2, 0, 0, 0, 0, 3, 0, 0, 0
-7, 12, 2, 0, 0, 0, 0, 3, 0, 0, 0
0, 16, 3, 0, 0, 0, 0, 3, 0, 0, 0
0, 19, 2, 0, 0, 0, 0, 3, 0, 0, 0
3, 25, 3, 0, 0, 0, 0, 3, 0, 0, 0
11, 36, 3, 0, 0, 0, 0, 3, 0, 0, 0
25, 50, 3, 0, 0, 0, 0, 3, 0, 0, 0
41, 61, 3, 0, 0, 0, 0, 3, 7920, 128, 2176
57, 71, 3, 0, 0, 0, 0, 3, 0, 0, 0
77, 92, 3, 0, 0, 0, 0, 3, 0, 0, 0
94, 118, 3, 0, 0, 0, 0, 3, 0, 0, 0
109, 139, 3, 0, 0, 0, 0, 3, 0, 0, 0
122, 156, 3, 0, 0, 0, 0, 3, 0, 0, 0
138, 168, 3, 0, 0, 0, 0, 3, 0, 0, 0
156, 185, 2, 0, 0, 0, 0, 3, 0, 0, 0
180, 210, 1, 0, 0, 0, 0, 3, 0, 0, 0
203, 232, 1, 0, 0, 0, 0, 3, 0, 0, 0
231, 254, 1, 0, 0, 0, 0, 3, 0, 0, 0
256, 274, 0, 0, 0, 0, 0, 3, 7920, 160, 0
265, 294, 0, 0, 0, 0, 0, 3, 0, 0, 2192
266, 306, -1, 0, 0, 0, 0, 3, 0, 0, 0
263, 316, -1, 0, 0, 0, 0, 3, 0, 0, 0
260, 319, -2, 0, 0, 0, 0, 3, 0, 0, 0
263, 323, -2, 0, 0, 0, 0, 3, 0, 0, 0
273, 339, -2, 0, 0, 0, 0, 3, 0, 0, 0
291, 354, -1, 0, 0, 0, 0, 3, 0, 0, 0
301, 354, 0, 0, 0, 0, 0, 3, 0, 0, 0
297, 343, 0, 0, 0, 0, 0, 3, 0, 0, 0
286, 327, 0, 0, 0, 0, 0, 3, 7856, 128, 2256
275, 316, 0, 0, 0, 0, 0, 3, 0, 0, 0
258, 304, 1, 0, 0, 0, 0, 3, 0, 0, 0
240, 286, 2, 0, 0, 0, 0, 3, 0, 0, 0
228, 270, 3, 0, 0, 0, 0, 3, 0, 0, 0
217, 255, 3, 0, 0, 0, 0, 3, 0, 0, 0
205, 235, 4, 0, 0, 0, 0, 3, 0, 0, 0
190, 207, 4, 0, 0, 0, 0, 3, 0, 0, 0
176, 188, 4, 0, 0, 0, 0, 3, 0, 0, 0
168, 174, 3, 0, 0, 0, 0, 3, 0, 0, 0
158, 167, 3, 0, 0, 0, 0, 3, 7856, 128, 2208
151, 162, 3, 0, 0, 0, 0, 3, 0, 0, 0
146, 148, 2, 0, 0, 0, 0, 3, 0, 0, 0
133, 130, 2, 0, 0, 0, 0, 3, 0, 0, 0
112, 112, 3, 0, 0, 0, 0, 3, 0, 0, 0
84, 92, 4, 0, 0, 0, 0, 3, 0, 0, 0
70, 75, 5, 0, 0, 0, 0, 3, 0, 0, 0
69, 64, 8, 0, 0, 0, 0, 3, 0, 0, 0
66, 50, 8, 0, 0, 0, 0, 3, 0, 0, 0
51, 40, 10, 0, 0, 0, 0, 3, 0, 0, 0
33, 25, 12, 0, 0, 0, 0, 3, 7824, 80, 2240
23, 14, 14, 0, 0, 0, 0, 3, 0, 0, 0
18, 4, 16, 0, 0, 0, 0, 3, 0, 0, 0
9, -4, 17, 0, 0, 0, 0, 3, 0, 0, 0
2, -10, 20, 0, 0, 0, 0, 3, 0, 0, 0
0, -16, 21, 0, 0, 0, 0, 3, 0, 0, 0
-8, -27, 23, 0, 0, 0, 0, 3, 0, 0, 0
-17, -39, 25, 0, 0, 0, 0, 3, 0, 0, 0
-24, -48, 27, 0, 0, 0, 0, 3, 0, 0, 0
-35, -55, 28, 0, 0, 0, 0, 3, 0, 0, 0
-41, -59, 29, 0, 0, 0, 0, 3, 0, 0, 0
-34, -63, 31, 0, 0, 0, 0, 3, 7872, 80, 2288
-34, -70, 33, 0, 0, 0, 0, 3, 0, 0, 0
-44, -75, 34, 0, 0, 0, 0, 3, 0, 0, 0
-55, -81, 36, 0, 0, 0, 0, 3, 0, 0, 0
-67, -82, 37, 0, 0, 0, 0, 3, 0, 0, 0
-74, -89, 38, 0, 0, 0, 0, 3, 0, 0, 0
-74, -93, 39, 0, 0, 0, 0, 3, 0, 0, 0
-76, -93, 40, 0, 0, 0, 0, 3, 0, 0, 0
-75, -97, 41, 0, 0, 0, 0, 3, 0, 0, 0
-75, -102, 42, 0, 0, 0, 0, 3, 0, 0, 0
-78, -114, 42, 0, 0, 0, 0, 3, 7904, 96, 2320
-77, -122, 42, 0, 0, 0, 0, 3, 0, 0, 0
-77, -121, 42, 0, 0, 0, 0, 3, 0, 0, 0
-82, -120, 42, 0, 0, 0, 0, 3, 0, 0, 0
-93, -122, 42, 0, 0, 0, 0, 3, 0, 0, 0
-101, -125, 41, 0, 0, 0, 0, 3, 0, 0, 0
-101, -127, 41, 0, 0, 0, 0, 3, 0, 0, 0
-106, -130, 41, 0, 0, 0, 0, 3, 0, 0, 0
-116, -134, 40, 0, 0, 0, 0, 3, 0, 0, 0
-112, -137, 40, 0, 0, 0, 0, 3, 0, 0, 0
-100, -139, 39, 0, 0, 0, 0, 3, 7888, 112, 2272
-97, -137, 38, 0, 0, 0, 0, 3, 0, 0, 0
-104, -138, 37, 0, 0, 0, 0, 3, 0, 0, 0
-113, -137, 37, 0, 0, 0, 0, 3, 0, 0, 0
-109, -133, 36, 0, 0, 0, 0, 3, 0, 0, 0
-104, -136, 36, 0, 0, 0, 0, 3, 0, 0, 0
-100, -140, 35, 0, 0, 0, 0, 3, 0, 0, 0
-100, -139, 35, 0, 0, 0, 0, 3, 0, 0, 0
-107, -140, 34, 0, 0, 0, 0, 3, 0, 0, 0
-116, -141, 34, 0, 0, 0, 0, 3, 0, 0, 0
-113, -143, 34, 0, 0, 0, 0, 3, 7888, 128, 0
-105, -143, 33, 0, 0, 0, 0, 3, 0, 0, 2224
-103, -139, 33, 0, 0, 0, 0, 3, 0, 0, 0
-113, -140, 32, 0, 0, 0, 0, 3, 0, 0, 0
-122, -140, 31, 0, 0, 0, 0, 3, 0, 0, 0
-113, -135, 29, 0, 0, 0, 0, 3, 0, 0, 0
-105, -135, 28, 0, 0, 0, 0, 3, 0, 0, 0
-107, -140, 26, 0, 0, 0, 0, 3, 0, 0, 0
-109, -144, 25, 0, 0, 0, 0, 3, 0, 0, 0
-99, -138, 23, 0, 0, 0, 0, 3, 0, 0, 0
-89, -131, 22, 0, 0, 0, 0, 3, 0, 0, 0
-87, -123, 21, 0, 0, 0, 0, 3, 7952, 128, 2224
-90, -117, 21, 0, 0, 0, 0, 3, 0, 0, 0
-91, -113, 21, 0, 0, 0, 0, 3, 0, 0, 0
-90, -113, 21, 0, 0, 0, 0, 3, 0, 0, 0
-93, -118, 21, 0, 0, 0, 0, 3, 0, 0, 0
-91, -117, 21, 0, 0, 0, 0, 3, 0, 0, 0
-91, -114, 20, 0, 0, 0, 0, 3, 0, 0, 0
-92, -111, 19, 0, 0, 0, 0, 3, 0, 0, 0
-86, -110, 19, 0, 0, 0, 0, 3, 0, 0, 0
-81, -113, 18, 0, 0, 0, 0, 3, 0, 0, 0
-81, -115, 18, 0, 0, 0, 0, 3, 7952, 64, 0
-73, -113, 17, 0, 0, 0, 0, 3, 0, 0, 2256
-63, -101, 17, 0, 0, 0, 0, 3, 0, 0, 0
-64, -97, 16, 0, 0, 0, 0, 3, 0, 0, 0
-75, -102, 15, 0, 0, 0, 0, 3, 0, 0, 0
-85, -105, 14, 0, 0, 0, 0, 3, 0, 0, 0
-84, -105, 13, 0, 0, 0, 0, 3, 0, 0, 0
-77, -102, 12, 0, 0, 0, 0, 3, 0, 0, 0
-75, -102, 12, 0, 0, 0, 0, 3, 0, 0, 0
-85, -109, 11, 0, 0, 0, 0, 3, 0, 0, 0
-90, -113, 11, 0, 0, 0, 0, 3, 7904, 64, 2256
-85, -105, 11, 0, 0, 0, 0, 3, 0, 0, 0
-71, -95, 10, 0, 0, 0, 0, 3, 0, 0, 0
-63, -89, 10, 0, 0, 0, 0, 3, 0, 0, 0
-67, -86, 9, 0, 0, 0, 0, 3, 0, 0, 0
-67, -86, 9, 0, 0, 0, 0, 3, 0, 0, 0
-62, -85, 8, 0, 0, 0, 0, 3, 0, 0, 0
-59, -84, 8, 0, 0, 0, 0, 3, 0, 0, 0
-63, -86, 8, 0, 0, 0, 0, 3, 0, 0, 0
-67, -92, 8, 0, 0, 0, 0, 3, 0, 0, 0
-72, -97, 8, 0, 0, 0, 0, 3, 0, 0, 0
-73, -92, 8, 0, 0, 0, 0, 3, 7888, 80, 0
-79, -94, 8, 0, 0, 0, 0, 3, 0, 0, 2288
-80, -102, 8, 0, 0, 0, 0, 3, 0, 0, 0
-71, -97, 9, 0, 0, 0, 0, 3, 0, 0, 0
-64, -88, 10, 0, 0, 0, 0, 3, 0, 0, 0
-65, -86, 11, 0, 0, 0, 0, 3, 0, 0, 0
-63, -81, 12, 0, 0, 0, 0, 3, 0, 0, 0
-60, -70, 12, 0, 0, 0, 0, 3, 0, 0, 0
-59, -65, 13, 0, 0, 0, 0, 3, 0, 0, 0
-60, -71, 14, 0, 0, 0, 0, 3, 0, 0, 0
-61, -73, 15, 0, 0, 0, 0, 3, 7888, 128, 2272
-62, -67, 16, 0, 0, 0, 0, 3, 0, 0, 0
-70, -65, 16, 0, 0, 0, 0, 3, 0, 0, 0
-73, -63, 16, 0, 0, 0, 0, 3, 0, 0, 0
-76, -62, 16, 0, 0, 0, 0, 3, 0, 0, 0
-78, -62, 16, 0, 0, 0, 0, 3, 0, 0, 0
-77, -63, 16, 0, 0, 0, 0, 3, 0, 0, 0
-72, -70, 16, 0, 0, 0, 0, 3, 0, 0, 0
-59, -67, 16, 0, 0, 0, 0, 3, 0, 0, 0
-49, -58, 16, 0, 0, 0, 0, 3, 0, 0, 0
-48, -57, 16, 0, 0, 0, 0, 3, 7872, 192, 2224
-54, -60, 15, 0, 0, 0, 0, 3, 0, 0, 0
-66, -64, 15, 0, 0, 0, 0, 3, 0, 0, 0
-71, -63, 15, 0, 0, 0, 0, 3, 0, 0, 0
-71, -62, 15, 0, 0, 0, 0, 3, 0, 0, 0
-71, -60, 15, 0, 0, 0, 0, 3, 0, 0, 0
-60, -48, 14, 0, 0, 0, 0, 3, 0, 0, 0
-45, -35, 13, 0, 0, 0, 0, 3, 0, 0, 0
-33, -30, 13, 0, 0, 0, 0, 3, 0, 0, 0
-30, -33, 12, 0, 0, 0, 0, 3, 0, 0, 0
-45, -41, 11, 0, 0, 0, 0, 3, 7888, 176, 2192
-51, -54, 10, 0, 0, 0, 0, 3, 0, 0, 0
-46, -52, 9, 0, 0, 0, 0, 3, 0, 0, 0
-48, -45, 8, 0, 0, 0, 0, 3, 0, 0, 0
-52, -47, 7, 0, 0, 0, 0, 3, 0, 0, 0
-61, -57, 6, 0, 0, 0, 0, 3, 0, 0, 0
-69, -59, 5, 0, 0, 0, 0, 3, 0, 0, 0
-71, -54, 5, 0, 0, 0, 0, 3, 0, 0, 0
-63, -47, 3, 0, 0, 0, 0, 3, 0, 0, 0
-47, -38, 3, 0, 0, 0, 0, 3, 0, 0, 0
-34, -28, 2, 0, 0, 0, 0, 3, 0, 0, 0
-31, -24, 1, 0, 0, 0, 0, 3, 0, 0, 0
-39, -31, 1, 0, 0, 0, 0, 3, 7856, 176, 2208
-42, -36, 0, 0, 0, 0, 0, 3, 0, 0, 0
-42, -37, 0, 0, 0, 0, 0, 3, 0, 0, 0
-43, -35, 0, 0, 0, 0, 0, 3, 0, 0, 0
-43, -32, 0, 0, 0, 0, 0, 3, 0, 0, 0
-46, -29, 0, 0, 0, 0, 0, 3, 0, 0, 0
-54, -32, 0, 0, 0, 0, 0, 3, 0, 0, 0
-54, -33, 0, 0, 0, 0, 0, 3, 0, 0, 0
-48, -32, 1, 0, 0, 0, 0, 3, 0, 0, 0
-34, -31, 1, 0, 0, 0, 0, 3, 7872, 192, 2192
-27, -26, 1, 0, 0, 0, 0, 3, 0, 0, 0
-30, -20, 1, 0, 0, 0, 0, 3, 0, 0, 0
-35, -15, 1, 0, 0, 0, 0, 3, 0, 0, 0
-39, -12, 0, 0, 0, 0, 0, 3, 0, 0, 0
-38, -12, 1, 0, 0, 0, 0, 3, 0, 0, 0
-31, -8, 1, 0, 0, 0, 0, 3, 0, 0, 0
-29, -8, 1, 0, 0, 0, 0, 3, 0, 0, 0
-28, -12, 1, 0, 0, 0, 0, 3, 0, 0, 0
-38, -16, 1, 0, 0, 0, 0, 3, 0, 0, 0
-46, -19, 0, 0, 0, 0, 0, 3, 7856, 144, 2144
-38, -15, 0, 0, 0, 0, 0, 3, 0, 0, 0
-26, -10, 0, 0, 0, 0, 0, 3, 0, 0, 0
-20, -5, -1, 0, 0, 0, 0, 3, 0, 0, 0
-21, 0, -1, 0, 0, 0, 0, 3, 0, 0, 0
-22, 3, -3, 0, 0, 0, 0, 3, 0, 0, 0
-21, 4, -2, 0, 0, 0, 0, 3, 0, 0, 0
-22, 1, -2, 0, 0, 0, 0, 3, 0, 0, 0
-28, -5, -1, 0, 0, 0, 0, 3, 0, 0, 0
-31, -6, -1, 0, 0, 0, 0, 3, 0, 0, 0
-30, -4, 0, 0, 0, 0, 0, 3, 0, 0, 0
-30, -1, 0, 0, 0, 0, 0, 3, 7872, 192, 2176
-30, -4, 0, 0, 0, 0, 0, 3, 0, 0, 0
-30, -8, 0, 0, 0, 0, 0, 3, 0, 0, 0
-28, -4, 0, 0, 0, 0, 0, 3, 0, 0, 0
-25, 0, 1, 0, 0, 0, 0, 3, 0, 0, 0
-22, -1, 1, 0, 0, 0, 0, 3, 0, 0, 0
-23, -5, 2, 0, 0, 0, 0, 3, 0, 0, 0
-26, -10, 2, 0, 0, 0, 0, 3, 0, 0, 0
-21, -8, 4, 0, 0, 0, 0, 3, 0, 0, 0
-16, 2, 4, 0, 0, 0, 0, 3, 0, 0, 0
-14, 9, 5, 0, 0, 0, 0, 3, 7888, 128, 2144
-22, 5, 5, 0, 0, 0, 0, 3, 0, 0, 0
-31, 0, 6, 0, 0, 0, 0, 3, 0, 0, 0
-26, 4, 7, 0, 0, 0, 0, 3, 0, 0, 0
-13, 9, 8, 0, 0, 0, 0, 3, 0, 0, 0
-8, 12, 9, 0, 0, 0, 0, 3, 0, 0, 0
-9, 9, 10, 0, 0, 0, 0, 3, 0, 0, 0
-8, 5, 12, 0, 0, 0, 0, 3, 0, 0, 0
-4, 6, 12, 0, 0, 0, 0, 3, 0, 0, 0
-3, 10, 14, 0, 0, 0, 0, 3, 0, 0, 0
-6, 9, 16, 0, 0, 0, 0, 3, 0, 0, 0
-12, 4, 17, 0, 0, 0, 0, 3, 7888, 128, 2144
-17, 0, 18, 0, 0, 0, 0, 3, 0, 0, 0
-17, 0, 20, 0, 0, 0, 0, 3, 0, 0, 0
-16, 1, 21, 0, 0, 0, 0, 3, 0, 0, 0
-14, 2, 23, 0, 0, 0, 0, 3, 0, 0, 0
-13, 3, 25, 0, 0, 0, 0, 3, 0, 0, 0
-23, -1, 26, 0, 0, 0, 0, 3, 0, 0, 0
-27, -2, 28, 0, 0, 0, 0, 3, 0, 0, 0
-15, 4, 29, 0, 0, 0, 0, 3, 0, 0, 0
-8, 8, 30, 0, 0, 0, 0, 3, 7856, 128, 2192
-4, 12, 31, 0, 0, 0, 0, 3, 0, 0, 0
3, 18, 32, 0, 0, 0, 0, 3, 0, 0, 0
7, 21, 32, 0, 0, 0, 0, 3, 0, 0, 0
4, 16, 33, 0, 0, 0, 0, 3, 0, 0, 0
-7, 10, 34, 0, 0, 0, 0, 3, 0, 0, 0
-17, 8, 34, 0, 0, 0, 0, 3, 0, 0, 0
-13, 10, 35, 0, 0, 0, 0, 3, 0, 0, 0
-4, 12, 36, 0, 0, 0, 0, 3, 0, 0, 0
-2, 10, 36, 0, 0, 0, 0, 3, 0, 0, 0
-2, 11, 37, 0, 0, 0, 0, 3, 0, 0, 0
-4, 13, 37, 0, 0, 0, 0, 3, 7856, 96, 2208
0, 16, 37, 0, 0, 0, 0, 3, 0, 0, 0
2, 17, 38, 0, 0, 0, 0, 3, 0, 0, 0
2, 20, 38, 0, 0, 0, 0, 3, 0, 0, 0
-4, 18, 39, 0, 0, 0, 0, 3, 0, 0, 0
-7, 14, 39, 0, 0, 0, 0, 3, 0, 0, 0
4, 16, 39, 0, 0, 0, 0, 3, 0, 0, 0
14, 19, 39, 0, 0, 0, 0, 3, 0, 0, 0
12, 12, 39, 0, 0, 0, 0, 3, 0, 0, 0
2, 12, 38, 0, 0, 0, 0, 3, 0, 0, 0
-4, 21, 38, 0, 0, 0, 0, 3, 7872, 128, 2144
0, 27, 37, 0, 0, 0, 0, 3, 0, 0, 0
6, 27, 37, 0, 0, 0, 0, 3, 0, 0, 0
9, 24, 37, 0, 0, 0, 0, 3, 0, 0, 0
9, 24, 37, 0, 0, 0, 0, 3, 0, 0, 0
12, 24, 36, 0, 0, 0, 0, 3, 0, 0, 0
11, 21, 35, 0, 0, 0, 0, 3, 0, 0, 0
8, 16, 35, 0, 0, 0, 0, 3, 0, 0, 0
0, 14, 33, 0, 0, 0, 0, 3, 0, 0, 0
-6, 11, 33, 0, 0, 0, 0, 3, 0, 0, 0
-3, 16, 31, 0, 0, 0, 0, 3, 7920, 144, 0
8, 26, 30, 0, 0, 0, 0, 3, 0, 0, 2192
17, 29, 28, 0, 0, 0, 0, 3, 0, 0, 0
17, 15, 27, 0, 0, 0, 0, 3, 0, 0, 0
7, 2, 26, 0, 0, 0, 0, 3, 0, 0, 0
-6, 8, 26, 0, 0, 0, 0, 3, 0, 0, 0
-8, 21, 26, 0, 0, 0, 0, 3, 0, 0, 0
0, 27, 25, 0, 0, 0, 0, 3, 0, 0, 0
2, 22, 25, 0, 0, 0, 0, 3, 0, 0, 0
8, 20, 25, 0, 0, 0, 0, 3, 0, 0, 0
12, 23, 25, 0, 0, 0, 0, 3, 7920, 160, 2192
14, 28, 25, 0, 0, 0, 0, 3, 0, 0, 0
12, 26, 25, 0, 0, 0, 0, 3, 0, 0, 0
8, 21, 24, 0, 0, 0, 0, 3, 0, 0, 0
1, 14, 24, 0, 0, 0, 0, 3, 0, 0, 0
4, 11, 23, 0, 0, 0, 0, 3, 0, 0, 0
5, 9, 22, 0, 0, 0, 0, 3, 0, 0, 0
-2, 10, 21, 0, 0, 0, 0, 3, 0, 0, 0
-6, 18, 21, 0, 0, 0, 0, 3, 0, 0, 0
-2, 25, 19, 0, 0, 0, 0, 3, 0, 0, 0
7, 29, 18, 0, 0, 0, 0, 3, 0, 0, 0
16, 29, 17, 0, 0, 0, 0, 3, 7872, 144, 2208
18, 29, 16, 0, 0, 0, 0, 3, 0, 0, 0
15, 27, 15, 0, 0, 0, 0, 3, 0, 0, 0
12, 18, 14, 0, 0, 0, 0, 3, 0, 0, 0
10, 13, 14, 0, 0, 0, 0, 3, 0, 0, 0
0, 14, 12, 0, 0, 0, 0, 3, 0, 0, 0
-7, 24, 12, 0, 0, 0, 0, 3, 0, 0, 0
-3, 26, 12, 0, 0, 0, 0, 3, 0, 0, 0
-1, 16, 11, 0, 0, 0, 0, 3, 0, 0, 0
-2, 9, 10, 0, 0, 0, 0, 3, 0, 0, 0
2, 17, 11, 0, 0, 0, 0, 3, 7872, 208, 2176
12, 28, 10, 0, 0, 0, 0, 3, 0, 0, 0
20, 35, 11, 0, 0, 0, 0, 3, 0, 0, 0
18, 33, 11, 0, 0, 0, 0, 3, 0, 0, 0
14, 29, 12, 0, 0, 0, 0, 3, 0, 0, 0
11, 22, 12, 0, 0, 0, 0, 3, 0, 0, 0
12, 21, 13, 0, 0, 0, 0, 3, 0, 0, 0
12, 17, 14, 0, 0, 0, 0, 3, 0, 0, 0
8, 12, 14, 0, 0, 0, 0, 3, 0, 0, 0
0, 6, 15, 0, 0, 0, 0, 3, 0, 0, 0
-5, 3, 15, 0, 0, 0, 0, 3, 7856, 192, 2144
-8, 3, 16, 0, 0, 0, 0, 3, 0, 0, 0
-9, 1, 16, 0, 0, 0, 0, 3, 0, 0, 0
-12, 0, 16, 0, 0, 0, 0, 3, 0, 0, 0
-21, -1, 16, 0, 0, 0, 0, 3, 0, 0, 0
-20, 4, 16, 0, 0, 0, 0, 3, 0, 0, 0
-8, 9, 16, 0, 0, 0, 0, 3, 0, 0, 0
0, 9, 16, 0, 0, 0, 0, 3, 0, 0, 0
5, 11, 16, 0, 0, 0, 0, 3, 0, 0, 0
5, 13, 15, 0, 0, 0, 0, 3, 0, 0, 0
1, 12, 15, 0, 0, 0, 0, 3, 0, 0, 0
0, 1, 14, 0, 0, 0, 0, 3, 7904, 208, 2128
-7, 0, 13, 0, 0, 0, 0, 3, 0, 0, 0
-11, 4, 12, 0, 0, 0, 0, 3, 0, 0, 0
-4, 11, 12, 0, 0, 0, 0, 3, 0, 0, 0
0, 13, 11, 0, 0, 0, 0, 3, 0, 0, 0
1, 13, 11, 0, 0, 0, 0, 3, 0, 0, 0
1, 10, 9, 0, 0, 0, 0, 3, 0, 0, 0
-1, 6, 9, 0, 0, 0, 0, 3, 0, 0, 0
-2, 5, 8, 0, 0, 0, 0, 3, 0, 0, 0
-1, 7, 8, 0, 0, 0, 0, 3, 0, 0, 0
0, 10, 7, 0, 0, 0, 0, 3, 7872, 224, 2112
0, 9, 7, 0, 0, 0, 0, 3, 0, 0, 0
-2, 10, 7, 0, 0, 0, 0, 3, 0, 0, 0
0, 15, 6, 0, 0, 0, 0, 3, 0, 0, 0
5, 14, 6, 0, 0, 0, 0, 3, 0, 0, 0
8, 9, 6, 0, 0, 0, 0, 3, 0, 0, 0
15, 16, 5, 0, 0, 0, 0, 3, 0, 0, 0
20, 27, 5, 0, 0, 0, 0, 3, 0, 0, 0
21, 34, 6, 0, 0, 0, 0, 3, 0, 0, 0
21, 36, 5, 0, 0, 0, 0, 3, 0, 0, 0
12, 28, 5, 0, 0, 0, 0, 3, 7856, 208, 2144
3, 14, 5, 0, 0, 0, 0, 3, 0, 0, 0
0, 4, 5, 0, 0, 0, 0, 3, 0, 0, 0
-12, -5, 5, 0, 0, 0, 0, 3, 0, 0, 0
-12, -3, 5, 0, 0, 0, 0, 3, 0, 0, 0
1, 10, 5, 0, 0, 0, 0, 3, 0, 0, 0
13, 20, 5, 0, 0, 0, 0, 3, 0, 0, 0
15, 21, 5, 0, 0, 0, 0, 3, 0, 0, 0
10, 14, 4, 0, 0, 0, 0, 3, 0, 0, 0
0, 9, 5, 0, 0, 0, 0, 3, 0, 0, 0
-8, 2, 4, 0, 0, 0, 0, 3, 7856, 224, 2192
-7, 2, 4, 0, 0, 0, 0, 3, 0, 0, 0
-2, 6, 4, 0, 0, 0, 0, 3, 0, 0, 0
-2, 9, 4, 0, 0, 0, 0, 3, 0, 0, 0
0, 14, 3, 0, 0, 0, 0, 3, 0, 0, 0
5, 13, 4, 0, 0, 0, 0, 3, 0, 0, 0
5, 10, 3, 0, 0, 0, 0, 3, 0, 0, 0
3, 8, 3, 0, 0, 0, 0, 3, 0, 0, 0
6, 12, 3, 0, 0, 0, 0, 3, 0, 0, 0
3, 15, 4, 0, 0, 0, 0, 3, 0, 0, 0
-6, 12, 3, 0, 0, 0, 0, 3, 7856, 208, 2224
-8, 11, 3, 0, 0, 0, 0, 3, 0, 0, 0
-6, 11, 3, 0, 0, 0, 0, 3, 0, 0, 0
-2, 15, 2, 0, 0, 0, 0, 3, 0, 0, 0
2, 19, 2, 0, 0, 0, 0, 3, 0, 0, 0
3, 19, 1, 0, 0, 0, 0, 3, 0, 0, 0
4, 16, 0, 0, 0, 0, 0, 3, 0, 0, 0
5, 17, 0, 0, 0, 0, 0, 3, 0, 0, 0
6, 16, 0, 0, 0, 0, 0, 3, 0, 0, 0
12, 15, -2, 0, 0, 0, 0, 3, 0, 0, 0
17, 21, -2, 0, 0, 0, 0, 3, 0, 0, 0
12, 20, -3, 0, 0, 0, 0, 3, 7872, 160, 2192
6, 14, -3, 0, 0, 0, 0, 3, 0, 0, 0
11, 17, -3, 0, 0, 0, 0, 3, 0, 0, 0
14, 25, -2, 0, 0, 0, 0, 3, 0, 0, 0
9, 26, 0, 0, 0, 0, 0, 3, 0, 0, 0
8, 21, 0, 0, 0, 0, 0, 3, 0, 0, 0
7, 18, 0, 0, 0, 0, 0, 3, 0, 0, 0
5, 16, 1, 0, 0, 0, 0, 3, 0, 0, 0
2, 11, 3, 0, 0, 0, 0, 3, 0, 0, 0
4, 10, 4, 0, 0, 0, 0, 3, 0, 0, 0
13, 16, 5, 0, 0, 0, 0, 3, 7840, 192, 2160
18, 21, 5, 0, 0, 0, 0, 3, 0, 0, 0
11, 19, 7, 0, 0, 0, 0, 3, 0, 0, 0
0, 9, 7, 0, 0, 0, 0, 3, 0, 0, 0
1, 4, 8, 0, 0, 0, 0, 3, 0, 0, 0
11, 12, 8, 0, 0, 0, 0, 3, 0, 0, 0
16, 20, 9, 0, 0, 0, 0, 3, 0, 0, 0
8, 16, 8, 0, 0, 0, 0, 3, 0, 0, 0
0, 12, 8, 0, 0, 0, 0, 3, 0, 0, 0
1, 13, 8, 0, 0, 0, 0, 3, 0, 0, 0
1, 16, 8, 0, 0, 0, 0, 3, 7856, 160, 2192
5, 16, 8, 0, 0, 0, 0, 3, 0, 0, 0
11, 13, 7, 0, 0, 0, 0, 3, 0, 0, 0
12, 10, 8, 0, 0, 0, 0, 3, 0, 0, 0
7, 9, 8, 0, 0, 0, 0, 3, 0, 0, 0
10, 13, 10, 0, 0, 0, 0, 3, 0, 0, 0
14, 19, 11, 0, 0, 0, 0, 3, 0, 0, 0
10, 18, 12, 0, 0, 0, 0, 3, 0, 0, 0
5, 16, 14, 0, 0, 0, 0, 3, 0, 0, 0
8, 13, 16, 0, 0, 0, 0, 3, 0, 0, 0
8, 10, 17, 0, 0, 0, 0, 3, 7856, 160, 0
0, 8, 19, 0, 0, 0, 0, 3, 0, 0, 2192
3, 10, 20, 0, 0, 0, 0, 3, 0, 0, 0
8, 12, 21, 0, 0, 0, 0, 3, 0, 0, 0
12, 13, 23, 0, 0, 0, 0, 3, 0, 0, 0
12, 13, 24, 0, 0, 0, 0, 3, 0, 0, 0
11, 14, 26, 0, 0, 0, 0, 3, 0, 0, 0
8, 17, 27, 0, 0, 0, 0, 3, 0, 0, 0
7, 16, 29, 0, 0, 0, 0, 3, 0, 0, 0
6, 12, 30, 0, 0, 0, 0, 3, 0, 0, 0
0, 8, 32, 0, 0, 0, 0, 3, 0, 0, 0
-8, 7, 33, 0, 0, 0, 0, 3, 7904, 144, 2192
-4, 5, 34, 0, 0, 0, 0, 3, 0, 0, 0
5, -1, 36, 0, 0, 0, 0, 3, 0, 0, 0
4, -5, 37, 0, 0, 0, 0, 3, 0, 0, 0
-7, -4, 38, 0, 0, 0, 0, 3, 0, 0, 0
-7, 6, 38, 0, 0, 0, 0, 3, 0, 0, 0
2, 15, 40, 0, 0, 0, 0, 3, 0, 0, 0
10, 16, 40, 0, 0, 0, 0, 3, 0, 0, 0
2, 13, 40, 0, 0, 0, 0, 3, 0, 0, 0
-3, 8, 40, 0, 0, 0, 0, 3, 0, 0, 0
6, 11, 40, 0, 0, 0, 0, 3, 7872, 144, 2192
15, 16, 39, 0, 0, 0, 0, 3, 0, 0, 0
17, 16, 40, 0, 0, 0, 0, 3, 0, 0, 0
4, 7, 39, 0, 0, 0, 0, 3, 0, 0, 0
-8, 0, 39, 0, 0, 0, 0, 3, 0, 0, 0
-12, 2, 39, 0, 0, 0, 0, 3, 0, 0, 0
-5, 9, 39, 0, 0, 0, 0, 3, 0, 0, 0
0, 8, 38, 0, 0, 0, 0, 3, 0, 0, 0
-3, 4, 37, 0, 0, 0, 0, 3, 0, 0, 0
-2, 4, 37, 0, 0, 0, 0, 3, 0, 0, 0
-5, 4, 37, 0, 0, 0, 0, 3, 7872, 208, 2144
-13, 3, 37, 0, 0, 0, 0, 3, 0, 0, 0
-6, 3, 36, 0, 0, 0, 0, 3, 0, 0, 0
10, 5, 36, 0, 0, 0, 0, 3, 0, 0, 0
10, 7, 35, 0, 0, 0, 0, 3, 0, 0, 0
2, 13, 34, 0, 0, 0, 0, 3, 0, 0, 0
6, 21, 33, 0, 0, 0, 0, 3, 0, 0, 0
13, 23, 33, 0, 0, 0, 0, 3, 0, 0, 0
12, 17, 33, 0, 0, 0, 0, 3, 0, 0, 0
2, 8, 32, 0, 0, 0, 0, 3, 0, 0, 0
-2, 1, 31, 0, 0, 0, 0, 3, 0, 0, 0
1, 0, 30, 0, 0, 0, 0, 3, 7856, 208, 0
-1, 5, 29, 0, 0, 0, 0, 3, 0, 0, 2192
-11, 8, 29, 0, 0, 0, 0, 3, 0, 0, 0
-16, 7, 28, 0, 0, 0, 0, 3, 0, 0, 0
-8, 6, 26, 0, 0, 0, 0, 3, 0, 0, 0
-3, 7, 26, 0, 0, 0, 0, 3, 0, 0, 0
0, 10, 24, 0, 0, 0, 0, 3, 0, 0, 0
3, 9, 23, 0, 0, 0, 0, 3, 0, 0, 0
0, 7, 22, 0, 0, 0, 0, 3, 0, 0, 0
0, 4, 21, 0, 0, 0, 0, 3, 0, 0, 0
2, 2, 19, 0, 0, 0, 0, 3, 7888, 176, 2144
0, 1, 18, 0, 0, 0, 0, 3, 0, 0, 0
-3, 6, 16, 0, 0, 0, 0, 3, 0, 0, 0
-7, 5, 16, 0, 0, 0, 0, 3, 0, 0, 0
-7, 4, 14, 0, 0, 0, 0, 3, 0, 0, 0
-8, 6, 12, 0, 0, 0, 0, 3, 0, 0, 0
-11, 4, 11, 0, 0, 0, 0, 3, 0, 0, 0
-10, 3, 10, 0, 0, 0, 0, 3, 0, 0, 0
-1, 7, 9, 0, 0, 0, 0, 3, 0, 0, 0
8, 12, 8, 0, 0, 0, 0, 3, 0, 0, 0
9, 18, 8, 0, 0, 0, 0, 3, 0, 0, 0
10, 17, 7, 0, 0, 0, 0, 3, 7888, 176, 2128
8, 15, 7, 0, 0, 0, 0, 3, 0, 0, 0
1, 11, 7, 0, 0, 0, 0, 3, 0, 0, 0
0, 6, 8, 0, 0, 0, 0, 3, 0, 0, 0
-1, 1, 8, 0, 0, 0, 0, 3, 0, 0, 0
-3, 2, 10, 0, 0, 0, 0, 3, 0, 0, 0
-4, 9, 11, 0, 0, 0, 0, 3, 0, 0, 0
-2, 15, 12, 0, 0, 0, 0, 3, 0, 0, 0
2, 15, 13, 0, 0, 0, 0, 3, 0, 0, 0
0, 6, 14, 0, 0, 0, 0, 3, 7888, 176, 2080
-2, 0, 15, 0, 0, 0, 0, 3, 0, 0, 0
2, 3, 16, 0, 0, 0, 0, 3, 0, 0, 0
0, 6, 17, 0, 0, 0, 0, 3, 0, 0, 0
-2, 7, 17, 0, 0, 0, 0, 3, 0, 0, 0
-1, 4, 18, 0, 0, 0, 0, 3, 0, 0, 0
0, 0, 18, 0, 0, 0, 0, 3, 0, 0, 0
0, 0, 18, 0, 0, 0, 0, 3, 0, 0, 0
0, 3, 17, 0, 0, 0, 0, 3, 0, 0, 0
-3, 4, 17, 0, 0, 0, 0, 3, 0, 0, 0
-2, 2, 16, 0, 0, 0, 0, 3, 0, 0, 0
0, 0, 16, 0, 0, 0, 0, 3, 7872, 208, 0
-3, 1, 15, 0, 0, 0, 0, 3, 0, 0, 2128
-8, 4, 15, 0, 0, 0, 0, 3, 0, 0, 0
-7, 4, 14, 0, 0, 0, 0, 3, 0, 0, 0
-5, -3, 13, 0, 0, 0, 0, 3, 0, 0, 0
-4, -7, 12, 0, 0, 0, 0, 3, 0, 0, 0
-3, -4, 11, 0, 0, 0, 0, 3, 0, 0, 0
4, 4, 10, 0, 0, 0, 0, 3, 0, 0, 0
13, 10, 9, 0, 0, 0, 0, 3, 0, 0, 0
14, 11, 8, 0, 0, 0, 0, 3, 0, 0, 0
9, 11, 7, 0, 0, 0, 0, 3, 7840, 208, 2112
2, 8, 7, 0, 0, 0, 0, 3, 0, 0, 0
-5, 3, 7, 0, 0, 0, 0, 3, 0, 0, 0
-16, -2, 7, 0, 0, 0, 0, 3, 0, 0, 0
-18, -6, 8, 0, 0, 0, 0, 3, 0, 0, 0
-8, -4, 8, 0, 0, 0, 0, 3, 0, 0, 0
2, -1, 9, 0, 0, 0, 0, 3, 0, 0, 0
6, 0, 9, 0, 0, 0, 0, 3, 0, 0, 0
0, -4, 10, 0, 0, 0, 0, 3, 0, 0, 0
-1, -7, 10, 0, 0, 0, 0, 3, 0, 0, 0
-2, -7, 10, 0, 0, 0, 0, 3, 7824, 192, 2112
-8, 0, 10, 0, 0, 0, 0, 3, 0, 0, 0
-3, 9, 10, 0, 0, 0, 0, 3, 0, 0, 0
4, 13, 10, 0, 0, 0, 0, 3, 0, 0, 0
8, 16, 10, 0, 0, 0, 0, 3, 0, 0, 0
10, 14, 9, 0, 0, 0, 0, 3, 0, 0, 0
8, 11, 9, 0, 0, 0, 0, 3, 0, 0, 0
9, 12, 9, 0, 0, 0, 0, 3, 0, 0, 0
14, 10, 9, 0, 0, 0, 0, 3, 0, 0, 0
17, 7, 9, 0, 0, 0, 0, 3, 0, 0, 0
10, 6, 8, 0, 0, 0, 0, 3, 7856, 160, 2112
-3, 5, 9, 0, 0, 0, 0, 3, 0, 0, 0
-12, 5, 8, 0, 0, 0, 0, 3, 0, 0, 0
-8, 5, 8, 0, 0, 0, 0, 3, 0, 0, 0
-4, 0, 6, 0, 0, 0, 0, 3, 0, 0, 0
-4, -3, 6, 0, 0, 0, 0, 3, 0, 0, 0
-5, -3, 4, 0, 0, 0, 0, 3, 0, 0, 0
-4, 2, 3, 0, 0, 0, 0, 3, 0, 0, 0
-3, 2, 2, 0, 0, 0, 0, 3, 0, 0, 0
2, 2, 1, 0, 0, 0, 0, 3, 0, 0, 0
6, 4, 0, 0, 0, 0, 0, 3, 0, 0, 0
4, 4, 0, 0, 0, 0, 0, 3, 7872, 192, 2112
-3, 0, 0, 0, 0, 0, 0, 3, 0, 0, 0
-6, -2, 0, 0, 0, 0, 0, 3, 0, 0, 0
-8, -1, 0, 0, 0, 0, 0, 3, 0, 0, 0
-16, 0, 1, 0, 0, 0, 0, 3, 0, 0, 0
-17, -6, 2, 0, 0, 0, 0, 3, 0, 0, 0
-3, -5, 2, 0, 0, 0, 0, 3, 0, 0, 0
9, 1, 3, 0, 0, 0, 0, 3, 0, 0, 0
10, 4, 4, 0, 0, 0, 0, 3, 0, 0, 0
4, 6, 4, 0, 0, 0, 0, 3, 0, 0, 0
-5, 0, 4, 0, 0, 0, 0, 3, 7840, 224, 2096
-8, -9, 4, 0, 0, 0, 0, 3, 0, 0, 0
-4, -12, 4, 0, 0, 0, 0, 3, 0, 0, 0
0, -12, 4, 0, 0, 0, 0, 3, 0, 0, 0
-2, -5, 4, 0, 0, 0, 0, 3, 0, 0, 0
-2, 0, 4, 0, 0, 0, 0, 3, 0, 0, 0
-8, 3, 4, 0, 0, 0, 0, 3, 0, 0, 0
-11, 1, 4, 0, 0, 0, 0, 3, 0, 0, 0
-8, 0, 4, 0, 0, 0, 0, 3, 0, 0, 0
-6, 0, 4, 0, 0, 0, 0, 3, 0, 0, 0
-8, -4, 4, 0, 0, 0, 0, 3, 7888, 192, 2128
1, -5, 4, 0, 0, 0, 0, 3, 0, 0, 0
7, 1, 4, 0, 0, 0, 0, 3, 0, 0, 0
11, 8, 4, 0, 0, 0, 0, 3, 0, 0, 0
15, 10, 4, 0, 0, 0, 0, 3, 0, 0, 0
11, 4, 4, 0, 0, 0, 0, 3, 0, 0, 0
0, 0, 4, 0, 0, 0, 0, 3, 0, 0, 0
-4, 0, 4, 0, 0, 0, 0, 3, 0, 0, 0
-3, 3, 5, 0, 0, 0, 0, 3, 0, 0, 0
3, 10, 5, 0, 0, 0, 0, 3, 0, 0, 0
11, 12, 5, 0, 0, 0, 0, 3, 0, 0, 0
5, 5, 6, 0, 0, 0, 0, 3, 7872, 160, 2176
0, 0, 6, 0, 0, 0, 0, 3, 0, 0, 0
0, 1, 6, 0, 0, 0, 0, 3, 0, 0, 0
0, -2, 6, 0, 0, 0, 0, 3, 0, 0, 0
0, -4, 6, 0, 0, 0, 0, 3, 0, 0, 0
0, 1, 7, 0, 0, 0, 0, 3, 0, 0, 0
-2, 5, 8, 0, 0, 0, 0, 3, 0, 0, 0
-1, 3, 7, 0, 0, 0, 0, 3, 0, 0, 0
1, 1, 8, 0, 0, 0, 0, 3, 0, 0, 0
4, 2, 8, 0, 0, 0, 0, 3, 0, 0, 0
0, 0, 8, 0, 0, 0, 0, 3, 7840, 160, 2160
-4, -1, 8, 0, 0, 0, 0, 3, 0, 0, 0
-3, 1, 9, 0, 0, 0, 0, 3, 0, 0, 0
-8, 3, 10, 0, 0, 0, 0, 3, 0, 0, 0
-11, 3, 11, 0, 0, 0, 0, 3, 0, 0, 0
-3, 1, 12, 0, 0, 0, 0, 3, 0, 0, 0
0, -1, 12, 0, 0, 0, 0, 3, 0, 0, 0
0, 0, 14, 0, 0, 0, 0, 3, 0, 0, 0
0, 2, 15, 0, 0, 0, 0, 3, 0, 0, 0
1, -1, 16, 0, 0, 0, 0, 3, 0, 0, 0
3, 0, 18, 0, 0, 0, 0, 3, 7888, 176, 0
6, 6, 20, 0, 0, 0, 0, 3, 0, 0, 2192
6, 12, 21, 0, 0, 0, 0, 3, 0, 0, 0
0, 12, 22, 0, 0, 0, 0, 3, 0, 0, 0
-6, 13, 24, 0, 0, 0, 0, 3, 0, 0, 0
-7, 12, 25, 0, 0, 0, 0, 3, 0, 0, 0
-4, 5, 26, 0, 0, 0, 0, 3, 0, 0, 0
-2, 4, 27, 0, 0, 0, 0, 3, 0, 0, 0
-5, 4, 29, 0, 0, 0, 0, 3, 0, 0, 0
-13, 1, 29, 0, 0, 0, 0, 3, 0, 0, 0
-12, -5, 31, 0, 0, 0, 0, 3, 7872, 192, 2128
-3, -8, 32, 0, 0, 0, 0, 3, 0, 0, 0
0, -8, 33, 0, 0, 0, 0, 3, 0, 0, 0
0, -5, 33, 0, 0, 0, 0, 3, 0, 0, 0
-6, 0, 35, 0, 0, 0, 0, 3, 0, 0, 0
-13, -2, 36, 0, 0, 0, 0, 3, 0, 0, 0
-16, -5, 36, 0, 0, 0, 0, 3, 0, 0, 0
-22, -11, 37, 0, 0, 0, 0, 3, 0, 0, 0
-23, -15, 37, 0, 0, 0, 0, 3, 0, 0, 0
-17, -12, 37, 0, 0, 0, 0, 3, 0, 0, 0
-12, -4, 38, 0, 0, 0, 0, 3, 0, 0, 0
-13, 1, 39, 0, 0, 0, 0, 3, 7840, 208, 2176
-13, 2, 40, 0, 0, 0, 0, 3, 0, 0, 0
-12, 3, 40, 0, 0, 0, 0, 3, 0, 0, 0
-13, 2, 40, 0, 0, 0, 0, 3, 0, 0, 0
-8, -2, 40, 0, 0, 0, 0, 3, 0, 0, 0
-4, -2, 39, 0, 0, 0, 0, 3, 0, 0, 0
0, 0, 40, 0, 0, 0, 0, 3, 0, 0, 0
-3, -4, 38, 0, 0, 0, 0, 3, 0, 0, 0
-9, -4, 38, 0, 0, 0, 0, 3, 0, 0, 0
-13, 0, 36, 0, 0, 0, 0, 3, 0, 0, 0
-14, 0, 35, 0, 0, 0, 0, 3, 7856, 144, 2208
-19, -2, 33, 0, 0, 0, 0, 3, 0, 0, 0
-19, -4, 31, 0, 0, 0, 0, 3, 0, 0, 0
-14, -4, 30, 0, 0, 0, 0, 3, 0, 0, 0
-8, -2, 28, 0, 0, 0, 0, 3, 0, 0, 0
-2, 0, 27, 0, 0, 0, 0, 3, 0, 0, 0
-9, 0, 27, 0, 0, 0, 0, 3, 0, 0, 0
-12, -2, 27, 0, 0, 0, 0, 3, 0, 0, 0
-7, -3, 26, 0, 0, 0, 0, 3, 0, 0, 0
-8, -6, 26, 0, 0, 0, 0, 3, 0, 0, 0
-12, -3, 26, 0, 0, 0, 0, 3, 7872, 144, 2208
-10, 6, 25, 0, 0, 0, 0, 3, 0, 0, 0
-2, 10, 25, 0, 0, 0, 0, 3, 0, 0, 0
5, 8, 23, 0, 0, 0, 0, 3, 0, 0, 0
6, 4, 22, 0, 0, 0, 0, 3, 0, 0, 0
0, 0, 21, 0, 0, 0, 0, 3, 0, 0, 0
-2, 4, 19, 0, 0, 0, 0, 3, 0, 0, 0
-1, 7, 17, 0, 0, 0, 0, 3, 0, 0, 0
-2, 6, 16, 0, 0, 0, 0, 3, 0, 0, 0
-2, 9, 15, 0, 0, 0, 0, 3, 0, 0, 0
2, 15, 13, 0, 0, 0, 0, 3, 7872, 176, 2160
9, 18, 12, 0, 0, 0, 0, 3, 0, 0, 0
13, 14, 11, 0, 0, 0, 0, 3, 0, 0, 0
5, 11, 10, 0, 0, 0, 0, 3, 0, 0, 0
-2, 6, 10, 0, 0, 0, 0, 3, 0, 0, 0
-2, 0, 10, 0, 0, 0, 0, 3, 0, 0, 0
0, -1, 10, 0, 0, 0, 0, 3, 0, 0, 0
0, 6, 10, 0, 0, 0, 0, 3, 0, 0, 0
-2, 7, 12, 0, 0, 0, 0, 3, 0, 0, 0
-3, 7, 12, 0, 0, 0, 0, 3, 0, 0, 0
-4, 7, 13, 0, 0, 0, 0, 3, 0, 0, 0
-3, 6, 14, 0, 0, 0, 0, 3, 7808, 192, 2160
0, 9, 15, 0, 0, 0, 0, 3, 0, 0, 0
2, 9, 16, 0, 0, 0, 0, 3, 0, 0, 0
0, 3, 16, 0, 0, 0, 0, 3, 0, 0, 0
-5, -4, 17, 0, 0, 0, 0, 3, 0, 0, 0
-9, -2, 17, 0, 0, 0, 0, 3, 0, 0, 0
-11, 2, 18, 0, 0, 0, 0, 3, 0, 0, 0
-7, 6, 18, 0, 0, 0, 0, 3, 0, 0, 0
-2, 6, 19, 0, 0, 0, 0, 3, 0, 0, 0
-4, 4, 18, 0, 0, 0, 0, 3, 0, 0, 0
-1, 5, 19, 0, 0, 0, 0, 3, 7840, 208, 2128
8, 13, 19, 0, 0, 0, 0, 3, 0, 0, 0
13, 19, 19, 0, 0, 0, 0, 3, 0, 0, 0
14, 20, 20, 0, 0, 0, 0, 3, 0, 0, 0
9, 13, 20, 0, 0, 0, 0, 3, 0, 0, 0
5, 3, 20, 0, 0, 0, 0, 3, 0, 0, 0
-3, -3, 20, 0, 0, 0, 0, 3, 0, 0, 0
-14, -3, 21, 0, 0, 0, 0, 3, 0, 0, 0
-14, 3, 20, 0, 0, 0, 0, 3, 0, 0, 0
-4, 7, 20, 0, 0, 0, 0, 3, 0, 0, 0
2, 11, 19, 0, 0, 0, 0, 3, 7872, 224, 2128
1, 9, 18, 0, 0, 0, 0, 3, 0, 0, 0
-1, 3, 17, 0, 0, 0, 0, 3, 0, 0, 0
3, 3, 17, 0, 0, 0, 0, 3, 0, 0, 0
5, 4, 16, 0, 0, 0, 0, 3, 0, 0, 0
2, 4, 15, 0, 0, 0, 0, 3, 0, 0, 0
0, 3, 14, 0, 0, 0, 0, 3, 0, 0, 0
-1, 7, 13, 0, 0, 0, 0, 3, 0, 0, 0
0, 11, 13, 0, 0, 0, 0, 3, 0, 0, 0
0, 8, 12, 0, 0, 0, 0, 3, 0, 0, 0
-3, 5, 12, 0, 0, 0, 0, 3, 0, 0, 0
-2, 4, 12, 0, 0, 0, 0, 3, 7824, 240, 2192
1, 8, 11, 0, 0, 0, 0, 3, 0, 0, 0
5, 11, 10, 0, 0, 0, 0, 3, 0, 0, 0
10, 14, 10, 0, 0, 0, 0, 3, 0, 0, 0
12, 16, 10, 0, 0, 0, 0, 3, 0, 0, 0
9, 17, 10, 0, 0, 0, 0, 3, 0, 0, 0
9, 13, 9, 0, 0, 0, 0, 3, 0, 0, 0
8, 6, 9, 0, 0, 0, 0, 3, 0, 0, 0
3, 2, 9, 0, 0, 0, 0, 3, 0, 0, 0
0, 5, 9, 0, 0, 0, 0, 3, 0, 0, 0
-2, 11, 9, 0, 0, 0, 0, 3, 7888, 272, 2224
2, 15, 9, 0, 0, 0, 0, 3, 0, 0, 0
11, 16, 9, 0, 0, 0, 0, 3, 0, 0, 0
17, 21, 8, 0, 0, 0, 0, 3, 0, 0, 0
19, 26, 8, 0, 0, 0, 0, 3, 0, 0, 0
17, 23, 8, 0, 0, 0, 0, 3, 0, 0, 0
14, 22, 8, 0, 0, 0, 0, 3, 0, 0, 0
8, 20, 7, 0, 0, 0, 0, 3, 0, 0, 0
-3, 10, 7, 0, 0, 0, 0, 3, 0, 0, 0
-4, 3, 7, 0, 0, 0, 0, 3, 0, 0, 0
-1, 1, 7, 0, 0, 0, 0, 3, 0, 0, 0
0, 4, 6, 0, 0, 0, 0, 3, 7856, 224, 2256
0, 4, 5, 0, 0, 0, 0, 3, 0, 0, 0
-6, 0, 5, 0, 0, 0, 0, 3, 0, 0, 0
-12, 1, 4, 0, 0, 0, 0, 3, 0, 0, 0
-12, 7, 4, 0, 0, 0, 0, 3, 0, 0, 0
-12, 8, 3, 0, 0, 0, 0, 3, 0, 0, 0
-4, 6, 3, 0, 0, 0, 0, 3, 0, 0, 0
-1, 0, 2, 0, 0, 0, 0, 3, 0, 0, 0
-1, -1, 2, 0, 0, 0, 0, 3, 0, 0, 0
0, 5, 1, 0, 0, 0, 0, 3, 7840, 160, 2208
0, 5, 1, 0, 0, 0, 0, 3, 0, 0, 0
0, 5, 0, 0, 0, 0, 0, 3, 0, 0, 0
0, 10, 1, 0, 0, 0, 0, 3, 0, 0, 0
-2, 14, 0, 0, 0, 0, 0, 3, 0, 0, 0
1, 12, 1, 0, 0, 0, 0, 3, 0, 0, 0
5, 8, 0, 0, 0, 0, 0, 3, 0, 0, 0
4, 6, 1, 0, 0, 0, 0, 3, 0, 0, 0
0, 3, 1, 0, 0, 0, 0, 3, 0, 0, 0
-4, 1, 0, 0, 0, 0, 0, 3, 0, 0, 0
0, 5, 0, 0, 0, 0, 0, 3, 0, 0, 0
1, 9, 0, 0, 0, 0, 0, 3, 7840, 128, 2208
0, 7, 1, 0, 0, 0, 0, 3, 0, 0, 0
0, 1, 0, 0, 0, 0, 0, 3, 0, 0, 0
-1, 0, 1, 0, 0, 0, 0, 3, 0, 0, 0
-1, 7, 0, 0, 0, 0, 0, 3, 0, 0, 0
2, 13, 1, 0, 0, 0, 0, 3, 0, 0, 0
4, 12, 1, 0, 0, 0, 0, 3, 0, 0, 0
4, 9, 2, 0, 0, 0, 0, 3, 0, 0, 0
0, 9, 2, 0, 0, 0, 0, 3, 0, 0, 0
-4, 9, 3, 0, 0, 0, 0, 3, 0, 0, 0
-7, 8, 4, 0, 0, 0, 0, 3, 7840, 160, 2176
-3, 9, 3, 0, 0, 0, 0, 3, 0, 0, 0
-1, 9, 3, 0, 0, 0, 0, 3, 0, 0, 0
-1, 6, 3, 0, 0, 0, 0, 3, 0, 0, 0
3, 3, 3, 0, 0, 0, 0, 3, 0, 0, 0
10, 4, 2, 0, 0, 0, 0, 3, 0, 0, 0
12, 5, 2, 0, 0, 0, 0, 3, 0, 0, 0
9, 6, 1, 0, 0, 0, 0, 3, 0, 0, 0
5, 8, 1, 0, 0, 0, 0, 3, 0, 0, 0
-3, 4, 2, 0, 0, 0, 0, 3, 0, 0, 0
-6, 1, 3, 0, 0, 0, 0, 3, 7840, 160, 0
-6, 5, 4, 0, 0, 0, 0, 3, 0, 0, 2160
-7, 5, 5, 0, 0, 0, 0, 3, 0, 0, 0
-4, 3, 6, 0, 0, 0, 0, 3, 0, 0, 0
4, 4, 7, 0, 0, 0, 0, 3, 0, 0, 0
11, 4, 8, 0, 0, 0, 0, 3, 0, 0, 0
10, 3, 8, 0, 0, 0, 0, 3, 0, 0, 0
1, 1, 9, 0, 0, 0, 0, 3, 0, 0, 0
-7, 3, 10, 0, 0, 0, 0, 3, 0, 0, 0
-9, 2, 11, 0, 0, 0, 0, 3, 0, 0, 0
-11, -1, 12, 0, 0, 0, 0, 3, 7872, 192, 2128
-11, -7, 12, 0, 0, 0, 0, 3, 0, 0, 0
-5, -4, 13, 0, 0, 0, 0, 3, 0, 0, 0
0, 0, 14, 0, 0, 0, 0, 3, 0, 0, 0
-1, 0, 15, 0, 0, 0, 0, 3, 0, 0, 0
-3, -1, 15, 0, 0, 0, 0, 3, 0, 0, 0
-9, 2, 16, 0, 0, 0, 0, 3, 0, 0, 0
-14, 2, 16, 0, 0, 0, 0, 3, 0, 0, 0
-10, 2, 18, 0, 0, 0, 0, 3, 0, 0, 0
-7, 0, 19, 0, 0, 0, 0, 3, 0, 0, 0
-4, 0, 20, 0, 0, 0, 0, 3, 0, 0, 0
-2, -1, 21, 0, 0, 0, 0, 3, 7808, 208, 2128
-5, -2, 22, 0, 0, 0, 0, 3, 0, 0, 0
-15, -3, 23, 0, 0, 0, 0, 3, 0, 0, 0
-16, -4, 25, 0, 0, 0, 0, 3, 0, 0, 0
-11, -4, 25, 0, 0, 0, 0, 3, 0, 0, 0
-8, -7, 26, 0, 0, 0, 0, 3, 0, 0, 0
-11, -9, 27, 0, 0, 0, 0, 3, 0, 0, 0
-14, -5, 28, 0, 0, 0, 0, 3, 0, 0, 0
-8, 0, 29, 0, 0, 0, 0, 3, 0, 0, 0
0, 0, 30, 0, 0, 0, 0, 3, 0, 0, 0
4, 4, 30, 0, 0, 0, 0, 3, 7808, 240, 2176
2, 7, 32, 0, 0, 0, 0, 3, 0, 0, 0
-6, 6, 33, 0, 0, 0, 0, 3, 0, 0, 0
-10, 0, 33, 0, 0, 0, 0, 3, 0, 0, 0
0, 2, 34, 0, 0, 0, 0, 3, 0, 0, 0
4, 7, 35, 0, 0, 0, 0, 3, 0, 0, 0
0, 6, 35, 0, 0, 0, 0, 3, 0, 0, 0
1, 3, 35, 0, 0, 0, 0, 3, 0, 0, 0
3, -1, 36, 0, 0, 0, 0, 3, 0, 0, 0
0, -4, 35, 0, 0, 0, 0, 3, 0, 0, 0
-4, -2, 36, 0, 0, 0, 0, 3, 7808, 224, 2160
-5, -2, 35, 0, 0, 0, 0, 3, 0, 0, 0
-3, 1, 35, 0, 0, 0, 0, 3, 0, 0, 0
1, 8, 35, 0, 0, 0, 0, 3, 0, 0, 0
6, 9, 35, 0, 0, 0, 0, 3, 0, 0, 0
8, 9, 35, 0, 0, 0, 0, 3, 0, 0, 0
13, 7, 34, 0, 0, 0, 0, 3, 0, 0, 0
16, 6, 34, 0, 0, 0, 0, 3, 0, 0, 0
10, 4, 33, 0, 0, 0, 0, 3, 0, 0, 0
0, 1, 33, 0, 0, 0, 0, 3, 0, 0, 0
-8, 0, 33, 0, 0, 0, 0, 3, 7856, 176, 2208
-17, -3, 33, 0, 0, 0, 0, 3, 0, 0, 0
-11, 0, 32, 0, 0, 0, 0, 3, 0, 0, 0
3, 5, 32, 0, 0, 0, 0, 3, 0, 0, 0
12, 6, 30, 0, 0, 0, 0, 3, 0, 0, 0
12, 1, 29, 0, 0, 0, 0, 3, 0, 0, 0
5, 0, 28, 0, 0, 0, 0, 3, 0, 0, 0
-2, -3, 26, 0, 0, 0, 0, 3, 0, 0, 0
-8, -5, 25, 0, 0, 0, 0, 3, 0, 0, 0
-10, -6, 24, 0, 0, 0, 0, 3, 0, 0, 0
-9, -4, 22, 0, 0, 0, 0, 3, 0, 0, 0
-8, 0, 21, 0, 0, 0, 0, 3, 7872, 208, 2224
-4, 0, 20, 0, 0, 0, 0, 3, 0, 0, 0
-3, 0, 18, 0, 0, 0, 0, 3, 0, 0, 0
-4, -4, 17, 0, 0, 0, 0, 3, 0, 0, 0
-4, -3, 16, 0, 0, 0, 0, 3, 0, 0, 0
0, 0, 16, 0, 0, 0, 0, 3, 0, 0, 0
-1, 2, 16, 0, 0, 0, 0, 3, 0, 0, 0
-11, 0, 16, 0, 0, 0, 0, 3, 0, 0, 0
-17, -4, 16, 0, 0, 0, 0, 3, 0, 0, 0
-12, -6, 16, 0, 0, 0, 0, 3, 0, 0, 0
-8, -1, 16, 0, 0, 0, 0, 3, 7872, 224, 2208
-8, 10, 16, 0, 0, 0, 0, 3, 0, 0, 0
2, 18, 17, 0, 0, 0, 0, 3, 0, 0, 0
12, 16, 17, 0, 0, 0, 0, 3, 0, 0, 0
13, 10, 17, 0, 0, 0, 0, 3, 0, 0, 0
11, 12, 17, 0, 0, 0, 0, 3, 0, 0, 0
6, 13, 17, 0, 0, 0, 0, 3, 0, 0, 0
-1, 11, 17, 0, 0, 0, 0, 3, 0, 0, 0
0, 9, 17, 0, 0, 0, 0, 3, 0, 0, 0
7, 9, 17, 0, 0, 0, 0, 3, 0, 0, 0
5, 9, 18, 0, 0, 0, 0, 3, 7856, 240, 2176
0, 8, 18, 0, 0, 0, 0, 3, 0, 0, 0
-3, 7, 18, 0, 0, 0, 0, 3, 0, 0, 0
-3, 7, 18, 0, 0, 0, 0, 3, 0, 0, 0
-4, 3, 18, 0, 0, 0, 0, 3, 0, 0, 0
-6, -2, 18, 0, 0, 0, 0, 3, 0, 0, 0
-5, 0, 17, 0, 0, 0, 0, 3, 0, 0, 0
-4, 4, 17, 0, 0, 0, 0, 3, 0, 0, 0
-3, 4, 17, 0, 0, 0, 0, 3, 0, 0, 0
-4, 1, 16, 0, 0, 0, 0, 3, 0, 0, 0
-7, 0, 16, 0, 0, 0, 0, 3, 7872, 304, 0
-6, 0, 16, 0, 0, 0, 0, 3, 0, 0, 2240
-4, 4, 16, 0, 0, 0, 0, 3, 0, 0, 0
-2, 8, 16, 0, 0, 0, 0, 3, 0, 0, 0
-1, 6, 15, 0, 0, 0, 0, 3, 0, 0, 0
-5, 1, 15, 0, 0, 0, 0, 3, 0, 0, 0
-15, -6, 15, 0, 0, 0, 0, 3, 0, 0, 0
-18, -4, 15, 0, 0, 0, 0, 3, 0, 0, 0
-8, 1, 15, 0, 0, 0, 0, 3, 0, 0, 0
1, 4, 15, 0, 0, 0, 0, 3, 0, 0, 0
0, 4, 14, 0, 0, 0, 0, 3, 0, 0, 0
-4, 4, 13, 0, 0, 0, 0, 3, 7840, 288, 2224
-8, 4, 13, 0, 0, 0, 0, 3, 0, 0, 0
-16, 0, 13, 0, 0, 0, 0, 3, 0, 0, 0
-20, -5, 13, 0, 0, 0, 0, 3, 0, 0, 0
-21, -3, 12, 0, 0, 0, 0, 3, 0, 0, 0
-15, 0, 12, 0, 0, 0, 0, 3, 0, 0, 0
-16, 0, 11, 0, 0, 0, 0, 3, 0, 0, 0
-23, -5, 11, 0, 0, 0, 0, 3, 0, 0, 0
-25, -11, 9, 0, 0, 0, 0, 3, 0, 0, 0
-20, -11, 9, 0, 0, 0, 0, 3, 0, 0, 0
-19, -9, 8, 0, 0, 0, 0, 3, 7808, 288, 2128
-20, -6, 8, 0, 0, 0, 0, 3, 0, 0, 0
-18, -10, 8, 0, 0, 0, 0, 3, 0, 0, 0
-20, -12, 8, 0, 0, 0, 0, 3, 0, 0, 0
-24, -11, 8, 0, 0, 0, 0, 3, 0, 0, 0
-24, -5, 8, 0, 0, 0, 0, 3, 0, 0, 0
-26, -3, 9, 0, 0, 0, 0, 3, 0, 0, 0
-30, -1, 10, 0, 0, 0, 0, 3, 0, 0, 0
-21, 2, 11, 0, 0, 0, 0, 3, 0, 0, 0
-11, 8, 11, 0, 0, 0, 0, 3, 0, 0, 0
-1, 11, 12, 0, 0, 0, 0, 3, 7840, 288, 2160
3, 12, 12, 0, 0, 0, 0, 3, 0, 0, 0
1, 12, 12, 0, 0, 0, 0, 3, 0, 0, 0
-5, 4, 13, 0, 0, 0, 0, 3, 0, 0, 0
-17, -8, 13, 0, 0, 0, 0, 3, 0, 0, 0
-25, -16, 13, 0, 0, 0, 0, 3, 0, 0, 0
-22, -16, 13, 0, 0, 0, 0, 3, 0, 0, 0
-20, -14, 12, 0, 0, 0, 0, 3, 0, 0, 0
-24, -12, 12, 0, 0, 0, 0, 3, 0, 0, 0
-27, -10, 12, 0, 0, 0, 0, 3, 0, 0, 0
-30, -9, 12, 0, 0, 0, 0, 3, 7872, 224, 2160
-32, -12, 12, 0, 0, 0, 0, 3, 0, 0, 0
-30, -13, 11, 0, 0, 0, 0, 3, 0, 0, 0
-22, -12, 11, 0, 0, 0, 0, 3, 0, 0, 0
-17, -11, 10, 0, 0, 0, 0, 3, 0, 0, 0
-15, -10, 10, 0, 0, 0, 0, 3, 0, 0, 0
-16, -15, 9, 0, 0, 0, 0, 3, 0, 0, 0
-15, -17, 9, 0, 0, 0, 0, 3, 0, 0, 0
-8, -6, 9, 0, 0, 0, 0, 3, 0, 0, 0
0, 6, 9, 0, 0, 0, 0, 3, 0, 0, 0
1, 10, 8, 0, 0, 0, 0, 3, 0, 0, 0
-1, 8, 8, 0, 0, 0, 0, 3, 7872, 272, 2208
-9, 4, 8, 0, 0, 0, 0, 3, 0, 0, 0
-16, -1, 8, 0, 0, 0, 0, 3, 0, 0, 0
-21, -5, 7, 0, 0, 0, 0, 3, 0, 0, 0
-16, -4, 7, 0, 0, 0, 0, 3, 0, 0, 0
-10, -4, 7, 0, 0, 0, 0, 3, 0, 0, 0
-11, -8, 6, 0, 0, 0, 0, 3, 0, 0, 0
-14, -7, 6, 0, 0, 0, 0, 3, 0, 0, 0
-15, -12, 5, 0, 0, 0, 0, 3, 0, 0, 0
-12, -14, 5, 0, 0, 0, 0, 3, 0, 0, 0
-11, -6, 5, 0, 0, 0, 0, 3, 7856, 256, 0
-13, -2, 5, 0, 0, 0, 0, 3, 0, 0, 2224
-11, -2, 4, 0, 0, 0, 0, 3, 0, 0, 0
-8, -2, 5, 0, 0, 0, 0, 3, 0, 0, 0
-6, -2, 5, 0, 0, 0, 0, 3, 0, 0, 0
-8, -4, 5, 0, 0, 0, 0, 3, 0, 0, 0
-18, -7, 4, 0, 0, 0, 0, 3, 0, 0, 0
-24, -9, 4, 0, 0, 0, 0, 3, 0, 0, 0
-13, -6, 3, 0, 0, 0, 0, 3, 0, 0, 0
-3, -3, 2, 0, 0, 0, 0, 3, 0, 0, 0
0, 0, 2, 0, 0, 0, 0, 3, 7824, 240, 2256
-1, 4, 1, 0, 0, 0, 0, 3, 0, 0, 0
-3, 7, 1, 0, 0, 0, 0, 3, 0, 0, 0
-2, 5, 0, 0, 0, 0, 0, 3, 0, 0, 0
2, 5, 1, 0, 0, 0, 0, 3, 0, 0, 0
5, 5, 2, 0, 0, 0, 0, 3, 0, 0, 0
0, 1, 3, 0, 0, 0, 0, 3, 0, 0, 0
-11, -4, 4, 0, 0, 0, 0, 3, 0, 0, 0
-12, -4, 5, 0, 0, 0, 0, 3, 0, 0, 0
-1, -2, 6, 0, 0, 0, 0, 3, 0, 0, 0
9, 1, 7, 0, 0, 0, 0, 3, 0, 0, 0
12, 1, 8, 0, 0, 0, 0, 3, 7840, 240, 2208
8, -3, 8, 0, 0, 0, 0, 3, 0, 0, 0
1, -5, 8, 0, 0, 0, 0, 3, 0, 0, 0
-12, -7, 8, 0, 0, 0, 0, 3, 0, 0, 0
-22, -13, 8, 0, 0, 0, 0, 3, 0, 0, 0
-20, -14, 8, 0, 0, 0, 0, 3, 0, 0, 0
-9, -5, 9, 0, 0, 0, 0, 3, 0, 0, 0
1, 1, 9, 0, 0, 0, 0, 3, 0, 0, 0
8, 2, 10, 0, 0, 0, 0, 3, 0, 0, 0
8, 0, 11, 0, 0, 0, 0, 3, 0, 0, 0
5, -4, 12, 0, 0, 0, 0, 3, 7840, 224, 2160
-1, -9, 12, 0, 0, 0, 0, 3, 0, 0, 0
0, -8, 13, 0, 0, 0, 0, 3, 0, 0, 0
2, -3, 14, 0, 0, 0, 0, 3, 0, 0, 0
2, -3, 15, 0, 0, 0, 0, 3, 0, 0, 0
0, -5, 16, 0, 0, 0, 0, 3, 0, 0, 0
-5, -5, 17, 0, 0, 0, 0, 3, 0, 0, 0
-10, -1, 19, 0, 0, 0, 0, 3, 0, 0, 0
-8, -1, 20, 0, 0, 0, 0, 3, 0, 0, 0
0, 0, 21, 0, 0, 0, 0, 3, 0, 0, 0
10, 0, 22, 0, 0, 0, 0, 3, 7872, 224, 0
9, -1, 23, 0, 0, 0, 0, 3, 0, 0, 2144
7, -2, 24, 0, 0, 0, 0, 3, 0, 0, 0
4, -4, 25, 0, 0, 0, 0, 3, 0, 0, 0
1, -4, 27, 0, 0, 0, 0, 3, 0, 0, 0
0, -4, 28, 0, 0, 0, 0, 3, 0, 0, 0
-6, -4, 29, 0, 0, 0, 0, 3, 0, 0, 0
-9, -2, 30, 0, 0, 0, 0, 3, 0, 0, 0
-1, -2, 31, 0, 0, 0, 0, 3, 0, 0, 0
3, -3, 32, 0, 0, 0, 0, 3, 0, 0, 0
4, -3, 33, 0, 0, 0, 0, 3, 7888, 160, 2176
5, -7, 33, 0, 0, 0, 0, 3, 0, 0, 0
4, -19, 33, 0, 0, 0, 0, 3, 0, 0, 0
1, -21, 33, 0, 0, 0, 0, 3, 0, 0, 0
-2, -11, 34, 0, 0, 0, 0, 3, 0, 0, 0
-4, -2, 33, 0, 0, 0, 0, 3, 0, 0, 0
-8, -1, 34, 0, 0, 0, 0, 3, 0, 0, 0
-6, -4, 33, 0, 0, 0, 0, 3, 0, 0, 0
-6, -9, 34, 0, 0, 0, 0, 3, 0, 0, 0
-8, -14, 34, 0, 0, 0, 0, 3, 0, 0, 0
-5, -12, 34, 0, 0, 0, 0, 3, 0, 0, 0
-1, -9, 34, 0, 0, 0, 0, 3, 7872, 144, 0
3, -9, 33, 0, 0, 0, 0, 3, 0, 0, 2272
6, -8, 33, 0, 0, 0, 0, 3, 0, 0, 0
6, -6, 33, 0, 0, 0, 0, 3, 0, 0, 0
5, -5, 33, 0, 0, 0, 0, 3, 0, 0, 0
0, -6, 31, 0, 0, 0, 0, 3, 0, 0, 0
-2, -9, 31, 0, 0, 0, 0, 3, 0, 0, 0
2, -11, 29, 0, 0, 0, 0, 3, 0, 0, 0
4, -10, 29, 0, 0, 0, 0, 3, 0, 0, 0
4, -8, 28, 0, 0, 0, 0, 3, 0, 0, 0
3, -6, 27, 0, 0, 0, 0, 3, 7904, 128, 2272
1, -6, 26, 0, 0, 0, 0, 3, 0, 0, 0
-4, -10, 25, 0, 0, 0, 0, 3, 0, 0, 0
-8, -9, 24, 0, 0, 0, 0, 3, 0, 0, 0
-4, -8, 23, 0, 0, 0, 0, 3, 0, 0, 0
-2, -12, 22, 0, 0, 0, 0, 3, 0, 0, 0
0, -8, 21, 0, 0, 0, 0, 3, 0, 0, 0
0, -6, 21, 0, 0, 0, 0, 3, 0, 0, 0
2, -5, 21, 0, 0, 0, 0, 3, 0, 0, 0
3, -3, 21, 0, 0, 0, 0, 3, 0, 0, 0
0, 0, 21, 0, 0, 0, 0, 3, 7856, 112, 2176
-1, -1, 21, 0, 0, 0, 0, 3, 0, 0, 0
0, -4, 22, 0, 0, 0, 0, 3, 0, 0, 0
4, -5, 22, 0, 0, 0, 0, 3, 0, 0, 0
8, -4, 22, 0, 0, 0, 0, 3, 0, 0, 0
6, -2, 23, 0, 0, 0, 0, 3, 0, 0, 0
3, 0, 23, 0, 0, 0, 0, 3, 0, 0, 0
1, -1, 23, 0, 0, 0, 0, 3, 0, 0, 0
-4, -8, 23, 0, 0, 0, 0, 3, 0, 0, 0
-4, -10, 23, 0, 0, 0, 0, 3, 0, 0, 0
4, -10, 23, 0, 0, 0, 0, 3, 7888, 128, 2192
8, -8, 23, 0, 0, 0, 0, 3, 0, 0, 0
5, -7, 23, 0, 0, 0, 0, 3, 0, 0, 0
0, -6, 22, 0, 0, 0, 0, 3, 0, 0, 0
0, -4, 22, 0, 0, 0, 0, 3, 0, 0, 0
3, 0, 21, 0, 0, 0, 0, 3, 0, 0, 0
6, 0, 21, 0, 0, 0, 0, 3, 0, 0, 0
3, -4, 21, 0, 0, 0, 0, 3, 0, 0, 0
-3, -11, 21, 0, 0, 0, 0, 3, 0, 0, 0
-8, -12, 20, 0, 0, 0, 0, 3, 0, 0, 0
-5, -7, 20, 0, 0, 0, 0, 3, 0, 0, 0
1, -4, 19, 0, 0, 0, 0, 3, 7872, 160, 2208
5, -2, 19, 0, 0, 0, 0, 3, 0, 0, 0
6, 0, 18, 0, 0, 0, 0, 3, 0, 0, 0
4, 0, 17, 0, 0, 0, 0, 3, 0, 0, 0
2, 0, 17, 0, 0, 0, 0, 3, 0, 0, 0
4, -2, 16, 0, 0, 0, 0, 3, 0, 0, 0
8, -5, 16, 0, 0, 0, 0, 3, 0, 0, 0
12, -1, 15, 0, 0, 0, 0, 3, 0, 0, 0
12, 1, 15, 0, 0, 0, 0, 3, 0, 0, 0
8, 0, 14, 0, 0, 0, 0, 3, 0, 0, 0
0, -3, 14, 0, 0, 0, 0, 3, 7840, 176, 2208
-9, -1, 14, 0, 0, 0, 0, 3, 0, 0, 0
-12, -2, 13, 0, 0, 0, 0, 3, 0, 0, 0
-5, -3, 13, 0, 0, 0, 0, 3, 0, 0, 0
6, 0, 12, 0, 0, 0, 0, 3, 0, 0, 0
17, 6, 12, 0, 0, 0, 0, 3, 0, 0, 0
24, 8, 11, 0, 0, 0, 0, 3, 0, 0, 0
21, 7, 11, 0, 0, 0, 0, 3, 0, 0, 0
16, 8, 10, 0, 0, 0, 0, 3, 0, 0, 0
9, 4, 10, 0, 0, 0, 0, 3, 0, 0, 0
-2, 0, 10, 0, 0, 0, 0, 3, 7856, 176, 2208
-12, 0, 10, 0, 0, 0, 0, 3, 0, 0, 0
-10, 0, 10, 0, 0, 0, 0, 3, 0, 0, 0
-2, 1, 10, 0, 0, 0, 0, 3, 0, 0, 0
2, 4, 10, 0, 0, 0, 0, 3, 0, 0, 0
0, 2, 11, 0, 0, 0, 0, 3, 0, 0, 0
-3, -6, 11, 0, 0, 0, 0, 3, 0, 0, 0
2, -3, 11, 0, 0, 0, 0, 3, 0, 0, 0
10, 8, 11, 0, 0, 0, 0, 3, 0, 0, 0
12, 12, 10, 0, 0, 0, 0, 3, 0, 0, 0
15, 15, 10, 0, 0, 0, 0, 3, 0, 0, 0
23, 16, 10, 0, 0, 0, 0, 3, 7872, 240, 2208
27, 15, 10, 0, 0, 0, 0, 3, 0, 0, 0
28, 14, 9, 0, 0, 0, 0, 3, 0, 0, 0
34, 16, 10, 0, 0, 0, 0, 3, 0, 0, 0
42, 23, 9, 0, 0, 0, 0, 3, 0, 0, 0
43, 23, 9, 0, 0, 0, 0, 3, 0, 0, 0
39, 19, 8, 0, 0, 0, 0, 3, 0, 0, 0
37, 16, 7, 0, 0, 0, 0, 3, 0, 0, 0
36, 16, 6, 0, 0, 0, 0, 3, 0, 0, 0
25, 12, 5, 0, 0, 0, 0, 3, 0, 0, 0
12, -2, 4, 0, 0, 0, 0, 3, 7808, 256, 2192
7, -10, 3, 0, 0, 0, 0, 3, 0, 0, 0
7, -6, 2, 0, 0, 0, 0, 3, 0, 0, 0
5, 2, 2, 0, 0, 0, 0, 3, 0, 0, 0
6, 7, 2, 0, 0, 0, 0, 3, 0, 0, 0
12, 8, 2, 0, 0, 0, 0, 3, 0, 0, 0
23, 5, 3, 0, 0, 0, 0, 3, 0, 0, 0
25, 2, 3, 0, 0, 0, 0, 3, 0, 0, 0
21, 4, 4, 0, 0, 0, 0, 3, 0, 0, 0
15, 8, 5, 0, 0, 0, 0, 3, 0, 0, 0
9, 12, 6, 0, 0, 0, 0, 3, 7792, 240, 0
10, 13, 6, 0, 0, 0, 0, 3, 0, 0, 2224
14, 10, 7, 0, 0, 0, 0, 3, 0, 0, 0
20, 7, 8, 0, 0, 0, 0, 3, 0, 0, 0
21, 4, 8, 0, 0, 0, 0, 3, 0, 0, 0
20, 0, 8, 0, 0, 0, 0, 3, 0, 0, 0
20, -1, 7, 0, 0, 0, 0, 3, 0, 0, 0
21, 0, 7, 0, 0, 0, 0, 3, 0, 0, 0
19, 2, 7, 0, 0, 0, 0, 3, 0, 0, 0
11, 4, 7, 0, 0, 0, 0, 3, 0, 0, 0
1, 7, 6, 0, 0, 0, 0, 3, 7792, 240, 2192
3, 7, 6, 0, 0, 0, 0, 3, 0, 0, 0
8, 3, 6, 0, 0, 0, 0, 3, 0, 0, 0
7, -3, 6, 0, 0, 0, 0, 3, 0, 0, 0
0, -4, 5, 0, 0, 0, 0, 3, 0, 0, 0
0, 1, 4, 0, 0, 0, 0, 3, 0, 0, 0
3, 4, 4, 0, 0, 0, 0, 3, 0, 0, 0
7, 5, 3, 0, 0, 0, 0, 3, 0, 0, 0
4, 5, 2, 0, 0, 0, 0, 3, 0, 0, 0
2, 4, 1, 0, 0, 0, 0, 3, 0, 0, 0
11, 4, 0, 0, 0, 0, 0, 3, 0, 0, 0
21, 8, 0, 0, 0, 0, 0, 3, 7856, 176, 2112
25, 11, 0, 0, 0, 0, 0, 3, 0, 0, 0
21, 11, 0, 0, 0, 0, 0, 3, 0, 0, 0
10, 7, 0, 0, 0, 0, 0, 3, 0, 0, 0
2, 4, 0, 0, 0, 0, 0, 3, 0, 0, 0
6, 6, 0, 0, 0, 0, 0, 3, 0, 0, 0
9, 9, 0, 0, 0, 0, 0, 3, 0, 0, 0
12, 14, 1, 0, 0, 0, 0, 3, 0, 0, 0
15, 16, 2, 0, 0, 0, 0, 3, 0, 0, 0
17, 17, 3, 0, 0, 0, 0, 3, 0, 0, 0
19, 16, 3, 0, 0, 0, 0, 3, 7888, 256, 2160
15, 11, 3, 0, 0, 0, 0, 3, 0, 0, 0
6, 11, 4, 0, 0, 0, 0, 3, 0, 0, 0
0, 2, 4, 0, 0, 0, 0, 3, 0, 0, 0
-5, -8, 4, 0, 0, 0, 0, 3, 0, 0, 0
-9, -3, 5, 0, 0, 0, 0, 3, 0, 0, 0
1, 7, 5, 0, 0, 0, 0, 3, 0, 0, 0
20, 17, 6, 0, 0, 0, 0, 3, 0, 0, 0
21, 19, 6, 0, 0, 0, 0, 3, 0, 0, 0
13, 14, 6, 0, 0, 0, 0, 3, 0, 0, 0
12, 4, 7, 0, 0, 0, 0, 3, 7888, 224, 2160
14, 0, 8, 0, 0, 0, 0, 3, 0, 0, 0
12, 4, 8, 0, 0, 0, 0, 3, 0, 0, 0
3, 12, 8, 0, 0, 0, 0, 3, 0, 0, 0
1, 14, 9, 0, 0, 0, 0, 3, 0, 0, 0
4, 12, 10, 0, 0, 0, 0, 3, 0, 0, 0
8, 9, 11, 0, 0, 0, 0, 3, 0, 0, 0
8, 9, 12, 0, 0, 0, 0, 3, 0, 0, 0
5, 12, 14, 0, 0, 0, 0, 3, 0, 0, 0
0, 8, 16, 0, 0, 0, 0, 3, 0, 0, 0
-1, 8, 16, 0, 0, 0, 0, 3, 7888, 208, 2160
3, 15, 19, 0, 0, 0, 0, 3, 0, 0, 0
4, 16, 20, 0, 0, 0, 0, 3, 0, 0, 0
0, 10, 22, 0, 0, 0, 0, 3, 0, 0, 0
-7, 0, 25, 0, 0, 0, 0, 3, 0, 0, 0
-15, -1, 27, 0, 0, 0, 0, 3, 0, 0, 0
-12, 6, 29, 0, 0, 0, 0, 3, 0, 0, 0
-2, 10, 31, 0, 0, 0, 0, 3, 0, 0, 0
2, 10, 33, 0, 0, 0, 0, 3, 0, 0, 0
0, 8, 34, 0, 0, 0, 0, 3, 0, 0, 0
-1, 7, 36, 0, 0, 0, 0, 3, 0, 0, 0
-1, 4, 36, 0, 0, 0, 0, 3, 7888, 192, 2128
-3, 0, 37, 0, 0, 0, 0, 3, 0, 0, 0
-4, -1, 37, 0, 0, 0, 0, 3, 0, 0, 0
-13, 0, 37, 0, 0, 0, 0, 3, 0, 0, 0
-22, 0, 37, 0, 0, 0, 0, 3, 0, 0, 0
-15, 1, 37, 0, 0, 0, 0, 3, 0, 0, 0
-3, 8, 37, 0, 0, 0, 0, 3, 0, 0, 0
0, 11, 37, 0, 0, 0, 0, 3, 0, 0, 0
-4, 12, 36, 0, 0, 0, 0, 3, 0, 0, 0
-6, 11, 36, 0, 0, 0, 0, 3, 0, 0, 0
-7, 6, 36, 0, 0, 0, 0, 3, 7840, 192, 2208
-12, 3, 36, 0, 0, 0, 0, 3, 0, 0, 0
-11, 5, 36, 0, 0, 0, 0, 3, 0, 0, 0
-1, 12, 35, 0, 0, 0, 0, 3, 0, 0, 0
2, 13, 35, 0, 0, 0, 0, 3, 0, 0, 0
2, 12, 34, 0, 0, 0, 0, 3, 0, 0, 0
0, 9, 34, 0, 0, 0, 0, 3, 0, 0, 0
-2, 8, 33, 0, 0, 0, 0, 3, 0, 0, 0
-5, 10, 33, 0, 0, 0, 0, 3, 0, 0, 0
-9, 9, 33, 0, 0, 0, 0, 3, 0, 0, 0
-9, 3, 33, 0, 0, 0, 0, 3, 7872, 224, 2160
-9, 0, 32, 0, 0, 0, 0, 3, 0, 0, 0
-11, 2, 31, 0, 0, 0, 0, 3, 0, 0, 0
-7, 7, 30, 0, 0, 0, 0, 3, 0, 0, 0
-1, 10, 30, 0, 0, 0, 0, 3, 0, 0, 0
4, 11, 30, 0, 0, 0, 0, 3, 0, 0, 0
4, 10, 29, 0, 0, 0, 0, 3, 0, 0, 0
3, 10, 29, 0, 0, 0, 0, 3, 0, 0, 0
3, 9, 28, 0, 0, 0, 0, 3, 0, 0, 0
-1, 9, 27, 0, 0, 0, 0, 3, 0, 0, 0
-3, 9, 26, 0, 0, 0, 0, 3, 0, 0, 0
-2, 8, 25, 0, 0, 0, 0, 3, 7888, 176, 2208
-6, 6, 25, 0, 0, 0, 0, 3, 0, 0, 0
-8, 4, 24, 0, 0, 0, 0, 3, 0, 0, 0
-4, 6, 24, 0, 0, 0, 0, 3, 0, 0, 0
-2, 8, 24, 0, 0, 0, 0, 3, 0, 0, 0
2, 13, 24, 0, 0, 0, 0, 3, 0, 0, 0
3, 17, 25, 0, 0, 0, 0, 3, 0, 0, 0
1, 21, 25, 0, 0, 0, 0, 3, 0, 0, 0
6, 22, 25, 0, 0, 0, 0, 3, 0, 0, 0
12, 19, 26, 0, 0, 0, 0, 3, 0, 0, 0
15, 12, 26, 0, 0, 0, 0, 3, 7856, 192, 2176
16, 12, 26, 0, 0, 0, 0, 3, 0, 0, 0
17, 24, 26, 0, 0, 0, 0, 3, 0, 0, 0
17, 31, 26, 0, 0, 0, 0, 3, 0, 0, 0
7, 31, 26, 0, 0, 0, 0, 3, 0, 0, 0
1, 28, 26, 0, 0, 0, 0, 3, 0, 0, 0
7, 24, 26, 0, 0, 0, 0, 3, 0, 0, 0
15, 17, 26, 0, 0, 0, 0, 3, 0, 0, 0
16, 12, 25, 0, 0, 0, 0, 3, 0, 0, 0
14, 17, 25, 0, 0, 0, 0, 3, 0, 0, 0
15, 26, 25, 0, 0, 0, 0, 3, 0, 0, 0
11, 30, 25, 0, 0, 0, 0, 3, 7856, 144, 2144
2, 26, 25, 0, 0, 0, 0, 3, 0, 0, 0
-5, 19, 24, 0, 0, 0, 0, 3, 0, 0, 0
-4, 16, 24, 0, 0, 0, 0, 3, 0, 0, 0
-3, 14, 24, 0, 0, 0, 0, 3, 0, 0, 0
0, 14, 24, 0, 0, 0, 0, 3, 0, 0, 0
7, 16, 24, 0, 0, 0, 0, 3, 0, 0, 0
10, 16, 23, 0, 0, 0, 0, 3, 0, 0, 0
12, 19, 23, 0, 0, 0, 0, 3, 0, 0, 0
12, 23, 23, 0, 0, 0, 0, 3, 7856, 128, 2192
7, 20, 22, 0, 0, 0, 0, 3, 0, 0, 0
3, 15, 22, 0, 0, 0, 0, 3, 0, 0, 0
3, 15, 21, 0, 0, 0, 0, 3, 0, 0, 0
4, 20, 21, 0, 0, 0, 0, 3, 0, 0, 0
5, 19, 20, 0, 0, 0, 0, 3, 0, 0, 0
3, 11, 20, 0, 0, 0, 0, 3, 0, 0, 0
-3, 8, 19, 0, 0, 0, 0, 3, 0, 0, 0
-3, 14, 19, 0, 0, 0, 0, 3, 0, 0, 0
5, 21, 18, 0, 0, 0, 0, 3, 0, 0, 0
14, 29, 17, 0, 0, 0, 0, 3, 7872, 160, 0
15, 29, 16, 0, 0, 0, 0, 3, 0, 0, 2160
12, 28, 15, 0, 0, 0, 0, 3, 0, 0, 0
12, 23, 15, 0, 0, 0, 0, 3, 0, 0, 0
11, 16, 14, 0, 0, 0, 0, 3, 0, 0, 0
6, 15, 13, 0, 0, 0, 0, 3, 0, 0, 0
3, 17, 12, 0, 0, 0, 0, 3, 0, 0, 0
2, 23, 12, 0, 0, 0, 0, 3, 0, 0, 0
0, 25, 11, 0, 0, 0, 0, 3, 0, 0, 0
3, 27, 10, 0, 0, 0, 0, 3, 0, 0, 0
10, 26, 10, 0, 0, 0, 0, 3, 0, 0, 0
19, 24, 9, 0, 0, 0, 0, 3, 7856, 176, 2176
21, 25, 8, 0, 0, 0, 0, 3, 0, 0, 0
22, 28, 8, 0, 0, 0, 0, 3, 0, 0, 0
22, 32, 8, 0, 0, 0, 0, 3, 0, 0, 0
25, 36, 8, 0, 0, 0, 0, 3, 0, 0, 0
32, 40, 8, 0, 0, 0, 0, 3, 0, 0, 0
36, 46, 8, 0, 0, 0, 0, 3, 0, 0, 0
52, 64, 8, 0, 0, 0, 0, 3, 0, 0, 0
75, 83, 7, 0, 0, 0, 0, 3, 0, 0, 0
96, 102, 8, 0, 0, 0, 0, 3, 0, 0, 0
118, 127, 7, 0, 0, 0, 0, 3, 0, 0, 0
143, 153, 8, 0, 0, 0, 0, 3, 7824, 176, 2208
166, 177, 7, 0, 0, 0, 0, 3, 0, 0, 0
190, 197, 7, 0, 0, 0, 0, 3, 0, 0, 0
214, 214, 7, 0, 0, 0, 0, 3, 0, 0, 0
232, 234, 7, 0, 0, 0, 0, 3, 0, 0, 0
242, 252, 7, 0, 0, 0, 0, 3, 0, 0, 0
250, 265, 6, 0, 0, 0, 0, 3, 0, 0, 0
242, 267, 6, 0, 0, 0, 0, 3, 0, 0, 0
234, 265, 6, 0, 0, 0, 0, 3, 0, 0, 0
231, 254, 6, 0, 0, 0, 0, 3, 7872, 192, 2112
233, 251, 5, 0, 0, 0, 0, 3, 0, 0, 0
234, 256, 5, 0, 0, 0, 0, 3, 0, 0, 0
227, 252, 5, 0, 0, 0, 0, 3, 0, 0, 0
216, 242, 5, 0, 0, 0, 0, 3, 0, 0, 0
198, 226, 5, 0, 0, 0, 0, 3, 0, 0, 0
181, 207, 5, 0, 0, 0, 0, 3, 0, 0, 0
173, 195, 5, 0, 0, 0, 0, 3, 0, 0, 0
163, 185, 5, 0, 0, 0, 0, 3, 0, 0, 0
150, 172, 4, 0, 0, 0, 0, 3, 0, 0, 0
133, 152, 4, 0, 0, 0, 0, 3, 7840, 192, 2128
121, 135, 4, 0, 0, 0, 0, 3, 0, 0, 0
109, 117, 4, 0, 0, 0, 0, 3, 0, 0, 0
96, 102, 4, 0, 0, 0, 0, 3, 0, 0, 0
81, 96, 4, 0, 0, 0, 0, 3, 0, 0, 0
76, 93, 4, 0, 0, 0, 0, 3, 0, 0, 0
71, 90, 4, 0, 0, 0, 0, 3, 0, 0, 0
67, 85, 4, 0, 0, 0, 0, 3, 0, 0, 0
63, 75, 4, 0, 0, 0, 0, 3, 0, 0, 0
55, 62, 3, 0, 0, 0, 0, 3, 0, 0, 0
46, 53, 3, 0, 0, 0, 0, 3, 0, 0, 0
33, 43, 3, 0, 0, 0, 0, 3, 7808, 192, 2112
14, 30, 3, 0, 0, 0, 0, 3, 0, 0, 0
4, 21, 2, 0, 0, 0, 0, 3, 0, 0, 0
2, 11, 2, 0, 0, 0, 0, 3, 0, 0, 0
-2, 2, 2, 0, 0, 0, 0, 3, 0, 0, 0
-13, 0, 2, 0, 0, 0, 0, 3, 0, 0, 0
-18, -3, 2, 0, 0, 0, 0, 3, 0, 0, 0
-16, -7, 2, 0, 0, 0, 0, 3, 0, 0, 0
-15, -11, 2, 0, 0, 0, 0, 3, 0, 0, 0
-15, -18, 3, 0, 0, 0, 0, 3, 0, 0, 0
-19, -26, 3, 0, 0, 0, 0, 3, 7872, 176, 2112
-33, -32, 3, 0, 0, 0, 0, 3, 0, 0, 0
-42, -37, 3, 0, 0, 0, 0, 3, 0, 0, 0
-47, -39, 3, 0, 0, 0, 0, 3, 0, 0, 0
-46, -39, 3, 0, 0, 0, 0, 3, 0, 0, 0
-43, -39, 4, 0, 0, 0, 0, 3, 0, 0, 0
-45, -45, 4, 0, 0, 0, 0, 3, 0, 0, 0
-47, -48, 4, 0, 0, 0, 0, 3, 0, 0, 0
-48, -51, 4, 0, 0, 0, 0, 3, 0, 0, 0
-52, -59, 4, 0, 0, 0, 0, 3, 0, 0, 0
-57, -62, 4, 0, 0, 0, 0, 3, 7808, 176, 2080
-63, -61, 4, 0, 0, 0, 0, 3, 0, 0, 0
-70, -65, 5, 0, 0, 0, 0, 3, 0, 0, 0
-75, -72, 5, 0, 0, 0, 0, 3, 0, 0, 0
-81, -76, 5, 0, 0, 0, 0, 3, 0, 0, 0
-88, -77, 6, 0, 0, 0, 0, 3, 0, 0, 0
-85, -78, 7, 0, 0, 0, 0, 3, 0, 0, 0
-79, -78, 8, 0, 0, 0, 0, 3, 0, 0, 0
-73, -78, 8, 0, 0, 0, 0, 3, 0, 0, 0
-69, -78, 9, 0, 0, 0, 0, 3, 0, 0, 0
-71, -80, 10, 0, 0, 0, 0, 3, 7840, 192, 0
-79, -80, 12, 0, 0, 0, 0, 3, 0, 0, 2128
-88, -80, 13, 0, 0, 0, 0, 3, 0, 0, 0
-91, -78, 15, 0, 0, 0, 0, 3, 0, 0, 0
-92, -80, 16, 0, 0, 0, 0, 3, 0, 0, 0
-96, -84, 18, 0, 0, 0, 0, 3, 0, 0, 0
-89, -90, 20, 0, 0, 0, 0, 3, 0, 0, 0
-78, -88, 22, 0, 0, 0, 0, 3, 0, 0, 0
-73, -84, 23, 0, 0, 0, 0, 3, 0, 0, 0
-77, -85, 25, 0, 0, 0, 0, 3, 0, 0, 0
-86, -87, 26, 0, 0, 0, 0, 3, 0, 0, 0
-92, -86, 27, 0, 0, 0, 0, 3, 0, 0, 0
-93, -85, 29, 0, 0, 0, 0, 3, 7840, 176, 2176
-94, -88, 29, 0, 0, 0, 0, 3, 0, 0, 0
-99, -90, 31, 0, 0, 0, 0, 3, 0, 0, 0
-96, -85, 32, 0, 0, 0, 0, 3, 0, 0, 0
-85, -79, 33, 0, 0, 0, 0, 3, 0, 0, 0
-76, -80, 33, 0, 0, 0, 0, 3, 0, 0, 0
-70, -80, 34, 0, 0, 0, 0, 3, 0, 0, 0
-71, -80, 35, 0, 0, 0, 0, 3, 0, 0, 0
-76, -78, 35, 0, 0, 0, 0, 3, 0, 0, 0
-80, -74, 35, 0, 0, 0, 0, 3, 7856, 144, 2208
-84, -75, 36, 0, 0, 0, 0, 3, 0, 0, 0
-88, -79, 36, 0, 0, 0, 0, 3, 0, 0, 0
-89, -77, 37, 0, 0, 0, 0, 3, 0, 0, 0
-84, -72, 37, 0, 0, 0, 0, 3, 0, 0, 0
-77, -72, 37, 0, 0, 0, 0, 3, 0, 0, 0
-75, -76, 37, 0, 0, 0, 0, 3, 0, 0, 0
-68, -74, 37, 0, 0, 0, 0, 3, 0, 0, 0
-63, -66, 37, 0, 0, 0, 0, 3, 0, 0, 0
-65, -61, 36, 0, 0, 0, 0, 3, 0, 0, 0
-63, -59, 36, 0, 0, 0, 0, 3, 7856, 160, 2208
-59, -57, 35, 0, 0, 0, 0, 3, 0, 0, 0
-58, -54, 34, 0, 0, 0, 0, 3, 0, 0, 0
-64, -54, 33, 0, 0, 0, 0, 3, 0, 0, 0
-70, -58, 33, 0, 0, 0, 0, 3, 0, 0, 0
-69, -63, 32, 0, 0, 0, 0, 3, 0, 0, 0
-61, -63, 32, 0, 0, 0, 0, 3, 0, 0, 0
-51, -61, 31, 0, 0, 0, 0, 3, 0, 0, 0
-52, -59, 30, 0, 0, 0, 0, 3, 0, 0, 0
-55, -60, 30, 0, 0, 0, 0, 3, 0, 0, 0
-52, -54, 30, 0, 0, 0, 0, 3, 0, 0, 0
-50, -50, 30, 0, 0, 0, 0, 3, 7872, 112, 2192
-56, -52, 30, 0, 0, 0, 0, 3, 0, 0, 0
-59, -53, 31, 0, 0, 0, 0, 3, 0, 0, 0
-58, -51, 31, 0, 0, 0, 0, 3, 0, 0, 0
-59, -54, 32, 0, 0, 0, 0, 3, 0, 0, 0
-65, -59, 32, 0, 0, 0, 0, 3, 0, 0, 0
-63, -59, 32, 0, 0, 0, 0, 3, 0, 0, 0
-56, -54, 32, 0, 0, 0, 0, 3, 0, 0, 0
-54, -48, 32, 0, 0, 0, 0, 3, 0, 0, 0
-55, -52, 32, 0, 0, 0, 0, 3, 0, 0, 0
-58, -54, 31, 0, 0, 0, 0, 3, 7856, 144, 0
-54, -50, 31, 0, 0, 0, 0, 3, 0, 0, 2176
-50, -43, 30, 0, 0, 0, 0, 3, 0, 0, 0
-49, -39, 29, 0, 0, 0, 0, 3, 0, 0, 0
-50, -40, 29, 0, 0, 0, 0, 3, 0, 0, 0
-50, -39, 27, 0, 0, 0, 0, 3, 0, 0, 0
-50, -38, 25, 0, 0, 0, 0, 3, 0, 0, 0
-49, -41, 25, 0, 0, 0, 0, 3, 0, 0, 0
-50, -42, 23, 0, 0, 0, 0, 3, 0, 0, 0
-51, -40, 22, 0, 0, 0, 0, 3, 0, 0, 0
-53, -38, 21, 0, 0, 0, 0, 3, 7840, 112, 2192
-53, -37, 21, 0, 0, 0, 0, 3, 0, 0, 0
-45, -32, 20, 0, 0, 0, 0, 3, 0, 0, 0
-39, -29, 20, 0, 0, 0, 0, 3, 0, 0, 0
-37, -29, 20, 0, 0, 0, 0, 3, 0, 0, 0
-36, -30, 19, 0, 0, 0, 0, 3, 0, 0, 0
-37, -30, 19, 0, 0, 0, 0, 3, 0, 0, 0
-36, -29, 18, 0, 0, 0, 0, 3, 0, 0, 0
-33, -30, 18, 0, 0, 0, 0, 3, 0, 0, 0
-34, -31, 17, 0, 0, 0, 0, 3, 0, 0, 0
-34, -27, 17, 0, 0, 0, 0, 3, 7840, 144, 2144
-34, -23, 16, 0, 0, 0, 0, 3, 0, 0, 0
-38, -23, 15, 0, 0, 0, 0, 3, 0, 0, 0
-41, -26, 14, 0, 0, 0, 0, 3, 0, 0, 0
-39, -31, 13, 0, 0, 0, 0, 3, 0, 0, 0
-38, -32, 12, 0, 0, 0, 0, 3, 0, 0, 0
-37, -31, 11, 0, 0, 0, 0, 3, 0, 0, 0
-37, -29, 10, 0, 0, 0, 0, 3, 0, 0, 0
-34, -25, 10, 0, 0, 0, 0, 3, 0, 0, 0
-30, -24, 9, 0, 0, 0, 0, 3, 0, 0, 0
-28, -22, 9, 0, 0, 0, 0, 3, 0, 0, 0
-29, -23, 10, 0, 0, 0, 0, 3, 7856, 192, 2048
-34, -25, 10, 0, 0, 0, 0, 3, 0, 0, 0
-37, -27, 12, 0, 0, 0, 0, 3, 0, 0, 0
-31, -26, 12, 0, 0, 0, 0, 3, 0, 0, 0
-21, -25, 13, 0, 0, 0, 0, 3, 0, 0, 0
-18, -27, 14, 0, 0, 0, 0, 3, 0, 0, 0
-21, -28, 15, 0, 0, 0, 0, 3, 0, 0, 0
-23, -21, 15, 0, 0, 0, 0, 3, 0, 0, 0
-26, -15, 16, 0, 0, 0, 0, 3, 0, 0, 0
-31, -13, 16, 0, 0, 0, 0, 3, 0, 0, 0
-29, -16, 17, 0, 0, 0, 0, 3, 7888, 208, 0
-20, -15, 17, 0, 0, 0, 0, 3, 0, 0, 2064
-16, -15, 17, 0, 0, 0, 0, 3, 0, 0, 0
-19, -15, 17, 0, 0, 0, 0, 3, 0, 0, 0
-21, -15, 17, 0, 0, 0, 0, 3, 0, 0, 0
-21, -16, 16, 0, 0, 0, 0, 3, 0, 0, 0
-22, -19, 16, 0, 0, 0, 0, 3, 0, 0, 0
-21, -20, 16, 0, 0, 0, 0, 3, 0, 0, 0
-23, -18, 15, 0, 0, 0, 0, 3, 0, 0, 0
-24, -16, 15, 0, 0, 0, 0, 3, 0, 0, 0
-20, -14, 14, 0, 0, 0, 0, 3, 7904, 240, 2112
-18, -13, 14, 0, 0, 0, 0, 3, 0, 0, 0
-17, -12, 13, 0, 0, 0, 0, 3, 0, 0, 0
-14, -9, 13, 0, 0, 0, 0, 3, 0, 0, 0
-7, -8, 12, 0, 0, 0, 0, 3, 0, 0, 0
-3, -2, 12, 0, 0, 0, 0, 3, 0, 0, 0
-2, 1, 11, 0, 0, 0, 0, 3, 0, 0, 0
0, 3, 11, 0, 0, 0, 0, 3, 0, 0, 0
6, 2, 10, 0, 0, 0, 0, 3, 0, 0, 0
10, 5, 10, 0, 0, 0, 0, 3, 0, 0, 0
13, 12, 9, 0, 0, 0, 0, 3, 7856, 224, 0
14, 12, 9, 0, 0, 0, 0, 3, 0, 0, 2112
8, 5, 8, 0, 0, 0, 0, 3, 0, 0, 0
0, -3, 8, 0, 0, 0, 0, 3, 0, 0, 0
-6, -6, 8, 0, 0, 0, 0, 3, 0, 0, 0
-11, -5, 8, 0, 0, 0, 0, 3, 0, 0, 0
-11, -7, 8, 0, 0, 0, 0, 3, 0, 0, 0
-10, -11, 8, 0, 0, 0, 0, 3, 0, 0, 0
-12, -15, 8, 0, 0, 0, 0, 3, 0, 0, 0
-14, -16, 8, 0, 0, 0, 0, 3, 0, 0, 0
-16, -13, 8, 0, 0, 0, 0, 3, 0, 0, 0
-18, -8, 8, 0, 0, 0, 0, 3, 7872, 208, 2160
-14, -2, 8, 0, 0, 0, 0, 3, 0, 0, 0
-4, 1, 8, 0, 0, 0, 0, 3, 0, 0, 0
0, 2, 7, 0, 0, 0, 0, 3, 0, 0, 0
2, 2, 6, 0, 0, 0, 0, 3, 0, 0, 0
0, 0, 5, 0, 0, 0, 0, 3, 0, 0, 0
-2, 0, 4, 0, 0, 0, 0, 3, 0, 0, 0
0, 0, 3, 0, 0, 0, 0, 3, 0, 0, 0
5, 0, 3, 0, 0, 0, 0, 3, 0, 0, 0
4, 0, 2, 0, 0, 0, 0, 3, 0, 0, 0
0, 1, 2, 0, 0, 0, 0, 3, 7872, 192, 0
-3, 1, 2, 0, 0, 0, 0, 3, 0, 0, 2192
-2, 2, 3, 0, 0, 0, 0, 3, 0, 0, 0
0, 2, 3, 0, 0, 0, 0, 3, 0, 0, 0
4, 0, 4, 0, 0, 0, 0, 3, 0, 0, 0
7, 0, 5, 0, 0, 0, 0, 3, 0, 0, 0
9, 3, 5, 0, 0, 0, 0, 3, 0, 0, 0
6, 4, 6, 0, 0, 0, 0, 3, 0, 0, 0
4, 5, 5, 0, 0, 0, 0, 3, 0, 0, 0
1, 9, 7, 0, 0, 0, 0, 3, 0, 0, 0
3, 11, 7, 0, 0, 0, 0, 3, 7888, 192, 2192
8, 11, 8, 0, 0, 0, 0, 3, 0, 0, 0
7, 10, 8, 0, 0, 0, 0, 3, 0, 0, 0
5, 12, 8, 0, 0, 0, 0, 3, 0, 0, 0
9, 11, 8, 0, 0, 0, 0, 3, 0, 0, 0
9, 8, 8, 0, 0, 0, 0, 3, 0, 0, 0
10, 8, 8, 0, 0, 0, 0, 3, 0, 0, 0
12, 11, 8, 0, 0, 0, 0, 3, 0, 0, 0
8, 10, 8, 0, 0, 0, 0, 3, 0, 0, 0
0, 8, 8, 0, 0, 0, 0, 3, 0, 0, 0
-5, 8, 8, 0, 0, 0, 0, 3, 7888, 176, 2128
-4, 9, 8, 0, 0, 0, 0, 3, 0, 0, 0
0, 8, 8, 0, 0, 0, 0, 3, 0, 0, 0
12, 11, 8, 0, 0, 0, 0, 3, 0, 0, 0
20, 12, 8, 0, 0, 0, 0, 3, 0, 0, 0
17, 9, 8, 0, 0, 0, 0, 3, 0, 0, 0
13, 7, 8, 0, 0, 0, 0, 3, 0, 0, 0
13, 10, 8, 0, 0, 0, 0, 3, 0, 0, 0
12, 16, 7, 0, 0, 0, 0, 3, 0, 0, 0
9, 17, 7, 0, 0, 0, 0, 3, 0, 0, 0
6, 19, 6, 0, 0, 0, 0, 3, 0, 0, 0
5, 19, 5, 0, 0, 0, 0, 3, 7840, 144, 2144
9, 17, 5, 0, 0, 0, 0, 3, 0, 0, 0
19, 19, 5, 0, 0, 0, 0, 3, 0, 0, 0
20, 18, 5, 0, 0, 0, 0, 3, 0, 0, 0
14, 12, 6, 0, 0, 0, 0, 3, 0, 0, 0
4, 8, 7, 0, 0, 0, 0, 3, 0, 0, 0
0, 6, 9, 0, 0, 0, 0, 3, 0, 0, 0
8, 10, 10, 0, 0, 0, 0, 3, 0, 0, 0
19, 16, 12, 0, 0, 0, 0, 3, 0, 0, 0
21, 16, 14, 0, 0, 0, 0, 3, 0, 0, 0
12, 12, 16, 0, 0, 0, 0, 3, 7856, 160, 2192
5, 10, 18, 0, 0, 0, 0, 3, 0, 0, 0
8, 9, 20, 0, 0, 0, 0, 3, 0, 0, 0
9, 9, 21, 0, 0, 0, 0, 3, 0, 0, 0
7, 9, 23, 0, 0, 0, 0, 3, 0, 0, 0
3, 7, 24, 0, 0, 0, 0, 3, 0, 0, 0
-2, 5, 25, 0, 0, 0, 0, 3, 0, 0, 0
-8, 4, 27, 0, 0, 0, 0, 3, 0, 0, 0
-7, 4, 28, 0, 0, 0, 0, 3, 0, 0, 0
-1, 6, 29, 0, 0, 0, 0, 3, 0, 0, 0
3, 5, 30, 0, 0, 0, 0, 3, 7840, 160, 2128
0, 0, 31, 0, 0, 0, 0, 3, 0, 0, 0
0, 0, 32, 0, 0, 0, 0, 3, 0, 0, 0
0, 0, 33, 0, 0, 0, 0, 3, 0, 0, 0
4, 0, 34, 0, 0, 0, 0, 3, 0, 0, 0
4, 4, 34, 0, 0, 0, 0, 3, 0, 0, 0
-1, 8, 34, 0, 0, 0, 0, 3, 0, 0, 0
-11, 9, 34, 0, 0, 0, 0, 3, 0, 0, 0
-20, 1, 34, 0, 0, 0, 0, 3, 0, 0, 0
-12, 0, 33, 0, 0, 0, 0, 3, 0, 0, 0
0, 3, 33, 0, 0, 0, 0, 3, 0, 0, 0
12, 10, 33, 0, 0, 0, 0, 3, 7840, 128, 2192
17, 9, 33, 0, 0, 0, 0, 3, 0, 0, 0
18, 4, 33, 0, 0, 0, 0, 3, 0, 0, 0
16, 3, 34, 0, 0, 0, 0, 3, 0, 0, 0
14, 2, 34, 0, 0, 0, 0, 3, 0, 0, 0
15, 3, 34, 0, 0, 0, 0, 3, 0, 0, 0
14, 7, 33, 0, 0, 0, 0, 3, 0, 0, 0
8, 8, 33, 0, 0, 0, 0, 3, 0, 0, 0
3, 4, 33, 0, 0, 0, 0, 3, 0, 0, 0
1, -2, 33, 0, 0, 0, 0, 3, 0, 0, 0
1, -9, 33, 0, 0, 0, 0, 3, 7840, 96, 2224
1, -8, 33, 0, 0, 0, 0, 3, 0, 0, 0
6, 0, 33, 0, 0, 0, 0, 3, 0, 0, 0
12, 9, 33, 0, 0, 0, 0, 3, 0, 0, 0
15, 11, 34, 0, 0, 0, 0, 3, 0, 0, 0
16, 8, 34, 0, 0, 0, 0, 3, 0, 0, 0
15, 8, 34, 0, 0, 0, 0, 3, 0, 0, 0
14, 10, 34, 0, 0, 0, 0, 3, 0, 0, 0
12, 8, 34, 0, 0, 0, 0, 3, 0, 0, 0
14, 7, 34, 0, 0, 0, 0, 3, 0, 0, 0
16, 8, 34, 0, 0, 0, 0, 3, 7872, 128, 2160
13, 8, 33, 0, 0, 0, 0, 3, 0, 0, 0
5, 6, 33, 0, 0, 0, 0, 3, 0, 0, 0
4, 0, 33, 0, 0, 0, 0, 3, 0, 0, 0
1, -3, 32, 0, 0, 0, 0, 3, 0, 0, 0
-2, -2, 32, 0, 0, 0, 0, 3, 0, 0, 0
4, 0, 31, 0, 0, 0, 0, 3, 0, 0, 0
9, 0, 30, 0, 0, 0, 0, 3, 0, 0, 0
8, 0, 29, 0, 0, 0, 0, 3, 0, 0, 0
11, 0, 28, 0, 0, 0, 0, 3, 0, 0, 0
13, 3, 26, 0, 0, 0, 0, 3, 7840, 96, 0
8, 4, 25, 0, 0, 0, 0, 3, 0, 0, 2176
2, 3, 24, 0, 0, 0, 0, 3, 0, 0, 0
1, 0, 24, 0, 0, 0, 0, 3, 0, 0, 0
1, -1, 23, 0, 0, 0, 0, 3, 0, 0, 0
2, 0, 22, 0, 0, 0, 0, 3, 0, 0, 0
4, 4, 21, 0, 0, 0, 0, 3, 0, 0, 0
5, 8, 21, 0, 0, 0, 0, 3, 0, 0, 0
8, 10, 21, 0, 0, 0, 0, 3, 0, 0, 0
10, 8, 20, 0, 0, 0, 0, 3, 0, 0, 0
10, 5, 19, 0, 0, 0, 0, 3, 0, 0, 0
8, 1, 18, 0, 0, 0, 0, 3, 7840, 160, 2144
6, 0, 18, 0, 0, 0, 0, 3, 0, 0, 0
10, 3, 16, 0, 0, 0, 0, 3, 0, 0, 0
10, 5, 16, 0, 0, 0, 0, 3, 0, 0, 0
6, 4, 14, 0, 0, 0, 0, 3, 0, 0, 0
7, 7, 14, 0, 0, 0, 0, 3, 0, 0, 0
11, 11, 13, 0, 0, 0, 0, 3, 0, 0, 0
10, 11, 12, 0, 0, 0, 0, 3, 0, 0, 0
8, 8, 13, 0, 0, 0, 0, 3, 0, 0, 0
10, 9, 14, 0, 0, 0, 0, 3, 0, 0, 0
13, 12, 15, 0, 0, 0, 0, 3, 0, 0, 0
18, 13, 15, 0, 0, 0, 0, 3, 7888, 128, 2144
19, 12, 16, 0, 0, 0, 0, 3, 0, 0, 0
21, 13, 16, 0, 0, 0, 0, 3, 0, 0, 0
21, 11, 17, 0, 0, 0, 0, 3, 0, 0, 0
19, 8, 18, 0, 0, 0, 0, 3, 0, 0, 0
13, 7, 19, 0, 0, 0, 0, 3, 0, 0, 0
8, 8, 19, 0, 0, 0, 0, 3, 0, 0, 0
0, 10, 19, 0, 0, 0, 0, 3, 0, 0, 0
1, 14, 18, 0, 0, 0, 0, 3, 0, 0, 0
9, 14, 19, 0, 0, 0, 0, 3, 7856, 176, 2160
14, 12, 18, 0, 0, 0, 0, 3, 0, 0, 0
18, 9, 18, 0, 0, 0, 0, 3, 0, 0, 0
19, 12, 17, 0, 0, 0, 0, 3, 0, 0, 0
19, 16, 16, 0, 0, 0, 0, 3, 0, 0, 0
18, 17, 15, 0, 0, 0, 0, 3, 0, 0, 0
16, 19, 14, 0, 0, 0, 0, 3, 0, 0, 0
12, 17, 13, 0, 0, 0, 0, 3, 0, 0, 0
7, 15, 12, 0, 0, 0, 0, 3, 0, 0, 0
4, 13, 12, 0, 0, 0, 0, 3, 0, 0, 0
15, 16, 11, 0, 0, 0, 0, 3, 0, 0, 0
25, 19, 11, 0, 0, 0, 0, 3, 7856, 208, 2176
25, 20, 11, 0, 0, 0, 0, 3, 0, 0, 0
17, 17, 11, 0, 0, 0, 0, 3, 0, 0, 0
9, 13, 12, 0, 0, 0, 0, 3, 0, 0, 0
13, 12, 12, 0, 0, 0, 0, 3, 0, 0, 0
16, 13, 12, 0, 0, 0, 0, 3, 0, 0, 0
17, 14, 12, 0, 0, 0, 0, 3, 0, 0, 0
15, 12, 13, 0, 0, 0, 0, 3, 0, 0, 0
12, 10, 12, 0, 0, 0, 0, 3, 0, 0, 0
12, 8, 12, 0, 0, 0, 0, 3, 0, 0, 0
12, 9, 12, 0, 0, 0, 0, 3, 7888, 240, 2160
12, 10, 12, 0, 0, 0, 0, 3, 0, 0, 0
12, 8, 12, 0, 0, 0, 0, 3, 0, 0, 0
17, 11, 12, 0, 0, 0, 0, 3, 0, 0, 0
19, 16, 11, 0, 0, 0, 0, 3, 0, 0, 0
21, 20, 11, 0, 0, 0, 0, 3, 0, 0, 0
25, 22, 9, 0, 0, 0, 0, 3, 0, 0, 0
28, 24, 8, 0, 0, 0, 0, 3, 0, 0, 0
26, 24, 7, 0, 0, 0, 0, 3, 0, 0, 0
25, 21, 6, 0, 0, 0, 0, 3, 0, 0, 0
23, 17, 4, 0, 0, 0, 0, 3, 7872, 176, 2144
17, 10, 4, 0, 0, 0, 0, 3, 0, 0, 0
12, 5, 3, 0, 0, 0, 0, 3, 0, 0, 0
3, 1, 2, 0, 0, 0, 0, 3, 0, 0, 0
-4, -1, 3, 0, 0, 0, 0, 3, 0, 0, 0
-4, -1, 2, 0, 0, 0, 0, 3, 0, 0, 0
3, 1, 3, 0, 0, 0, 0, 3, 0, 0, 0
10, 6, 4, 0, 0, 0, 0, 3, 0, 0, 0
12, 8, 4, 0, 0, 0, 0, 3, 0, 0, 0
9, 9, 4, 0, 0, 0, 0, 3, 0, 0, 0
7, 10, 5, 0, 0, 0, 0, 3, 7888, 176, 2192
6, 8, 5, 0, 0, 0, 0, 3, 0, 0, 0
5, 5, 5, 0, 0, 0, 0, 3, 0, 0, 0
8, 5, 5, 0, 0, 0, 0, 3, 0, 0, 0
14, 9, 5, 0, 0, 0, 0, 3, 0, 0, 0
13, 11, 5, 0, 0, 0, 0, 3, 0, 0, 0
13, 13, 5, 0, 0, 0, 0, 3, 0, 0, 0
15, 14, 5, 0, 0, 0, 0, 3, 0, 0, 0
13, 10, 5, 0, 0, 0, 0, 3, 0, 0, 0
12, 10, 5, 0, 0, 0, 0, 3, 0, 0, 0
9, 9, 4, 0, 0, 0, 0, 3, 7872, 144, 2144
6, 8, 5, 0, 0, 0, 0, 3, 0, 0, 0
11, 8, 4, 0, 0, 0, 0, 3, 0, 0, 0
13, 11, 4, 0, 0, 0, 0, 3, 0, 0, 0
11, 11, 4, 0, 0, 0, 0, 3, 0, 0, 0
8, 9, 4, 0, 0, 0, 0, 3, 0, 0, 0
5, 6, 4, 0, 0, 0, 0, 3, 0, 0, 0
6, 4, 4, 0, 0, 0, 0, 3, 0, 0, 0
7, 3, 4, 0, 0, 0, 0, 3, 0, 0, 0
4, 1, 4, 0, 0, 0, 0, 3, 0, 0, 0
3, 4, 4, 0, 0, 0, 0, 3, 0, 0, 0
3, 6, 4, 0, 0, 0, 0, 3, 7840, 128, 2160
4, 8, 4, 0, 0, 0, 0, 3, 0, 0, 0
10, 9, 3, 0, 0, 0, 0, 3, 0, 0, 0
16, 8, 3, 0, 0, 0, 0, 3, 0, 0, 0
16, 7, 2, 0, 0, 0, 0, 3, 0, 0, 0
7, 2, 2, 0, 0, 0, 0, 3, 0, 0, 0
2, 0, 1, 0, 0, 0, 0, 3, 0, 0, 0
5, 0, 2, 0, 0, 0, 0, 3, 0, 0, 0
9, 4, 2, 0, 0, 0, 0, 3, 0, 0, 0
10, 4, 3, 0, 0, 0, 0, 3, 0, 0, 0
8, 5, 4, 0, 0, 0, 0, 3, 7872, 112, 2144
11, 6, 5, 0, 0, 0, 0, 3, 0, 0, 0
14, 5, 5, 0, 0, 0, 0, 3, 0, 0, 0
13, 4, 6, 0, 0, 0, 0, 3, 0, 0, 0
10, 4, 7, 0, 0, 0, 0, 3, 0, 0, 0
8, 0, 7, 0, 0, 0, 0, 3, 0, 0, 0
4, -5, 8, 0, 0, 0, 0, 3, 0, 0, 0
0, -6, 8, 0, 0, 0, 0, 3, 0, 0, 0
-1, 0, 9, 0, 0, 0, 0, 3, 0, 0, 0
1, 3, 8, 0, 0, 0, 0, 3, 0, 0, 0
4, 3, 8, 0, 0, 0, 0, 3, 0, 0, 0
4, 2, 8, 0, 0, 0, 0, 3, 7856, 96, 2176
3, 0, 8, 0, 0, 0, 0, 3, 0, 0, 0
3, 3, 8, 0, 0, 0, 0, 3, 0, 0, 0
0, 3, 9, 0, 0, 0, 0, 3, 0, 0, 0
-4, 0, 10, 0, 0, 0, 0, 3, 0, 0, 0
-3, -3, 12, 0, 0, 0, 0, 3, 0, 0, 0
3, 0, 13, 0, 0, 0, 0, 3, 0, 0, 0
3, 0, 15, 0, 0, 0, 0, 3, 0, 0, 0
3, 1, 17, 0, 0, 0, 0, 3, 0, 0, 0
0, 0, 18, 0, 0, 0, 0, 3, 0, 0, 0
-3, -4, 21, 0, 0, 0, 0, 3, 7888, 64, 2208
-6, -8, 22, 0, 0, 0, 0, 3, 0, 0, 0
-9, -8, 24, 0, 0, 0, 0, 3, 0, 0, 0
-9, -8, 25, 0, 0, 0, 0, 3, 0, 0, 0
-11, -8, 27, 0, 0, 0, 0, 3, 0, 0, 0
-18, -9, 29, 0, 0, 0, 0, 3, 0, 0, 0
-17, -8, 30, 0, 0, 0, 0, 3, 0, 0, 0
-7, -5, 31, 0, 0, 0, 0, 3, 0, 0, 0
0, -4, 32, 0, 0, 0, 0, 3, 0, 0, 0
2, -4, 33, 0, 0, 0, 0, 3, 0, 0, 0
3, -2, 33, 0, 0, 0, 0, 3, 0, 0, 0
0, -4, 33, 0, 0, 0, 0, 3, 7904, 48, 2240
0, -6, 33, 0, 0, 0, 0, 3, 0, 0, 0
-3, -4, 33, 0, 0, 0, 0, 3, 0, 0, 0
-11, -4, 34, 0, 0, 0, 0, 3, 0, 0, 0
-16, -8, 34, 0, 0, 0, 0, 3, 0, 0, 0
-10, -9, 34, 0, 0, 0, 0, 3, 0, 0, 0
1, -7, 34, 0, 0, 0, 0, 3, 0, 0, 0
5, -3, 33, 0, 0, 0, 0, 3, 0, 0, 0
4, -2, 34, 0, 0, 0, 0, 3, 0, 0, 0
0, -4, 33, 0, 0, 0, 0, 3, 7888, 80, 2160
-4, -8, 34, 0, 0, 0, 0, 3, 0, 0, 0
-4, -10, 34, 0, 0, 0, 0, 3, 0, 0, 0
-1, -8, 35, 0, 0, 0, 0, 3, 0, 0, 0
-2, -3, 36, 0, 0, 0, 0, 3, 0, 0, 0
-4, 0, 36, 0, 0, 0, 0, 3, 0, 0, 0
-1, 0, 37, 0, 0, 0, 0, 3, 0, 0, 0
3, -2, 37, 0, 0, 0, 0, 3, 0, 0, 0
6, -4, 37, 0, 0, 0, 0, 3, 0, 0, 0
6, -5, 38, 0, 0, 0, 0, 3, 0, 0, 0
0, -8, 39, 0, 0, 0, 0, 3, 7936, 128, 0
-2, -8, 38, 0, 0, 0, 0, 3, 0, 0, 2176
0, -3, 39, 0, 0, 0, 0, 3, 0, 0, 0
1, 0, 39, 0, 0, 0, 0, 3, 0, 0, 0
0, 1, 39, 0, 0, 0, 0, 3, 0, 0, 0
0, 0, 39, 0, 0, 0, 0, 3, 0, 0, 0
3, 2, 38, 0, 0, 0, 0, 3, 0, 0, 0
8, 8, 37, 0, 0, 0, 0, 3, 0, 0, 0
8, 8, 36, 0, 0, 0, 0, 3, 0, 0, 0
4, 4, 35, 0, 0, 0, 0, 3, 0, 0, 0
5, 6, 34, 0, 0, 0, 0, 3, 0, 0, 0
8, 4, 33, 0, 0, 0, 0, 3, 7936, 112, 2208
8, 3, 31, 0, 0, 0, 0, 3, 0, 0, 0
4, -1, 30, 0, 0, 0, 0, 3, 0, 0, 0
0, -3, 28, 0, 0, 0, 0, 3, 0, 0, 0
0, 2, 27, 0, 0, 0, 0, 3, 0, 0, 0
-1, 4, 25, 0, 0, 0, 0, 3, 0, 0, 0
-4, 4, 25, 0, 0, 0, 0, 3, 0, 0, 0
-6, 4, 23, 0, 0, 0, 0, 3, 0, 0, 0
0, 3, 21, 0, 0, 0, 0, 3, 0, 0, 0
4, 2, 20, 0, 0, 0, 0, 3, 0, 0, 0
4, 4, 19, 0, 0, 0, 0, 3, 7872, 128, 0
6, 8, 17, 0, 0, 0, 0, 3, 0, 0, 2144
9, 9, 16, 0, 0, 0, 0, 3, 0, 0, 0
9, 10, 15, 0, 0, 0, 0, 3, 0, 0, 0
10, 11, 13, 0, 0, 0, 0, 3, 0, 0, 0
6, 11, 13, 0, 0, 0, 0, 3, 0, 0, 0
0, 11, 12, 0, 0, 0, 0, 3, 0, 0, 0
0, 14, 12, 0, 0, 0, 0, 3, 0, 0, 0
3, 17, 13, 0, 0, 0, 0, 3, 0, 0, 0
5, 14, 13, 0, 0, 0, 0, 3, 0, 0, 0
4, 11, 13, 0, 0, 0, 0, 3, 7888, 80, 2160
-1, 8, 15, 0, 0, 0, 0, 3, 0, 0, 0
-4, 7, 15, 0, 0, 0, 0, 3, 0, 0, 0
-2, 8, 16, 0, 0, 0, 0, 3, 0, 0, 0
0, 11, 16, 0, 0, 0, 0, 3, 0, 0, 0
4, 17, 17, 0, 0, 0, 0, 3, 0, 0, 0
7, 17, 18, 0, 0, 0, 0, 3, 0, 0, 0
8, 17, 19, 0, 0, 0, 0, 3, 0, 0, 0
8, 16, 20, 0, 0, 0, 0, 3, 0, 0, 0
8, 14, 20, 0, 0, 0, 0, 3, 0, 0, 0
4, 11, 21, 0, 0, 0, 0, 3, 7824, 144, 2176
-3, 8, 21, 0, 0, 0, 0, 3, 0, 0, 0
-3, 6, 21, 0, 0, 0, 0, 3, 0, 0, 0
0, 8, 20, 0, 0, 0, 0, 3, 0, 0, 0
2, 7, 20, 0, 0, 0, 0, 3, 0, 0, 0
3, 6, 20, 0, 0, 0, 0, 3, 0, 0, 0
-1, 6, 20, 0, 0, 0, 0, 3, 0, 0, 0
-5, 7, 20, 0, 0, 0, 0, 3, 0, 0, 0
-3, 8, 20, 0, 0, 0, 0, 3, 0, 0, 0
-1, 7, 19, 0, 0, 0, 0, 3, 0, 0, 0
1, 11, 18, 0, 0, 0, 0, 3, 0, 0, 0
4, 15, 17, 0, 0, 0, 0, 3, 7840, 160, 2144
3, 14, 16, 0, 0, 0, 0, 3, 0, 0, 0
1, 14, 15, 0, 0, 0, 0, 3, 0, 0, 0
5, 19, 13, 0, 0, 0, 0, 3, 0, 0, 0
7, 19, 13, 0, 0, 0, 0, 3, 0, 0, 0
4, 16, 12, 0, 0, 0, 0, 3, 0, 0, 0
3, 20, 12, 0, 0, 0, 0, 3, 0, 0, 0
4, 22, 12, 0, 0, 0, 0, 3, 0, 0, 0
5, 18, 12, 0, 0, 0, 0, 3, 0, 0, 0
0, 8, 12, 0, 0, 0, 0, 3, 0, 0, 0
0, 10, 12, 0, 0, 0, 0, 3, 7840, 144, 2112
0, 11, 12, 0, 0, 0, 0, 3, 0, 0, 0
-1, 12, 12, 0, 0, 0, 0, 3, 0, 0, 0
-4, 16, 12, 0, 0, 0, 0, 3, 0, 0, 0
-6, 17, 12, 0, 0, 0, 0, 3, 0, 0, 0
-5, 15, 12, 0, 0, 0, 0, 3, 0, 0, 0
0, 11, 12, 0, 0, 0, 0, 3, 0, 0, 0
0, 6, 12, 0, 0, 0, 0, 3, 0, 0, 0
-1, 8, 12, 0, 0, 0, 0, 3, 0, 0, 0
2, 15, 12, 0, 0, 0, 0, 3, 0, 0, 0
7, 19, 11, 0, 0, 0, 0, 3, 7840, 144, 2192
7, 21, 11, 0, 0, 0, 0, 3, 0, 0, 0
4, 23, 11, 0, 0, 0, 0, 3, 0, 0, 0
2, 24, 11, 0, 0, 0, 0, 3, 0, 0, 0
0, 19, 10, 0, 0, 0, 0, 3, 0, 0, 0
1, 17, 10, 0, 0, 0, 0, 3, 0, 0, 0
8, 23, 9, 0, 0, 0, 0, 3, 0, 0, 0
10, 29, 8, 0, 0, 0, 0, 3, 0, 0, 0
8, 29, 8, 0, 0, 0, 0, 3, 0, 0, 0
2, 23, 8, 0, 0, 0, 0, 3, 0, 0, 0
-4, 17, 8, 0, 0, 0, 0, 3, 7856, 144, 2240
-8, 14, 7, 0, 0, 0, 0, 3, 0, 0, 0
-13, 11, 6, 0, 0, 0, 0, 3, 0, 0, 0
-17, 4, 5, 0, 0, 0, 0, 3, 0, 0, 0
-13, 1, 5, 0, 0, 0, 0, 3, 0, 0, 0
-5, 9, 4, 0, 0, 0, 0, 3, 0, 0, 0
-4, 16, 4, 0, 0, 0, 0, 3, 0, 0, 0
-1, 23, 3, 0, 0, 0, 0, 3, 0, 0, 0
0, 25, 3, 0, 0, 0, 0, 3, 0, 0, 0
-2, 24, 2, 0, 0, 0, 0, 3, 0, 0, 0
-7, 21, 1, 0, 0, 0, 0, 3, 0, 0, 0
-7, 19, 1, 0, 0, 0, 0, 3, 0, 0, 0
-5, 16, 0, 0, 0, 0, 0, 3, 7856, 112, 2224
-5, 14, 0, 0, 0, 0, 0, 3, 0, 0, 0
-7, 12, 0, 0, 0, 0, 0, 3, 0, 0, 0
-3, 14, 0, 0, 0, 0, 0, 3, 0, 0, 0
0, 17, 1, 0, 0, 0, 0, 3, 0, 0, 0
1, 21, 2, 0, 0, 0, 0, 3, 0, 0, 0
-3, 25, 3, 0, 0, 0, 0, 3, 0, 0, 0
-11, 27, 4, 0, 0, 0, 0, 3, 0, 0, 0
-13, 26, 5, 0, 0, 0, 0, 3, 0, 0, 0
-5, 22, 5, 0, 0, 0, 0, 3, 7856, 96, 2240
0, 19, 7, 0, 0, 0, 0, 3, 0, 0, 0
-2, 21, 7, 0, 0, 0, 0, 3, 0, 0, 0
-4, 26, 8, 0, 0, 0, 0, 3, 0, 0, 0
-1, 28, 8, 0, 0, 0, 0, 3, 0, 0, 0
-1, 26, 8, 0, 0, 0, 0, 3, 0, 0, 0
-1, 23, 8, 0, 0, 0, 0, 3, 0, 0, 0
0, 19, 9, 0, 0, 0, 0, 3, 0, 0, 0
0, 16, 8, 0, 0, 0, 0, 3, 0, 0, 0
2, 15, 9, 0, 0, 0, 0, 3, 0, 0, 0
1, 16, 8, 0, 0, 0, 0, 3, 7840, 112, 0
-4, 19, 8, 0, 0, 0, 0, 3, 0, 0, 2208
-14, 23, 8, 0, 0, 0, 0, 3, 0, 0, 0
-18, 24, 8, 0, 0, 0, 0, 3, 0, 0, 0
-8, 24, 8, 0, 0, 0, 0, 3, 0, 0, 0
4, 21, 7, 0, 0, 0, 0, 3, 0, 0, 0
6, 21, 7, 0, 0, 0, 0, 3, 0, 0, 0
4, 23, 6, 0, 0, 0, 0, 3, 0, 0, 0
4, 22, 6, 0, 0, 0, 0, 3, 0, 0, 0
1, 23, 6, 0, 0, 0, 0, 3, 0, 0, 0
4, 25, 5, 0, 0, 0, 0, 3, 7888, 144, 2208
8, 26, 5, 0, 0, 0, 0, 3, 0, 0, 0
4, 25, 5, 0, 0, 0, 0, 3, 0, 0, 0
-1, 25, 4, 0, 0, 0, 0, 3, 0, 0, 0
-6, 27, 4, 0, 0, 0, 0, 3, 0, 0, 0
-3, 26, 3, 0, 0, 0, 0, 3, 0, 0, 0
7, 24, 3, 0, 0, 0, 0, 3, 0, 0, 0
15, 21, 2, 0, 0, 0, 0, 3, 0, 0, 0
15, 22, 1, 0, 0, 0, 0, 3, 0, 0, 0
11, 23, 2, 0, 0, 0, 0, 3, 0, 0, 0
5, 25, 3, 0, 0, 0, 0, 3, 0, 0, 0
0, 29, 4, 0, 0, 0, 0, 3, 7920, 144, 2256
-5, 29, 5, 0, 0, 0, 0, 3, 0, 0, 0
-13, 25, 7, 0, 0, 0, 0, 3, 0, 0, 0
-12, 23, 8, 0, 0, 0, 0, 3, 0, 0, 0
-4, 24, 9, 0, 0, 0, 0, 3, 0, 0, 0
0, 23, 11, 0, 0, 0, 0, 3, 0, 0, 0
2, 23, 12, 0, 0, 0, 0, 3, 0, 0, 0
3, 22, 14, 0, 0, 0, 0, 3, 0, 0, 0
4, 24, 15, 0, 0, 0, 0, 3, 0, 0, 0
2, 21, 16, 0, 0, 0, 0, 3, 0, 0, 0
-7, 20, 17, 0, 0, 0, 0, 3, 7888, 128, 2256
-17, 18, 18, 0, 0, 0, 0, 3, 0, 0, 0
-13, 21, 19, 0, 0, 0, 0, 3, 0, 0, 0
0, 24, 20, 0, 0, 0, 0, 3, 0, 0, 0
8, 24, 21, 0, 0, 0, 0, 3, 0, 0, 0
3, 25, 22, 0, 0, 0, 0, 3, 0, 0, 0
0, 29, 23, 0, 0, 0, 0, 3, 0, 0, 0
0, 24, 24, 0, 0, 0, 0, 3, 0, 0, 0
2, 21, 25, 0, 0, 0, 0, 3, 0, 0, 0
5, 24, 26, 0, 0, 0, 0, 3, 0, 0, 0
6, 29, 26, 0, 0, 0, 0, 3, 7856, 144, 0
0, 33, 27, 0, 0, 0, 0, 3, 0, 0, 2272
-2, 33, 28, 0, 0, 0, 0, 3, 0, 0, 0
1, 30, 29, 0, 0, 0, 0, 3, 0, 0, 0
6, 30, 30, 0, 0, 0, 0, 3, 0, 0, 0
8, 31, 32, 0, 0, 0, 0, 3, 0, 0, 0
10, 33, 33, 0, 0, 0, 0, 3, 0, 0, 0
12, 35, 35, 0, 0, 0, 0, 3, 0, 0, 0
4, 31, 37, 0, 0, 0, 0, 3, 0, 0, 0
-3, 27, 37, 0, 0, 0, 0, 3, 0, 0, 0
-1, 24, 38, 0, 0, 0, 0, 3, 7824, 160, 2240
3, 25, 39, 0, 0, 0, 0, 3, 0, 0, 0
5, 27, 40, 0, 0, 0, 0, 3, 0, 0, 0
8, 29, 41, 0, 0, 0, 0, 3, 0, 0, 0
9, 28, 41, 0, 0, 0, 0, 3, 0, 0, 0
4, 29, 42, 0, 0, 0, 0, 3, 0, 0, 0
2, 31, 42, 0, 0, 0, 0, 3, 0, 0, 0
-3, 26, 42, 0, 0, 0, 0, 3, 0, 0, 0
-8, 16, 41, 0, 0, 0, 0, 3, 0, 0, 0
-5, 16, 41, 0, 0, 0, 0, 3, 0, 0, 0
4, 25, 41, 0, 0, 0, 0, 3, 0, 0, 0
14, 34, 40, 0, 0, 0, 0, 3, 7920, 112, 0
18, 41, 38, 0, 0, 0, 0, 3, 0, 0, 2224
19, 42, 38, 0, 0, 0, 0, 3, 0, 0, 0
16, 41, 37, 0, 0, 0, 0, 3, 0, 0, 0
11, 38, 36, 0, 0, 0, 0, 3, 0, 0, 0
7, 33, 35, 0, 0, 0, 0, 3, 0, 0, 0
2, 28, 34, 0, 0, 0, 0, 3, 0, 0, 0
-6, 26, 33, 0, 0, 0, 0, 3, 0, 0, 0
-6, 25, 31, 0, 0, 0, 0, 3, 0, 0, 0
1, 27, 29, 0, 0, 0, 0, 3, 0, 0, 0
10, 32, 28, 0, 0, 0, 0, 3, 7888, 192, 2224
14, 34, 26, 0, 0, 0, 0, 3, 0, 0, 0
9, 29, 24, 0, 0, 0, 0, 3, 0, 0, 0
1, 21, 23, 0, 0, 0, 0, 3, 0, 0, 0
-6, 18, 21, 0, 0, 0, 0, 3, 0, 0, 0
-13, 20, 21, 0, 0, 0, 0, 3, 0, 0, 0
-8, 23, 20, 0, 0, 0, 0, 3, 0, 0, 0
5, 27, 20, 0, 0, 0, 0, 3, 0, 0, 0
13, 31, 20, 0, 0, 0, 0, 3, 0, 0, 0
17, 35, 21, 0, 0, 0, 0, 3, 0, 0, 0
16, 35, 21, 0, 0, 0, 0, 3, 0, 0, 0
9, 30, 21, 0, 0, 0, 0, 3, 7840, 160, 2176
4, 28, 20, 0, 0, 0, 0, 3, 0, 0, 0
0, 27, 21, 0, 0, 0, 0, 3, 0, 0, 0
0, 24, 20, 0, 0, 0, 0, 3, 0, 0, 0
7, 23, 20, 0, 0, 0, 0, 3, 0, 0, 0
12, 27, 20, 0, 0, 0, 0, 3, 0, 0, 0
14, 32, 20, 0, 0, 0, 0, 3, 0, 0, 0
8, 33, 20, 0, 0, 0, 0, 3, 0, 0, 0
6, 30, 20, 0, 0, 0, 0, 3, 0, 0, 0
3, 24, 20, 0, 0, 0, 0, 3, 0, 0, 0
0, 25, 19, 0, 0, 0, 0, 3, 7792, 176, 2208
2, 33, 19, 0, 0, 0, 0, 3, 0, 0, 0
10, 37, 18, 0, 0, 0, 0, 3, 0, 0, 0
11, 38, 17, 0, 0, 0, 0, 3, 0, 0, 0
6, 37, 16, 0, 0, 0, 0, 3, 0, 0, 0
7, 34, 16, 0, 0, 0, 0, 3, 0, 0, 0
13, 31, 15, 0, 0, 0, 0, 3, 0, 0, 0
12, 29, 15, 0, 0, 0, 0, 3, 0, 0, 0
1, 23, 15, 0, 0, 0, 0, 3, 0, 0, 0
-8, 17, 15, 0, 0, 0, 0, 3, 0, 0, 0
-9, 21, 16, 0, 0, 0, 0, 3, 7792, 224, 0
-1, 26, 16, 0, 0, 0, 0, 3, 0, 0, 2176
8, 31, 17, 0, 0, 0, 0, 3, 0, 0, 0
12, 36, 18, 0, 0, 0, 0, 3, 0, 0, 0
8, 37, 19, 0, 0, 0, 0, 3, 0, 0, 0
-1, 28, 19, 0, 0, 0, 0, 3, 0, 0, 0
-8, 23, 19, 0, 0, 0, 0, 3, 0, 0, 0
-8, 23, 19, 0, 0, 0, 0, 3, 0, 0, 0
0, 27, 18, 0, 0, 0, 0, 3, 0, 0, 0
7, 31, 17, 0, 0, 0, 0, 3, 0, 0, 0
6, 28, 17, 0, 0, 0, 0, 3, 7872, 192, 2112
1, 21, 16, 0, 0, 0, 0, 3, 0, 0, 0
-1, 20, 16, 0, 0, 0, 0, 3, 0, 0, 0
1, 24, 16, 0, 0, 0, 0, 3, 0, 0, 0
1, 24, 14, 0, 0, 0, 0, 3, 0, 0, 0
-4, 25, 14, 0, 0, 0, 0, 3, 0, 0, 0
-1, 25, 12, 0, 0, 0, 0, 3, 0, 0, 0
5, 28, 12, 0, 0, 0, 0, 3, 0, 0, 0
5, 25, 10, 0, 0, 0, 0, 3, 0, 0, 0
2, 22, 9, 0, 0, 0, 0, 3, 0, 0, 0
5, 20, 8, 0, 0, 0, 0, 3, 7872, 128, 2096
11, 26, 8, 0, 0, 0, 0, 3, 0, 0, 0
12, 34, 8, 0, 0, 0, 0, 3, 0, 0, 0
10, 37, 9, 0, 0, 0, 0, 3, 0, 0, 0
6, 36, 9, 0, 0, 0, 0, 3, 0, 0, 0
0, 33, 10, 0, 0, 0, 0, 3, 0, 0, 0
-2, 29, 11, 0, 0, 0, 0, 3, 0, 0, 0
0, 25, 11, 0, 0, 0, 0, 3, 0, 0, 0
3, 21, 12, 0, 0, 0, 0, 3, 0, 0, 0
7, 23, 12, 0, 0, 0, 0, 3, 0, 0, 0
16, 35, 12, 0, 0, 0, 0, 3, 0, 0, 0
23, 45, 12, 0, 0, 0, 0, 3, 7936, 128, 2128
23, 47, 11, 0, 0, 0, 0, 3, 0, 0, 0
19, 42, 11, 0, 0, 0, 0, 3, 0, 0, 0
12, 34, 11, 0, 0, 0, 0, 3, 0, 0, 0
7, 28, 11, 0, 0, 0, 0, 3, 0, 0, 0
2, 25, 10, 0, 0, 0, 0, 3, 0, 0, 0
1, 25, 9, 0, 0, 0, 0, 3, 0, 0, 0
3, 30, 8, 0, 0, 0, 0, 3, 0, 0, 0
8, 35, 7, 0, 0, 0, 0, 3, 0, 0, 0
14, 39, 6, 0, 0, 0, 0, 3, 0, 0, 0
21, 45, 5, 0, 0, 0, 0, 3, 7840, 176, 2160
24, 47, 4, 0, 0, 0, 0, 3, 0, 0, 0
26, 54, 4, 0, 0, 0, 0, 3, 0, 0, 0
33, 62, 3, 0, 0, 0, 0, 3, 0, 0, 0
39, 70, 3, 0, 0, 0, 0, 3, 0, 0, 0
46, 81, 3, 0, 0, 0, 0, 3, 0, 0, 0
57, 96, 4, 0, 0, 0, 0, 3, 0, 0, 0
69, 111, 4, 0, 0, 0, 0, 3, 0, 0, 0
88, 127, 5, 0, 0, 0, 0, 3, 0, 0, 0
106, 142, 5, 0, 0, 0, 0, 3, 0, 0, 0
122, 157, 6, 0, 0, 0, 0, 3, 7856, 160, 2192
137, 175, 6, 0, 0, 0, 0, 3, 0, 0, 0
156, 190, 7, 0, 0, 0, 0, 3, 0, 0, 0
169, 202, 8, 0, 0, 0, 0, 3, 0, 0, 0
179, 215, 8, 0, 0, 0, 0, 3, 0, 0, 0
190, 227, 8, 0, 0, 0, 0, 3, 0, 0, 0
202, 243, 8, 0, 0, 0, 0, 3, 0, 0, 0
206, 262, 8, 0, 0, 0, 0, 3, 0, 0, 0
201, 268, 7, 0, 0, 0, 0, 3, 0, 0, 0
202, 270, 7, 0, 0, 0, 0, 3, 0, 0, 0
205, 279, 6, 0, 0, 0, 0, 3, 7856, 144, 2192
211, 286, 5, 0, 0, 0, 0, 3, 0, 0, 0
221, 283, 4, 0, 0, 0, 0, 3, 0, 0, 0
223, 275, 4, 0, 0, 0, 0, 3, 0, 0, 0
215, 270, 3, 0, 0, 0, 0, 3, 0, 0, 0
206, 264, 3, 0, 0, 0, 0, 3, 0, 0, 0
193, 255, 3, 0, 0, 0, 0, 3, 0, 0, 0
181, 238, 3, 0, 0, 0, 0, 3, 0, 0, 0
173, 219, 4, 0, 0, 0, 0, 3, 0, 0, 0
168, 207, 4, 0, 0, 0, 0, 3, 0, 0, 0
158, 198, 5, 0, 0, 0, 0, 3, 0, 0, 0
141, 186, 5, 0, 0, 0, 0, 3, 7792, 128, 2160
126, 174, 6, 0, 0, 0, 0, 3, 0, 0, 0
114, 166, 7, 0, 0, 0, 0, 3, 0, 0, 0
109, 157, 8, 0, 0, 0, 0, 3, 0, 0, 0
105, 147, 8, 0, 0, 0, 0, 3, 0, 0, 0
95, 135, 8, 0, 0, 0, 0, 3, 0, 0, 0
77, 122, 8, 0, 0, 0, 0, 3, 0, 0, 0
64, 103, 8, 0, 0, 0, 0, 3, 0, 0, 0
56, 88, 8, 0, 0, 0, 0, 3, 0, 0, 0
50, 77, 8, 0, 0, 0, 0, 3, 0, 0, 0
44, 68, 8, 0, 0, 0, 0, 3, 7840, 96, 2144
40, 64, 8, 0, 0, 0, 0, 3, 0, 0, 0
37, 64, 8, 0, 0, 0, 0, 3, 0, 0, 0
28, 59, 7, 0, 0, 0, 0, 3, 0, 0, 0
16, 48, 7, 0, 0, 0, 0, 3, 0, 0, 0
8, 38, 6, 0, 0, 0, 0, 3, 0, 0, 0
3, 28, 6, 0, 0, 0, 0, 3, 0, 0, 0
3, 21, 6, 0, 0, 0, 0, 3, 0, 0, 0
2, 16, 7, 0, 0, 0, 0, 3, 0, 0, 0
-10, 8, 8, 0, 0, 0, 0, 3, 0, 0, 0
-20, -1, 9, 0, 0, 0, 0, 3, 7872, 96, 0
-17, -2, 10, 0, 0, 0, 0, 3, 0, 0, 2160
-16, -3, 12, 0, 0, 0, 0, 3, 0, 0, 0
-20, -6, 12, 0, 0, 0, 0, 3, 0, 0, 0
-25, -8, 14, 0, 0, 0, 0, 3, 0, 0, 0
-26, -10, 16, 0, 0, 0, 0, 3, 0, 0, 0
-31, -17, 17, 0, 0, 0, 0, 3, 0, 0, 0
-35, -25, 20, 0, 0, 0, 0, 3, 0, 0, 0
-34, -29, 21, 0, 0, 0, 0, 3, 0, 0, 0
-40, -33, 23, 0, 0, 0, 0, 3, 0, 0, 0
-50, -37, 25, 0, 0, 0, 0, 3, 7872, 80, 2176
-56, -42, 26, 0, 0, 0, 0, 3, 0, 0, 0
-63, -50, 27, 0, 0, 0, 0, 3, 0, 0, 0
-69, -57, 29, 0, 0, 0, 0, 3, 0, 0, 0
-69, -59, 31, 0, 0, 0, 0, 3, 0, 0, 0
-61, -56, 33, 0, 0, 0, 0, 3, 0, 0, 0
-56, -56, 35, 0, 0, 0, 0, 3, 0, 0, 0
-55, -56, 37, 0, 0, 0, 0, 3, 0, 0, 0
-58, -61, 39, 0, 0, 0, 0, 3, 0, 0, 0
-64, -67, 40, 0, 0, 0, 0, 3, 0, 0, 0
-70, -69, 42, 0, 0, 0, 0, 3, 0, 0, 0
-76, -70, 42, 0, 0, 0, 0, 3, 7904, 80, 0
-85, -73, 43, 0, 0, 0, 0, 3, 0, 0, 2192
-94, -76, 44, 0, 0, 0, 0, 3, 0, 0, 0
-94, -82, 44, 0, 0, 0, 0, 3, 0, 0, 0
-91, -84, 44, 0, 0, 0, 0, 3, 0, 0, 0
-85, -80, 45, 0, 0, 0, 0, 3, 0, 0, 0
-80, -80, 44, 0, 0, 0, 0, 3, 0, 0, 0
-79, -82, 43, 0, 0, 0, 0, 3, 0, 0, 0
-80, -82, 43, 0, 0, 0, 0, 3, 0, 0, 0
-85, -85, 43, 0, 0, 0, 0, 3, 0, 0, 0
-92, -88, 42, 0, 0, 0, 0, 3, 7888, 64, 2192
-97, -91, 42, 0, 0, 0, 0, 3, 0, 0, 0
-100, -92, 41, 0, 0, 0, 0, 3, 0, 0, 0
-92, -88, 40, 0, 0, 0, 0, 3, 0, 0, 0
-80, -86, 40, 0, 0, 0, 0, 3, 0, 0, 0
-74, -85, 38, 0, 0, 0, 0, 3, 0, 0, 0
-80, -84, 37, 0, 0, 0, 0, 3, 0, 0, 0
-89, -85, 36, 0, 0, 0, 0, 3, 0, 0, 0
-92, -86, 35, 0, 0, 0, 0, 3, 0, 0, 0
-95, -86, 33, 0, 0, 0, 0, 3, 0, 0, 0
-98, -87, 33, 0, 0, 0, 0, 3, 7872, 112, 2192
-94, -85, 31, 0, 0, 0, 0, 3, 0, 0, 0
-83, -80, 29, 0, 0, 0, 0, 3, 0, 0, 0
-75, -76, 29, 0, 0, 0, 0, 3, 0, 0, 0
-72, -75, 28, 0, 0, 0, 0, 3, 0, 0, 0
-71, -72, 27, 0, 0, 0, 0, 3, 0, 0, 0
-75, -73, 26, 0, 0, 0, 0, 3, 0, 0, 0
-81, -76, 26, 0, 0, 0, 0, 3, 0, 0, 0
-80, -77, 25, 0, 0, 0, 0, 3, 0, 0, 0
-75, -74, 25, 0, 0, 0, 0, 3, 0, 0, 0
-73, -72, 23, 0, 0, 0, 0, 3, 0, 0, 0
-80, -76, 22, 0, 0, 0, 0, 3, 7904, 160, 2144
-81, -80, 21, 0, 0, 0, 0, 3, 0, 0, 0
-75, -75, 20, 0, 0, 0, 0, 3, 0, 0, 0
-74, -69, 18, 0, 0, 0, 0, 3, 0, 0, 0
-76, -69, 17, 0, 0, 0, 0, 3, 0, 0, 0
-72, -69, 17, 0, 0, 0, 0, 3, 0, 0, 0
-61, -67, 17, 0, 0, 0, 0, 3, 0, 0, 0
-56, -67, 17, 0, 0, 0, 0, 3, 0, 0, 0
-59, -66, 17, 0, 0, 0, 0, 3, 0, 0, 0
-62, -64, 17, 0, 0, 0, 0, 3, 0, 0, 0
-65, -67, 17, 0, 0, 0, 0, 3, 7872, 144, 2064
-65, -67, 17, 0, 0, 0, 0, 3, 0, 0, 0
-64, -63, 17, 0, 0, 0, 0, 3, 0, 0, 0
-67, -63, 17, 0, 0, 0, 0, 3, 0, 0, 0
-69, -63, 17, 0, 0, 0, 0, 3, 0, 0, 0
-62, -63, 17, 0, 0, 0, 0, 3, 0, 0, 0
-53, -62, 16, 0, 0, 0, 0, 3, 0, 0, 0
-49, -57, 17, 0, 0, 0, 0, 3, 0, 0, 0
-50, -51, 17, 0, 0, 0, 0, 3, 0, 0, 0
-52, -49, 16, 0, 0, 0, 0, 3, 0, 0, 0
-53, -51, 16, 0, 0, 0, 0, 3, 7872, 160, 2128
-52, -56, 17, 0, 0, 0, 0, 3, 0, 0, 0
-51, -58, 17, 0, 0, 0, 0, 3, 0, 0, 0
-51, -54, 16, 0, 0, 0, 0, 3, 0, 0, 0
-51, -49, 17, 0, 0, 0, 0, 3, 0, 0, 0
-51, -48, 16, 0, 0, 0, 0, 3, 0, 0, 0
-53, -51, 16, 0, 0, 0, 0, 3, 0, 0, 0
-55, -56, 16, 0, 0, 0, 0, 3, 0, 0, 0
-52, -55, 16, 0, 0, 0, 0, 3, 0, 0, 0
-44, -47, 15, 0, 0, 0, 0, 3, 0, 0, 0
-40, -44, 15, 0, 0, 0, 0, 3, 7904, 112, 2160
-43, -46, 15, 0, 0, 0, 0, 3, 0, 0, 0
-51, -49, 15, 0, 0, 0, 0, 3, 0, 0, 0
-60, -55, 14, 0, 0, 0, 0, 3, 0, 0, 0
-64, -59, 15, 0, 0, 0, 0, 3, 0, 0, 0
-63, -60, 15, 0, 0, 0, 0, 3, 0, 0, 0
-59, -59, 14, 0, 0, 0, 0, 3, 0, 0, 0
-55, -53, 14, 0, 0, 0, 0, 3, 0, 0, 0
-56, -50, 14, 0, 0, 0, 0, 3, 0, 0, 0
-54, -47, 14, 0, 0, 0, 0, 3, 0, 0, 0
-46, -43, 13, 0, 0, 0, 0, 3, 0, 0, 0
-44, -41, 13, 0, 0, 0, 0, 3, 7888, 80, 2192
-46, -40, 13, 0, 0, 0, 0, 3, 0, 0, 0
-50, -40, 13, 0, 0, 0, 0, 3, 0, 0, 0
-41, -39, 12, 0, 0, 0, 0, 3, 0, 0, 0
-30, -37, 12, 0, 0, 0, 0, 3, 0, 0, 0
-30, -38, 12, 0, 0, 0, 0, 3, 0, 0, 0
-31, -37, 12, 0, 0, 0, 0, 3, 0, 0, 0
-34, -36, 11, 0, 0, 0, 0, 3, 0, 0, 0
-38, -36, 11, 0, 0, 0, 0, 3, 0, 0, 0
-43, -39, 11, 0, 0, 0, 0, 3, 0, 0, 0
-44, -42, 10, 0, 0, 0, 0, 3, 7888, 96, 2224
-44, -42, 10, 0, 0, 0, 0, 3, 0, 0, 0
-41, -35, 9, 0, 0, 0, 0, 3, 0, 0, 0
-35, -29, 9, 0, 0, 0, 0, 3, 0, 0, 0
-27, -24, 8, 0, 0, 0, 0, 3, 0, 0, 0
-20, -18, 8, 0, 0, 0, 0, 3, 0, 0, 0
-11, -11, 7, 0, 0, 0, 0, 3, 0, 0, 0
-6, -8, 7, 0, 0, 0, 0, 3, 0, 0, 0
-4, -8, 5, 0, 0, 0, 0, 3, 0, 0, 0
-7, -9, 5, 0, 0, 0, 0, 3, 0, 0, 0
-14, -12, 4, 0, 0, 0, 0, 3, 0, 0, 0
-22, -20, 4, 0, 0, 0, 0, 3, 7904, 112, 2240
-29, -25, 4, 0, 0, 0, 0, 3, 0, 0, 0
-32, -24, 4, 0, 0, 0, 0, 3, 0, 0, 0
-26, -22, 5, 0, 0, 0, 0, 3, 0, 0, 0
-21, -20, 5, 0, 0, 0, 0, 3, 0, 0, 0
-20, -17, 6, 0, 0, 0, 0, 3, 0, 0, 0
-16, -16, 6, 0, 0, 0, 0, 3, 0, 0, 0
-15, -18, 7, 0, 0, 0, 0, 3, 0, 0, 0
-21, -16, 8, 0, 0, 0, 0, 3, 0, 0, 0
-25, -12, 8, 0, 0, 0, 0, 3, 7888, 80, 2160
-25, -12, 8, 0, 0, 0, 0, 3, 0, 0, 0
-20, -13, 8, 0, 0, 0, 0, 3, 0, 0, 0
-18, -12, 8, 0, 0, 0, 0, 3, 0, 0, 0
-20, -12, 8, 0, 0, 0, 0, 3, 0, 0, 0
-15, -11, 8, 0, 0, 0, 0, 3, 0, 0, 0
-7, -8, 8, 0, 0, 0, 0, 3, 0, 0, 0
-6, -8, 8, 0, 0, 0, 0, 3, 0, 0, 0
-8, -5, 8, 0, 0, 0, 0, 3, 0, 0, 0
-15, -5, 8, 0, 0, 0, 0, 3, 0, 0, 0
-15, -4, 8, 0, 0, 0, 0, 3, 0, 0, 0
-9, -8, 8, 0, 0, 0, 0, 3, 0, 0, 0
-6, -8, 7, 0, 0, 0, 0, 3, 7824, 96, 2208
-5, -4, 7, 0, 0, 0, 0, 3, 0, 0, 0
-7, -4, 6, 0, 0, 0, 0, 3, 0, 0, 0
-11, -4, 6, 0, 0, 0, 0, 3, 0, 0, 0
-19, -4, 6, 0, 0, 0, 0, 3, 0, 0, 0
-20, -3, 6, 0, 0, 0, 0, 3, 0, 0, 0
-10, 0, 5, 0, 0, 0, 0, 3, 0, 0, 0
-1, 0, 5, 0, 0, 0, 0, 3, 0, 0, 0
0, -3, 4, 0, 0, 0, 0, 3, 0, 0, 0
-3, -1, 4, 0, 0, 0, 0, 3, 7840, 96, 2144
-4, 0, 4, 0, 0, 0, 0, 3, 0, 0, 0
-3, 0, 4, 0, 0, 0, 0, 3, 0, 0, 0
0, 1, 3, 0, 0, 0, 0, 3, 0, 0, 0
-9, -2, 3, 0, 0, 0, 0, 3, 0, 0, 0
-15, -4, 3, 0, 0, 0, 0, 3, 0, 0, 0
-5, 2, 2, 0, 0, 0, 0, 3, 0, 0, 0
4, 12, 2, 0, 0, 0, 0, 3, 0, 0, 0
12, 19, 2, 0, 0, 0, 0, 3, 0, 0, 0
12, 17, 2, 0, 0, 0, 0, 3, 0, 0, 0
6, 11, 1, 0, 0, 0, 0, 3, 7840, 112, 0
-5, 5, 1, 0, 0, 0, 0, 3, 0, 0, 2128
-5, 9, 0, 0, 0, 0, 0, 3, 0, 0, 0
1, 15, 0, 0, 0, 0, 0, 3, 0, 0, 0
6, 13, 0, 0, 0, 0, 0, 3, 0, 0, 0
9, 11, 0, 0, 0, 0, 0, 3, 0, 0, 0
12, 11, 0, 0, 0, 0, 0, 3, 0, 0, 0
12, 11, 0, 0, 0, 0, 0, 3, 0, 0, 0
8, 13, 0, 0, 0, 0, 0, 3, 0, 0, 0
7, 15, 0, 0, 0, 0, 0, 3, 0, 0, 0
7, 16, 2, 0, 0, 0, 0, 3, 7856, 96, 2176
0, 15, 3, 0, 0, 0, 0, 3, 0, 0, 0
-4, 10, 5, 0, 0, 0, 0, 3, 0, 0, 0
0, 6, 6, 0, 0, 0, 0, 3, 0, 0, 0
3, 7, 8, 0, 0, 0, 0, 3, 0, 0, 0
10, 12, 8, 0, 0, 0, 0, 3, 0, 0, 0
13, 16, 9, 0, 0, 0, 0, 3, 0, 0, 0
13, 16, 11, 0, 0, 0, 0, 3, 0, 0, 0
14, 17, 12, 0, 0, 0, 0, 3, 0, 0, 0
14, 18, 14, 0, 0, 0, 0, 3, 0, 0, 0
11, 16, 15, 0, 0, 0, 0, 3, 0, 0, 0
7, 15, 16, 0, 0, 0, 0, 3, 7872, 48, 0
7, 12, 17, 0, 0, 0, 0, 3, 0, 0, 2208
10, 14, 19, 0, 0, 0, 0, 3, 0, 0, 0
11, 17, 21, 0, 0, 0, 0, 3, 0, 0, 0
9, 21, 23, 0, 0, 0, 0, 3, 0, 0, 0
9, 21, 26, 0, 0, 0, 0, 3, 0, 0, 0
14, 20, 29, 0, 0, 0, 0, 3, 0, 0, 0
16, 21, 31, 0, 0, 0, 0, 3, 0, 0, 0
12, 20, 34, 0, 0, 0, 0, 3, 0, 0, 0
4, 19, 37, 0, 0, 0, 0, 3, 0, 0, 0
-3, 17, 39, 0, 0, 0, 0, 3, 7856, 48, 2240
0, 13, 42, 0, 0, 0, 0, 3, 0, 0, 0
6, 12, 43, 0, 0, 0, 0, 3, 0, 0, 0
13, 15, 45, 0, 0, 0, 0, 3, 0, 0, 0
14, 18, 46, 0, 0, 0, 0, 3, 0, 0, 0
14, 22, 47, 0, 0, 0, 0, 3, 0, 0, 0
12, 24, 48, 0, 0, 0, 0, 3, 0, 0, 0
10, 23, 49, 0, 0, 0, 0, 3, 0, 0, 0
8, 21, 49, 0, 0, 0, 0, 3, 0, 0, 0
8, 21, 49, 0, 0, 0, 0, 3, 0, 0, 0
6, 20, 49, 0, 0, 0, 0, 3, 7872, 48, 2240
8, 20, 49, 0, 0, 0, 0, 3, 0, 0, 0
13, 23, 49, 0, 0, 0, 0, 3, 0, 0, 0
17, 26, 49, 0, 0, 0, 0, 3, 0, 0, 0
16, 29, 48, 0, 0, 0, 0, 3, 0, 0, 0
14, 27, 47, 0, 0, 0, 0, 3, 0, 0, 0
13, 26, 46, 0, 0, 0, 0, 3, 0, 0, 0
12, 26, 45, 0, 0, 0, 0, 3, 0, 0, 0
8, 26, 43, 0, 0, 0, 0, 3, 0, 0, 0
8, 28, 42, 0, 0, 0, 0, 3, 0, 0, 0
11, 29, 41, 0, 0, 0, 0, 3, 0, 0, 0
17, 29, 38, 0, 0, 0, 0, 3, 7872, 48, 2128
25, 30, 38, 0, 0, 0, 0, 3, 0, 0, 0
25, 34, 37, 0, 0, 0, 0, 3, 0, 0, 0
17, 36, 37, 0, 0, 0, 0, 3, 0, 0, 0
13, 34, 36, 0, 0, 0, 0, 3, 0, 0, 0
16, 33, 36, 0, 0, 0, 0, 3, 0, 0, 0
19, 32, 36, 0, 0, 0, 0, 3, 0, 0, 0
21, 30, 36, 0, 0, 0, 0, 3, 0, 0, 0
21, 30, 36, 0, 0, 0, 0, 3, 0, 0, 0
17, 25, 35, 0, 0, 0, 0, 3, 0, 0, 0
11, 25, 34, 0, 0, 0, 0, 3, 7936, 112, 2144
7, 30, 33, 0, 0, 0, 0, 3, 0, 0, 0
10, 31, 33, 0, 0, 0, 0, 3, 0, 0, 0
20, 29, 31, 0, 0, 0, 0, 3, 0, 0, 0
27, 29, 31, 0, 0, 0, 0, 3, 0, 0, 0
27, 30, 29, 0, 0, 0, 0, 3, 0, 0, 0
26, 29, 29, 0, 0, 0, 0, 3, 0, 0, 0
22, 26, 28, 0, 0, 0, 0, 3, 0, 0, 0
19, 25, 27, 0, 0, 0, 0, 3, 0, 0, 0
9, 26, 26, 0, 0, 0, 0, 3, 0, 0, 0
8, 29, 26, 0, 0, 0, 0, 3, 7920, 80, 2096
13, 30, 25, 0, 0, 0, 0, 3, 0, 0, 0
18, 33, 24, 0, 0, 0, 0, 3, 0, 0, 0
25, 38, 24, 0, 0, 0, 0, 3, 0, 0, 0
23, 39, 23, 0, 0, 0, 0, 3, 0, 0, 0
16, 34, 22, 0, 0, 0, 0, 3, 0, 0, 0
12, 30, 22, 0, 0, 0, 0, 3, 0, 0, 0
18, 33, 22, 0, 0, 0, 0, 3, 0, 0, 0
23, 38, 21, 0, 0, 0, 0, 3, 0, 0, 0
24, 42, 21, 0, 0, 0, 0, 3, 0, 0, 0
26, 39, 21, 0, 0, 0, 0, 3, 7872, 80, 2112
29, 39, 20, 0, 0, 0, 0, 3, 0, 0, 0
29, 39, 20, 0, 0, 0, 0, 3, 0, 0, 0
27, 35, 20, 0, 0, 0, 0, 3, 0, 0, 0
20, 33, 19, 0, 0, 0, 0, 3, 0, 0, 0
5, 32, 19, 0, 0, 0, 0, 3, 0, 0, 0
-6, 28, 18, 0, 0, 0, 0, 3, 0, 0, 0
2, 28, 18, 0, 0, 0, 0, 3, 0, 0, 0
20, 29, 18, 0, 0, 0, 0, 3, 0, 0, 0
29, 31, 18, 0, 0, 0, 0, 3, 0, 0, 0
28, 33, 18, 0, 0, 0, 0, 3, 0, 0, 0
23, 34, 17, 0, 0, 0, 0, 3, 7840, 112, 2192
17, 33, 17, 0, 0, 0, 0, 3, 0, 0, 0
13, 30, 16, 0, 0, 0, 0, 3, 0, 0, 0
10, 29, 17, 0, 0, 0, 0, 3, 0, 0, 0
12, 28, 16, 0, 0, 0, 0, 3, 0, 0, 0
15, 29, 16, 0, 0, 0, 0, 3, 0, 0, 0
13, 29, 16, 0, 0, 0, 0, 3, 0, 0, 0
8, 30, 16, 0, 0, 0, 0, 3, 0, 0, 0
4, 31, 16, 0, 0, 0, 0, 3, 0, 0, 0
7, 32, 16, 0, 0, 0, 0, 3, 0, 0, 0
14, 33, 16, 0, 0, 0, 0, 3, 7824, 128, 2160
16, 29, 15, 0, 0, 0, 0, 3, 0, 0, 0
12, 27, 15, 0, 0, 0, 0, 3, 0, 0, 0
8, 24, 14, 0, 0, 0, 0, 3, 0, 0, 0
4, 19, 14, 0, 0, 0, 0, 3, 0, 0, 0
4, 21, 13, 0, 0, 0, 0, 3, 0, 0, 0
7, 26, 12, 0, 0, 0, 0, 3, 0, 0, 0
12, 33, 11, 0, 0, 0, 0, 3, 0, 0, 0
19, 38, 10, 0, 0, 0, 0, 3, 0, 0, 0
21, 37, 9, 0, 0, 0, 0, 3, 0, 0, 0
18, 34, 8, 0, 0, 0, 0, 3, 7824, 128, 0
11, 31, 8, 0, 0, 0, 0, 3, 0, 0, 2128
6, 29, 8, 0, 0, 0, 0, 3, 0, 0, 0
1, 26, 8, 0, 0, 0, 0, 3, 0, 0, 0
0, 22, 8, 0, 0, 0, 0, 3, 0, 0, 0
0, 16, 8, 0, 0, 0, 0, 3, 0, 0, 0
2, 15, 8, 0, 0, 0, 0, 3, 0, 0, 0
4, 17, 8, 0, 0, 0, 0, 3, 0, 0, 0
2, 25, 8, 0, 0, 0, 0, 3, 0, 0, 0
0, 34, 8, 0, 0, 0, 0, 3, 0, 0, 0
2, 37, 8, 0, 0, 0, 0, 3, 7792, 144, 2112
9, 35, 9, 0, 0, 0, 0, 3, 0, 0, 0
14, 34, 9, 0, 0, 0, 0, 3, 0, 0, 0
14, 33, 9, 0, 0, 0, 0, 3, 0, 0, 0
16, 32, 8, 0, 0, 0, 0, 3, 0, 0, 0
22, 35, 8, 0, 0, 0, 0, 3, 0, 0, 0
26, 39, 8, 0, 0, 0, 0, 3, 0, 0, 0
26, 44, 7, 0, 0, 0, 0, 3, 0, 0, 0
20, 50, 7, 0, 0, 0, 0, 3, 0, 0, 0
15, 48, 6, 0, 0, 0, 0, 3, 0, 0, 0
16, 42, 6, 0, 0, 0, 0, 3, 0, 0, 0
16, 35, 6, 0, 0, 0, 0, 3, 7824, 128, 0
13, 30, 6, 0, 0, 0, 0, 3, 0, 0, 2112
7, 25, 5, 0, 0, 0, 0, 3, 0, 0, 0
1, 19, 5, 0, 0, 0, 0, 3, 0, 0, 0
-1, 15, 5, 0, 0, 0, 0, 3, 0, 0, 0
-5, 15, 4, 0, 0, 0, 0, 3, 0, 0, 0
-4, 17, 4, 0, 0, 0, 0, 3, 0, 0, 0
-2, 20, 3, 0, 0, 0, 0, 3, 0, 0, 0
-4, 23, 2, 0, 0, 0, 0, 3, 0, 0, 0
1, 28, 1, 0, 0, 0, 0, 3, 0, 0, 0
11, 33, 0, 0, 0, 0, 0, 3, 7856, 128, 2144
17, 36, 0, 0, 0, 0, 0, 3, 0, 0, 0
20, 39, 0, 0, 0, 0, 0, 3, 0, 0, 0
13, 37, -1, 0, 0, 0, 0, 3, 0, 0, 0
0, 33, 0, 0, 0, 0, 0, 3, 0, 0, 0
-6, 28, 0, 0, 0, 0, 0, 3, 0, 0, 0
2, 24, 0, 0, 0, 0, 0, 3, 0, 0, 0
13, 27, 0, 0, 0, 0, 0, 3, 0, 0, 0
15, 29, 1, 0, 0, 0, 0, 3, 0, 0, 0
11, 31, 2, 0, 0, 0, 0, 3, 0, 0, 0
10, 35, 3, 0, 0, 0, 0, 3, 7840, 112, 2176
9, 37, 4, 0, 0, 0, 0, 3, 0, 0, 0
6, 37, 4, 0, 0, 0, 0, 3, 0, 0, 0
5, 36, 4, 0, 0, 0, 0, 3, 0, 0, 0
8, 33, 4, 0, 0, 0, 0, 3, 0, 0, 0
10, 33, 5, 0, 0, 0, 0, 3, 0, 0, 0
10, 32, 5, 0, 0, 0, 0, 3, 0, 0, 0
9, 30, 5, 0, 0, 0, 0, 3, 0, 0, 0
8, 31, 4, 0, 0, 0, 0, 3, 0, 0, 0
5, 30, 4, 0, 0, 0, 0, 3, 0, 0, 0
0, 29, 3, 0, 0, 0, 0, 3, 0, 0, 0
-2, 30, 3, 0, 0, 0, 0, 3, 7872, 128, 2112
6, 33, 2, 0, 0, 0, 0, 3, 0, 0, 0
15, 34, 1, 0, 0, 0, 0, 3, 0, 0, 0
17, 36, 0, 0, 0, 0, 0, 3, 0, 0, 0
15, 36, 0, 0, 0, 0, 0, 3, 0, 0, 0
14, 33, 0, 0, 0, 0, 0, 3, 0, 0, 0
10, 29, 0, 0, 0, 0, 0, 3, 0, 0, 0
6, 30, 0, 0, 0, 0, 0, 3, 0, 0, 0
3, 33, 1, 0, 0, 0, 0, 3, 0, 0, 0
2, 36, 2, 0, 0, 0, 0, 3, 0, 0, 0
8, 36, 3, 0, 0, 0, 0, 3, 7888, 128, 0
13, 36, 4, 0, 0, 0, 0, 3, 0, 0, 2096
14, 35, 4, 0, 0, 0, 0, 3, 0, 0, 0
12, 33, 6, 0, 0, 0, 0, 3, 0, 0, 0
12, 31, 6, 0, 0, 0, 0, 3, 0, 0, 0
8, 30, 7, 0, 0, 0, 0, 3, 0, 0, 0
8, 29, 7, 0, 0, 0, 0, 3, 0, 0, 0
5, 26, 7, 0, 0, 0, 0, 3, 0, 0, 0
3, 25, 7, 0, 0, 0, 0, 3, 0, 0, 0
-1, 26, 7, 0, 0, 0, 0, 3, 0, 0, 0
-7, 22, 8, 0, 0, 0, 0, 3, 7888, 96, 2128
-4, 20, 8, 0, 0, 0, 0, 3, 0, 0, 0
5, 25, 9, 0, 0, 0, 0, 3, 0, 0, 0
12, 31, 9, 0, 0, 0, 0, 3, 0, 0, 0
10, 34, 10, 0, 0, 0, 0, 3, 0, 0, 0
8, 33, 11, 0, 0, 0, 0, 3, 0, 0, 0
8, 29, 13, 0, 0, 0, 0, 3, 0, 0, 0
1, 21, 15, 0, 0, 0, 0, 3, 0, 0, 0
-6, 16, 18, 0, 0, 0, 0, 3, 0, 0, 0
-5, 13, 20, 0, 0, 0, 0, 3, 0, 0, 0
-6, 16, 23, 0, 0, 0, 0, 3, 0, 0, 0
-8, 20, 25, 0, 0, 0, 0, 3, 7872, 96, 2224
-4, 25, 27, 0, 0, 0, 0, 3, 0, 0, 0
-3, 25, 29, 0, 0, 0, 0, 3, 0, 0, 0
0, 26, 31, 0, 0, 0, 0, 3, 0, 0, 0
3, 25, 33, 0, 0, 0, 0, 3, 0, 0, 0
3, 25, 35, 0, 0, 0, 0, 3, 0, 0, 0
1, 26, 37, 0, 0, 0, 0, 3, 0, 0, 0
-2, 24, 39, 0, 0, 0, 0, 3, 0, 0, 0
-7, 19, 41, 0, 0, 0, 0, 3, 0, 0, 0
-11, 14, 42, 0, 0, 0, 0, 3, 0, 0, 0
-12, 16, 43, 0, 0, 0, 0, 3, 7872, 48, 2112
-2, 20, 44, 0, 0, 0, 0, 3, 0, 0, 0
8, 21, 45, 0, 0, 0, 0, 3, 0, 0, 0
4, 19, 46, 0, 0, 0, 0, 3, 0, 0, 0
-2, 14, 46, 0, 0, 0, 0, 3, 0, 0, 0
-5, 16, 45, 0, 0, 0, 0, 3, 0, 0, 0
-7, 18, 45, 0, 0, 0, 0, 3, 0, 0, 0
-5, 18, 44, 0, 0, 0, 0, 3, 0, 0, 0
-3, 20, 43, 0, 0, 0, 0, 3, 0, 0, 0
-7, 19, 43, 0, 0, 0, 0, 3, 0, 0, 0
-6, 17, 42, 0, 0, 0, 0, 3, 7872, 112, 0
-5, 16, 42, 0, 0, 0, 0, 3, 0, 0, 2096
-6, 13, 42, 0, 0, 0, 0, 3, 0, 0, 0
-6, 12, 42, 0, 0, 0, 0, 3, 0, 0, 0
-3, 15, 42, 0, 0, 0, 0, 3, 0, 0, 0
-2, 20, 43, 0, 0, 0, 0, 3, 0, 0, 0
-1, 21, 43, 0, 0, 0, 0, 3, 0, 0, 0
2, 20, 44, 0, 0, 0, 0, 3, 0, 0, 0
0, 18, 44, 0, 0, 0, 0, 3, 0, 0, 0
4, 21, 43, 0, 0, 0, 0, 3, 0, 0, 0
8, 25, 43, 0, 0, 0, 0, 3, 7920, 80, 2144
9, 29, 43, 0, 0, 0, 0, 3, 0, 0, 0
8, 33, 42, 0, 0, 0, 0, 3, 0, 0, 0
9, 44, 41, 0, 0, 0, 0, 3, 0, 0, 0
29, 67, 40, 0, 0, 0, 0, 3, 0, 0, 0
60, 90, 38, 0, 0, 0, 0, 3, 0, 0, 0
75, 101, 37, 0, 0, 0, 0, 3, 0, 0, 0
92, 120, 35, 0, 0, 0, 0, 3, 0, 0, 0
113, 136, 34, 0, 0, 0, 0, 3, 0, 0, 0
133, 159, 33, 0, 0, 0, 0, 3, 0, 0, 0
151, 196, 33, 0, 0, 0, 0, 3, 7888, 128, 2144
162, 229, 32, 0, 0, 0, 0, 3, 0, 0, 0
176, 258, 31, 0, 0, 0, 0, 3, 0, 0, 0
197, 277, 31, 0, 0, 0, 0, 3, 0, 0, 0
215, 285, 30, 0, 0, 0, 0, 3, 0, 0, 0
223, 286, 30, 0, 0, 0, 0, 3, 0, 0, 0
220, 292, 29, 0, 0, 0, 0, 3, 0, 0, 0
210, 291, 29, 0, 0, 0, 0, 3, 0, 0, 0
198, 285, 28, 0, 0, 0, 0, 3, 0, 0, 0
192, 278, 27, 0, 0, 0, 0, 3, 0, 0, 0
187, 272, 26, 0, 0, 0, 0, 3, 0, 0, 0
181, 265, 26, 0, 0, 0, 0, 3, 7904, 96, 2224
179, 252, 25, 0, 0, 0, 0, 3, 0, 0, 0
168, 233, 24, 0, 0, 0, 0, 3, 0, 0, 0
149, 220, 23, 0, 0, 0, 0, 3, 0, 0, 0
131, 210, 22, 0, 0, 0, 0, 3, 0, 0, 0
118, 194, 21, 0, 0, 0, 0, 3, 0, 0, 0
105, 178, 20, 0, 0, 0, 0, 3, 0, 0, 0
96, 166, 20, 0, 0, 0, 0, 3, 0, 0, 0
86, 154, 19, 0, 0, 0, 0, 3, 0, 0, 0
71, 137, 19, 0, 0, 0, 0, 3, 0, 0, 0
60, 116, 19, 0, 0, 0, 0, 3, 7888, 96, 2240
53, 97, 19, 0, 0, 0, 0, 3, 0, 0, 0
47, 87, 19, 0, 0, 0, 0, 3, 0, 0, 0
41, 80, 19, 0, 0, 0, 0, 3, 0, 0, 0
34, 72, 19, 0, 0, 0, 0, 3, 0, 0, 0
27, 61, 19, 0, 0, 0, 0, 3, 0, 0, 0
15, 50, 19, 0, 0, 0, 0, 3, 0, 0, 0
11, 50, 19, 0, 0, 0, 0, 3, 0, 0, 0
8, 52, 18, 0, 0, 0, 0, 3, 0, 0, 0
0, 43, 18, 0, 0, 0, 0, 3, 0, 0, 0
-2, 32, 18, 0, 0, 0, 0, 3, 7888, 128, 2160
-5, 22, 18, 0, 0, 0, 0, 3, 0, 0, 0
-13, 13, 17, 0, 0, 0, 0, 3, 0, 0, 0
-21, 4, 17, 0, 0, 0, 0, 3, 0, 0, 0
-24, -1, 17, 0, 0, 0, 0, 3, 0, 0, 0
-27, -5, 16, 0, 0, 0, 0, 3, 0, 0, 0
-33, -10, 16, 0, 0, 0, 0, 3, 0, 0, 0
-40, -12, 15, 0, 0, 0, 0, 3, 0, 0, 0
-48, -15, 15, 0, 0, 0, 0, 3, 0, 0, 0
-58, -20, 15, 0, 0, 0, 0, 3, 0, 0, 0
-63, -25, 15, 0, 0, 0, 0, 3, 7904, 96, 2160
-61, -34, 14, 0, 0, 0, 0, 3, 0, 0, 0
-60, -36, 14, 0, 0, 0, 0, 3, 0, 0, 0
-64, -38, 13, 0, 0, 0, 0, 3, 0, 0, 0
-62, -45, 13, 0, 0, 0, 0, 3, 0, 0, 0
-59, -46, 13, 0, 0, 0, 0, 3, 0, 0, 0
-59, -44, 12, 0, 0, 0, 0, 3, 0, 0, 0
-62, -45, 13, 0, 0, 0, 0, 3, 0, 0, 0
-73, -50, 12, 0, 0, 0, 0, 3, 0, 0, 0
-81, -57, 12, 0, 0, 0, 0, 3, 0, 0, 0
-80, -60, 12, 0, 0, 0, 0, 3, 0, 0, 0
-78, -54, 12, 0, 0, 0, 0, 3, 7856, 128, 2096
-81, -54, 11, 0, 0, 0, 0, 3, 0, 0, 0
-89, -59, 11, 0, 0, 0, 0, 3, 0, 0, 0
-93, -68, 10, 0, 0, 0, 0, 3, 0, 0, 0
-87, -71, 10, 0, 0, 0, 0, 3, 0, 0, 0
-79, -66, 9, 0, 0, 0, 0, 3, 0, 0, 0
-76, -66, 8, 0, 0, 0, 0, 3, 0, 0, 0
-83, -66, 7, 0, 0, 0, 0, 3, 0, 0, 0
-92, -67, 6, 0, 0, 0, 0, 3, 0, 0, 0
-91, -67, 5, 0, 0, 0, 0, 3, 0, 0, 0
-84, -64, 4, 0, 0, 0, 0, 3, 7792, 128, 2112
-84, -61, 5, 0, 0, 0, 0, 3, 0, 0, 0
-92, -61, 5, 0, 0, 0, 0, 3, 0, 0, 0
-88, -61, 5, 0, 0, 0, 0, 3, 0, 0, 0
-77, -58, 5, 0, 0, 0, 0, 3, 0, 0, 0
-72, -55, 6, 0, 0, 0, 0, 3, 0, 0, 0
-69, -51, 5, 0, 0, 0, 0, 3, 0, 0, 0
-65, -48, 6, 0, 0, 0, 0, 3, 0, 0, 0
-65, -45, 6, 0, 0, 0, 0, 3, 0, 0, 0
-68, -45, 6, 0, 0, 0, 0, 3, 0, 0, 0
-74, -53, 6, 0, 0, 0, 0, 3, 7824, 144, 0
-81, -62, 6, 0, 0, 0, 0, 3, 0, 0, 2208
-84, -61, 6, 0, 0, 0, 0, 3, 0, 0, 0
-83, -56, 5, 0, 0, 0, 0, 3, 0, 0, 0
-84, -56, 5, 0, 0, 0, 0, 3, 0, 0, 0
-85, -62, 5, 0, 0, 0, 0, 3, 0, 0, 0
-79, -64, 5, 0, 0, 0, 0, 3, 0, 0, 0
-76, -60, 5, 0, 0, 0, 0, 3, 0, 0, 0
-80, -56, 5, 0, 0, 0, 0, 3, 0, 0, 0
-80, -55, 5, 0, 0, 0, 0, 3, 0, 0, 0
-74, -50, 5, 0, 0, 0, 0, 3, 0, 0, 0
-69, -46, 4, 0, 0, 0, 0, 3, 7840, 160, 2080
-68, -48, 3, 0, 0, 0, 0, 3, 0, 0, 0
-67, -50, 2, 0, 0, 0, 0, 3, 0, 0, 0
-61, -46, 1, 0, 0, 0, 0, 3, 0, 0, 0
-62, -37, 0, 0, 0, 0, 0, 3, 0, 0, 0
-65, -36, 0, 0, 0, 0, 0, 3, 0, 0, 0
-67, -37, -1, 0, 0, 0, 0, 3, 0, 0, 0
-65, -36, -2, 0, 0, 0, 0, 3, 0, 0, 0
-56, -36, -2, 0, 0, 0, 0, 3, 0, 0, 0
-51, -34, -3, 0, 0, 0, 0, 3, 0, 0, 0
-51, -39, -2, 0, 0, 0, 0, 3, 7840, 144, 0
-52, -40, -2, 0, 0, 0, 0, 3, 0, 0, 2112
-54, -34, -1, 0, 0, 0, 0, 3, 0, 0, 0
-57, -30, 0, 0, 0, 0, 0, 3, 0, 0, 0
-53, -27, 0, 0, 0, 0, 0, 3, 0, 0, 0
-47, -29, 1, 0, 0, 0, 0, 3, 0, 0, 0
-47, -32, 2, 0, 0, 0, 0, 3, 0, 0, 0
-47, -31, 3, 0, 0, 0, 0, 3, 0, 0, 0
-48, -30, 3, 0, 0, 0, 0, 3, 0, 0, 0
-46, -26, 4, 0, 0, 0, 0, 3, 0, 0, 0
-39, -22, 4, 0, 0, 0, 0, 3, 7856, 112, 2128
-35, -24, 5, 0, 0, 0, 0, 3, 0, 0, 0
-40, -28, 5, 0, 0, 0, 0, 3, 0, 0, 0
-43, -31, 6, 0, 0, 0, 0, 3, 0, 0, 0
-41, -27, 6, 0, 0, 0, 0, 3, 0, 0, 0
-39, -21, 6, 0, 0, 0, 0, 3, 0, 0, 0
-40, -21, 5, 0, 0, 0, 0, 3, 0, 0, 0
-44, -23, 4, 0, 0, 0, 0, 3, 0, 0, 0
-47, -23, 4, 0, 0, 0, 0, 3, 0, 0, 0
-43, -20, 3, 0, 0, 0, 0, 3, 0, 0, 0
-37, -20, 2, 0, 0, 0, 0, 3, 7888, 112, 0
-37, -23, 2, 0, 0, 0, 0, 3, 0, 0, 2160
-42, -27, 1, 0, 0, 0, 0, 3, 0, 0, 0
-43, -24, 1, 0, 0, 0, 0, 3, 0, 0, 0
-37, -17, 1, 0, 0, 0, 0, 3, 0, 0, 0
-31, -16, 0, 0, 0, 0, 0, 3, 0, 0, 0
-32, -17, 0, 0, 0, 0, 0, 3, 0, 0, 0
-35, -16, 0, 0, 0, 0, 0, 3, 0, 0, 0
-36, -15, 1, 0, 0, 0, 0, 3, 0, 0, 0
-31, -14, 1, 0, 0, 0, 0, 3, 0, 0, 0
-26, -10, 3, 0, 0, 0, 0, 3, 0, 0, 0
-30, -8, 4, 0, 0, 0, 0, 3, 7904, 96, 2192
-34, -7, 7, 0, 0, 0, 0, 3, 0, 0, 0
-33, -8, 8, 0, 0, 0, 0, 3, 0, 0, 0
-32, -13, 10, 0, 0, 0, 0, 3, 0, 0, 0
-28, -10, 12, 0, 0, 0, 0, 3, 0, 0, 0
-16, 0, 14, 0, 0, 0, 0, 3, 0, 0, 0
-8, 8, 16, 0, 0, 0, 0, 3, 0, 0, 0
0, 13, 19, 0, 0, 0, 0, 3, 0, 0, 0
4, 12, 21, 0, 0, 0, 0, 3, 0, 0, 0
2, 12, 23, 0, 0, 0, 0, 3, 0, 0, 0
-4, 15, 25, 0, 0, 0, 0, 3, 7856, 48, 2208
-11, 14, 27, 0, 0, 0, 0, 3, 0, 0, 0
-15, 12, 29, 0, 0, 0, 0, 3, 0, 0, 0
-11, 10, 31, 0, 0, 0, 0, 3, 0, 0, 0
2, 8, 33, 0, 0, 0, 0, 3, 0, 0, 0
10, 2, 34, 0, 0, 0, 0, 3, 0, 0, 0
7, 0, 36, 0, 0, 0, 0, 3, 0, 0, 0
1, 3, 37, 0, 0, 0, 0, 3, 0, 0, 0
-6, 10, 39, 0, 0, 0, 0, 3, 0, 0, 0
-5, 20, 40, 0, 0, 0, 0, 3, 0, 0, 0
-3, 20, 41, 0, 0, 0, 0, 3, 7856, 16, 2288
-4, 14, 42, 0, 0, 0, 0, 3, 0, 0, 0
-1, 9, 42, 0, 0, 0, 0, 3, 0, 0, 0
6, 8, 42, 0, 0, 0, 0, 3, 0, 0, 0
10, 13, 43, 0, 0, 0, 0, 3, 0, 0, 0
7, 12, 43, 0, 0, 0, 0, 3, 0, 0, 0
1, 10, 43, 0, 0, 0, 0, 3, 0, 0, 0
1, 15, 43, 0, 0, 0, 0, 3, 0, 0, 0
2, 20, 43, 0, 0, 0, 0, 3, 0, 0, 0
8, 24, 43, 0, 0, 0, 0, 3, 0, 0, 0
15, 27, 42, 0, 0, 0, 0, 3, 7856, 64, 2288
6, 18, 42, 0, 0, 0, 0, 3, 0, 0, 0
-2, 10, 42, 0, 0, 0, 0, 3, 0, 0, 0
1, 16, 42, 0, 0, 0, 0, 3, 0, 0, 0
2, 20, 42, 0, 0, 0, 0, 3, 0, 0, 0
-3, 14, 41, 0, 0, 0, 0, 3, 0, 0, 0
-5, 12, 41, 0, 0, 0, 0, 3, 0, 0, 0
0, 12, 40, 0, 0, 0, 0, 3, 0, 0, 0
5, 15, 39, 0, 0, 0, 0, 3, 0, 0, 0
6, 14, 37, 0, 0, 0, 0, 3, 0, 0, 0
7, 14, 37, 0, 0, 0, 0, 3, 0, 0, 0
8, 16, 35, 0, 0, 0, 0, 3, 7856, 32, 2336
8, 21, 35, 0, 0, 0, 0, 3, 0, 0, 0
7, 24, 34, 0, 0, 0, 0, 3, 0, 0, 0
4, 21, 34, 0, 0, 0, 0, 3, 0, 0, 0
3, 19, 33, 0, 0, 0, 0, 3, 0, 0, 0
7, 22, 33, 0, 0, 0, 0, 3, 0, 0, 0
8, 21, 33, 0, 0, 0, 0, 3, 0, 0, 0
5, 21, 33, 0, 0, 0, 0, 3, 0, 0, 0
2, 22, 33, 0, 0, 0, 0, 3, 0, 0, 0
1, 22, 33, 0, 0, 0, 0, 3, 0, 0, 0
0, 21, 33, 0, 0, 0, 0, 3, 7872, 80, 2240
-1, 20, 31, 0, 0, 0, 0, 3, 0, 0, 0
3, 22, 31, 0, 0, 0, 0, 3, 0, 0, 0
12, 29, 29, 0, 0, 0, 0, 3, 0, 0, 0
14, 29, 28, 0, 0, 0, 0, 3, 0, 0, 0
14, 26, 26, 0, 0, 0, 0, 3, 0, 0, 0
16, 27, 24, 0, 0, 0, 0, 3, 0, 0, 0
16, 30, 22, 0, 0, 0, 0, 3, 0, 0, 0
12, 29, 20, 0, 0, 0, 0, 3, 0, 0, 0
10, 29, 19, 0, 0, 0, 0, 3, 0, 0, 0
9, 27, 18, 0, 0, 0, 0, 3, 0, 0, 0
5, 25, 18, 0, 0, 0, 0, 3, 7856, 112, 2144
0, 27, 17, 0, 0, 0, 0, 3, 0, 0, 0
2, 27, 18, 0, 0, 0, 0, 3, 0, 0, 0
10, 29, 18, 0, 0, 0, 0, 3, 0, 0, 0
19, 37, 19, 0, 0, 0, 0, 3, 0, 0, 0
22, 39, 19, 0, 0, 0, 0, 3, 0, 0, 0
19, 34, 20, 0, 0, 0, 0, 3, 0, 0, 0
14, 29, 20, 0, 0, 0, 0, 3, 0, 0, 0
13, 30, 20, 0, 0, 0, 0, 3, 0, 0, 0
14, 32, 20, 0, 0, 0, 0, 3, 0, 0, 0
15, 34, 20, 0, 0, 0, 0, 3, 7856, 96, 2144
16, 33, 19, 0, 0, 0, 0, 3, 0, 0, 0
12, 32, 19, 0, 0, 0, 0, 3, 0, 0, 0
9, 37, 19, 0, 0, 0, 0, 3, 0, 0, 0
12, 42, 19, 0, 0, 0, 0, 3, 0, 0, 0
16, 37, 19, 0, 0, 0, 0, 3, 0, 0, 0
20, 31, 18, 0, 0, 0, 0, 3, 0, 0, 0
22, 32, 18, 0, 0, 0, 0, 3, 0, 0, 0
23, 33, 17, 0, 0, 0, 0, 3, 0, 0, 0
18, 34, 17, 0, 0, 0, 0, 3, 0, 0, 0
14, 30, 16, 0, 0, 0, 0, 3, 0, 0, 0
14, 28, 16, 0, 0, 0, 0, 3, 7808, 112, 2160
12, 34, 14, 0, 0, 0, 0, 3, 0, 0, 0
2, 39, 13, 0, 0, 0, 0, 3, 0, 0, 0
-2, 36, 12, 0, 0, 0, 0, 3, 0, 0, 0
5, 29, 11, 0, 0, 0, 0, 3, 0, 0, 0
14, 28, 11, 0, 0, 0, 0, 3, 0, 0, 0
22, 33, 10, 0, 0, 0, 0, 3, 0, 0, 0
25, 39, 9, 0, 0, 0, 0, 3, 0, 0, 0
19, 35, 9, 0, 0, 0, 0, 3, 0, 0, 0
7, 22, 10, 0, 0, 0, 0, 3, 7808, 176, 2160
3, 20, 10, 0, 0, 0, 0, 3, 0, 0, 0
7, 28, 10, 0, 0, 0, 0, 3, 0, 0, 0
12, 37, 10, 0, 0, 0, 0, 3, 0, 0, 0
9, 41, 10, 0, 0, 0, 0, 3, 0, 0, 0
9, 42, 11, 0, 0, 0, 0, 3, 0, 0, 0
15, 44, 11, 0, 0, 0, 0, 3, 0, 0, 0
16, 38, 11, 0, 0, 0, 0, 3, 0, 0, 0
15, 32, 12, 0, 0, 0, 0, 3, 0, 0, 0
11, 27, 12, 0, 0, 0, 0, 3, 0, 0, 0
4, 21, 12, 0, 0, 0, 0, 3, 7824, 144, 0
-2, 20, 12, 0, 0, 0, 0, 3, 0, 0, 2240
0, 28, 12, 0, 0, 0, 0, 3, 0, 0, 0
6, 33, 12, 0, 0, 0, 0, 3, 0, 0, 0
14, 38, 12, 0, 0, 0, 0, 3, 0, 0, 0
20, 42, 12, 0, 0, 0, 0, 3, 0, 0, 0
23, 41, 11, 0, 0, 0, 0, 3, 0, 0, 0
9, 31, 12, 0, 0, 0, 0, 3, 0, 0, 0
-8, 23, 11, 0, 0, 0, 0, 3, 0, 0, 0
-3, 29, 10, 0, 0, 0, 0, 3, 0, 0, 0
20, 42, 9, 0, 0, 0, 0, 3, 0, 0, 0
41, 54, 8, 0, 0, 0, 0, 3, 7808, 112, 2272
52, 59, 8, 0, 0, 0, 0, 3, 0, 0, 0
55, 62, 8, 0, 0, 0, 0, 3, 0, 0, 0
51, 64, 7, 0, 0, 0, 0, 3, 0, 0, 0
55, 68, 6, 0, 0, 0, 0, 3, 0, 0, 0
63, 78, 6, 0, 0, 0, 0, 3, 0, 0, 0
65, 89, 5, 0, 0, 0, 0, 3, 0, 0, 0
78, 95, 5, 0, 0, 0, 0, 3, 0, 0, 0
84, 91, 4, 0, 0, 0, 0, 3, 0, 0, 0
80, 77, 4, 0, 0, 0, 0, 3, 0, 0, 0
73, 61, 4, 0, 0, 0, 0, 3, 7872, 96, 0
60, 64, 3, 0, 0, 0, 0, 3, 0, 0, 2224
57, 75, 2, 0, 0, 0, 0, 3, 0, 0, 0
58, 74, 1, 0, 0, 0, 0, 3, 0, 0, 0
50, 69, 0, 0, 0, 0, 0, 3, 0, 0, 0
44, 62, 0, 0, 0, 0, 0, 3, 0, 0, 0
45, 54, 0, 0, 0, 0, 0, 3, 0, 0, 0
52, 58, 0, 0, 0, 0, 0, 3, 0, 0, 0
52, 58, 0, 0, 0, 0, 0, 3, 0, 0, 0
42, 55, 0, 0, 0, 0, 0, 3, 0, 0, 0
39, 54, 0, 0, 0, 0, 0, 3, 7856, 96, 2256
45, 54, 1, 0, 0, 0, 0, 3, 0, 0, 0
39, 58, 2, 0, 0, 0, 0, 3, 0, 0, 0
33, 55, 2, 0, 0, 0, 0, 3, 0, 0, 0
42, 54, 4, 0, 0, 0, 0, 3, 0, 0, 0
52, 59, 4, 0, 0, 0, 0, 3, 0, 0, 0
45, 59, 4, 0, 0, 0, 0, 3, 0, 0, 0
37, 54, 4, 0, 0, 0, 0, 3, 0, 0, 0
39, 50, 4, 0, 0, 0, 0, 3, 0, 0, 0
47, 56, 4, 0, 0, 0, 0, 3, 0, 0, 0
50, 57, 5, 0, 0, 0, 0, 3, 7840, 80, 2272
37, 49, 5, 0, 0, 0, 0, 3, 0, 0, 0
21, 52, 5, 0, 0, 0, 0, 3, 0, 0, 0
19, 54, 5, 0, 0, 0, 0, 3, 0, 0, 0
27, 54, 5, 0, 0, 0, 0, 3, 0, 0, 0
33, 51, 6, 0, 0, 0, 0, 3, 0, 0, 0
33, 50, 6, 0, 0, 0, 0, 3, 0, 0, 0
27, 53, 6, 0, 0, 0, 0, 3, 0, 0, 0
29, 51, 5, 0, 0, 0, 0, 3, 0, 0, 0
37, 50, 5, 0, 0, 0, 0, 3, 0, 0, 0
29, 55, 4, 0, 0, 0, 0, 3, 0, 0, 0
25, 60, 3, 0, 0, 0, 0, 3, 7824, 112, 2240
32, 57, 2, 0, 0, 0, 0, 3, 0, 0, 0
35, 54, 1, 0, 0, 0, 0, 3, 0, 0, 0
27, 48, 0, 0, 0, 0, 0, 3, 0, 0, 0
23, 51, 0, 0, 0, 0, 0, 3, 0, 0, 0
28, 54, 0, 0, 0, 0, 0, 3, 0, 0, 0
33, 54, 0, 0, 0, 0, 0, 3, 0, 0, 0
28, 55, 0, 0, 0, 0, 0, 3, 0, 0, 0
25, 54, -1, 0, 0, 0, 0, 3, 0, 0, 0
25, 51, 0, 0, 0, 0, 0, 3, 0, 0, 0
16, 46, 0, 0, 0, 0, 0, 3, 7872, 96, 2304
20, 48, 0, 0, 0, 0, 0, 3, 0, 0, 0
26, 52, 0, 0, 0, 0, 0, 3, 0, 0, 0
30, 60, 1, 0, 0, 0, 0, 3, 0, 0, 0
30, 63, 2, 0, 0, 0, 0, 3, 0, 0, 0
25, 58, 3, 0, 0, 0, 0, 3, 0, 0, 0
21, 53, 4, 0, 0, 0, 0, 3, 0, 0, 0
18, 53, 5, 0, 0, 0, 0, 3, 0, 0, 0
19, 53, 6, 0, 0, 0, 0, 3, 0, 0, 0
22, 56, 7, 0, 0, 0, 0, 3, 0, 0, 0
28, 54, 8, 0, 0, 0, 0, 3, 0, 0, 0
22, 47, 9, 0, 0, 0, 0, 3, 7872, 64, 2288
7, 47, 10, 0, 0, 0, 0, 3, 0, 0, 0
5, 51, 10, 0, 0, 0, 0, 3, 0, 0, 0
14, 57, 12, 0, 0, 0, 0, 3, 0, 0, 0
17, 56, 12, 0, 0, 0, 0, 3, 0, 0, 0
23, 60, 13, 0, 0, 0, 0, 3, 0, 0, 0
32, 64, 14, 0, 0, 0, 0, 3, 0, 0, 0
34, 65, 16, 0, 0, 0, 0, 3, 0, 0, 0
26, 60, 17, 0, 0, 0, 0, 3, 0, 0, 0
0, 44, 18, 0, 0, 0, 0, 3, 7840, 96, 2320
-20, 28, 19, 0, 0, 0, 0, 3, 0, 0, 0
-9, 27, 21, 0, 0, 0, 0, 3, 0, 0, 0
13, 44, 23, 0, 0, 0, 0, 3, 0, 0, 0
38, 59, 24, 0, 0, 0, 0, 3, 0, 0, 0
48, 62, 26, 0, 0, 0, 0, 3, 0, 0, 0
53, 62, 27, 0, 0, 0, 0, 3, 0, 0, 0
49, 67, 29, 0, 0, 0, 0, 3, 0, 0, 0
41, 70, 29, 0, 0, 0, 0, 3, 0, 0, 0
42, 72, 31, 0, 0, 0, 0, 3, 0, 0, 0
55, 77, 32, 0, 0, 0, 0, 3, 0, 0, 0
68, 78, 33, 0, 0, 0, 0, 3, 7840, 112, 2288
71, 75, 34, 0, 0, 0, 0, 3, 0, 0, 0
68, 70, 35, 0, 0, 0, 0, 3, 0, 0, 0
84, 69, 36, 0, 0, 0, 0, 3, 0, 0, 0
99, 82, 37, 0, 0, 0, 0, 3, 0, 0, 0
118, 99, 37, 0, 0, 0, 0, 3, 0, 0, 0
147, 104, 38, 0, 0, 0, 0, 3, 0, 0, 0
166, 105, 39, 0, 0, 0, 0, 3, 0, 0, 0
157, 105, 39, 0, 0, 0, 0, 3, 0, 0, 0
147, 101, 40, 0, 0, 0, 0, 3, 0, 0, 0
154, 97, 40, 0, 0, 0, 0, 3, 7872, 160, 2288
166, 94, 41, 0, 0, 0, 0, 3, 0, 0, 0
162, 91, 41, 0, 0, 0, 0, 3, 0, 0, 0
148, 85, 41, 0, 0, 0, 0, 3, 0, 0, 0
156, 90, 41, 0, 0, 0, 0, 3, 0, 0, 0
182, 105, 41, 0, 0, 0, 0, 3, 0, 0, 0
199, 110, 41, 0, 0, 0, 0, 3, 0, 0, 0
203, 106, 40, 0, 0, 0, 0, 3, 0, 0, 0
198, 107, 40, 0, 0, 0, 0, 3, 0, 0, 0
185, 109, 40, 0, 0, 0, 0, 3, 0, 0, 0
180, 107, 40, 0, 0, 0, 0, 3, 7840, 144, 2272
173, 102, 39, 0, 0, 0, 0, 3, 0, 0, 0
168, 97, 40, 0, 0, 0, 0, 3, 0, 0, 0
177, 100, 38, 0, 0, 0, 0, 3, 0, 0, 0
182, 107, 38, 0, 0, 0, 0, 3, 0, 0, 0
182, 108, 37, 0, 0, 0, 0, 3, 0, 0, 0
178, 105, 37, 0, 0, 0, 0, 3, 0, 0, 0
177, 100, 35, 0, 0, 0, 0, 3, 0, 0, 0
179, 97, 34, 0, 0, 0, 0, 3, 0, 0, 0
181, 101, 33, 0, 0, 0, 0, 3, 0, 0, 0
172, 101, 32, 0, 0, 0, 0, 3, 7856, 176, 2272
138, 89, 31, 0, 0, 0, 0, 3, 0, 0, 0
104, 75, 30, 0, 0, 0, 0, 3, 0, 0, 0
118, 85, 29, 0, 0, 0, 0, 3, 0, 0, 0
155, 102, 27, 0, 0, 0, 0, 3, 0, 0, 0
175, 104, 26, 0, 0, 0, 0, 3, 0, 0, 0
173, 90, 25, 0, 0, 0, 0, 3, 0, 0, 0
161, 85, 24, 0, 0, 0, 0, 3, 0, 0, 0
148, 96, 23, 0, 0, 0, 0, 3, 0, 0, 0
142, 101, 22, 0, 0, 0, 0, 3, 0, 0, 0
136, 99, 21, 0, 0, 0, 0, 3, 0, 0, 0
131, 97, 20, 0, 0, 0, 0, 3, 7824, 144, 0
131, 97, 19, 0, 0, 0, 0, 3, 0, 0, 2304
135, 92, 17, 0, 0, 0, 0, 3, 0, 0, 0
130, 88, 16, 0, 0, 0, 0, 3, 0, 0, 0
118, 87, 15, 0, 0, 0, 0, 3, 0, 0, 0
107, 91, 15, 0, 0, 0, 0, 3, 0, 0, 0
105, 92, 15, 0, 0, 0, 0, 3, 0, 0, 0
107, 92, 16, 0, 0, 0, 0, 3, 0, 0, 0
112, 100, 16, 0, 0, 0, 0, 3, 0, 0, 0
101, 102, 16, 0, 0, 0, 0, 3, 0, 0, 0
67, 88, 16, 0, 0, 0, 0, 3, 7840, 160, 2192
55, 76, 17, 0, 0, 0, 0, 3, 0, 0, 0
94, 87, 17, 0, 0, 0, 0, 3, 0, 0, 0
122, 101, 17, 0, 0, 0, 0, 3, 0, 0, 0
116, 106, 17, 0, 0, 0, 0, 3, 0, 0, 0
109, 104, 17, 0, 0, 0, 0, 3, 0, 0, 0
116, 100, 16, 0, 0, 0, 0, 3, 0, 0, 0
122, 98, 16, 0, 0, 0, 0, 3, 0, 0, 0
112, 94, 16, 0, 0, 0, 0, 3, 0, 0, 0
91, 90, 16, 0, 0, 0, 0, 3, 0, 0, 0
59, 80, 16, 0, 0, 0, 0, 3, 7792, 128, 0
67, 76, 15, 0, 0, 0, 0, 3, 0, 0, 2224
100, 90, 16, 0, 0, 0, 0, 3, 0, 0, 0
121, 99, 16, 0, 0, 0, 0, 3, 0, 0, 0
124, 100, 16, 0, 0, 0, 0, 3, 0, 0, 0
114, 97, 15, 0, 0, 0, 0, 3, 0, 0, 0
85, 89, 15, 0, 0, 0, 0, 3, 0, 0, 0
57, 75, 15, 0, 0, 0, 0, 3, 0, 0, 0
43, 70, 15, 0, 0, 0, 0, 3, 0, 0, 0
63, 75, 14, 0, 0, 0, 0, 3, 0, 0, 0
87, 88, 14, 0, 0, 0, 0, 3, 7824, 176, 0
111, 98, 13, 0, 0, 0, 0, 3, 0, 0, 2224
131, 103, 13, 0, 0, 0, 0, 3, 0, 0, 0
130, 98, 12, 0, 0, 0, 0, 3, 0, 0, 0
101, 81, 12, 0, 0, 0, 0, 3, 0, 0, 0
66, 71, 12, 0, 0, 0, 0, 3, 0, 0, 0
67, 84, 12, 0, 0, 0, 0, 3, 0, 0, 0
91, 105, 12, 0, 0, 0, 0, 3, 0, 0, 0
97, 112, 11, 0, 0, 0, 0, 3, 0, 0, 0
99, 109, 11, 0, 0, 0, 0, 3, 0, 0, 0
98, 108, 10, 0, 0, 0, 0, 3, 0, 0, 0
86, 106, 10, 0, 0, 0, 0, 3, 7840, 192, 2208
68, 100, 9, 0, 0, 0, 0, 3, 0, 0, 0
63, 96, 9, 0, 0, 0, 0, 3, 0, 0, 0
63, 99, 9, 0, 0, 0, 0, 3, 0, 0, 0
71, 105, 9, 0, 0, 0, 0, 3, 0, 0, 0
81, 109, 9, 0, 0, 0, 0, 3, 0, 0, 0
77, 107, 9, 0, 0, 0, 0, 3, 0, 0, 0
67, 111, 8, 0, 0, 0, 0, 3, 0, 0, 0
65, 122, 8, 0, 0, 0, 0, 3, 0, 0, 0
79, 135, 8, 0, 0, 0, 0, 3, 0, 0, 0
93, 139, 7, 0, 0, 0, 0, 3, 7808, 128, 2208
90, 135, 7, 0, 0, 0, 0, 3, 0, 0, 0
82, 127, 6, 0, 0, 0, 0, 3, 0, 0, 0
84, 140, 5, 0, 0, 0, 0, 3, 0, 0, 0
92, 161, 5, 0, 0, 0, 0, 3, 0, 0, 0
103, 172, 5, 0, 0, 0, 0, 3, 0, 0, 0
105, 170, 5, 0, 0, 0, 0, 3, 0, 0, 0
93, 169, 5, 0, 0, 0, 0, 3, 0, 0, 0
92, 169, 5, 0, 0, 0, 0, 3, 0, 0, 0
102, 175, 5, 0, 0, 0, 0, 3, 0, 0, 0
116, 193, 4, 0, 0, 0, 0, 3, 7872, 160, 0
130, 211, 4, 0, 0, 0, 0, 3, 0, 0, 2192
131, 224, 4, 0, 0, 0, 0, 3, 0, 0, 0
142, 245, 3, 0, 0, 0, 0, 3, 0, 0, 0
157, 269, 2, 0, 0, 0, 0, 3, 0, 0, 0
170, 282, 1, 0, 0, 0, 0, 3, 0, 0, 0
179, 283, 1, 0, 0, 0, 0, 3, 0, 0, 0
178, 290, 0, 0, 0, 0, 0, 3, 0, 0, 0
173, 303, 0, 0, 0, 0, 0, 3, 0, 0, 0
173, 312, 0, 0, 0, 0, 0, 3, 0, 0, 0
172, 311, 1, 0, 0, 0, 0, 3, 0, 0, 0
164, 296, 1, 0, 0, 0, 0, 3, 7840, 160, 2208
151, 283, 2, 0, 0, 0, 0, 3, 0, 0, 0
147, 290, 2, 0, 0, 0, 0, 3, 0, 0, 0
142, 293, 3, 0, 0, 0, 0, 3, 0, 0, 0
128, 284, 4, 0, 0, 0, 0, 3, 0, 0, 0
112, 270, 4, 0, 0, 0, 0, 3, 0, 0, 0
92, 253, 4, 0, 0, 0, 0, 3, 0, 0, 0
71, 235, 4, 0, 0, 0, 0, 3, 0, 0, 0
46, 211, 4, 0, 0, 0, 0, 3, 0, 0, 0
25, 189, 3, 0, 0, 0, 0, 3, 0, 0, 0
11, 175, 3, 0, 0, 0, 0, 3, 7824, 128, 0
-2, 163, 1, 0, 0, 0, 0, 3, 0, 0, 2272
-17, 152, 1, 0, 0, 0, 0, 3, 0, 0, 0
-28, 136, 0, 0, 0, 0, 0, 3, 0, 0, 0
-38, 117, 0, 0, 0, 0, 0, 3, 0, 0, 0
-46, 107, 0, 0, 0, 0, 0, 3, 0, 0, 0
-59, 95, 0, 0, 0, 0, 0, 3, 0, 0, 0
-79, 79, 0, 0, 0, 0, 0, 3, 0, 0, 0
-94, 65, 0, 0, 0, 0, 0, 3, 0, 0, 0
-102, 52, -1, 0, 0, 0, 0, 3, 0, 0, 0
-101, 45, -1, 0, 0, 0, 0, 3, 7856, 112, 2224
-103, 41, 0, 0, 0, 0, 0, 3, 0, 0, 0
-109, 33, 0, 0, 0, 0, 0, 3, 0, 0, 0
-116, 20, 0, 0, 0, 0, 0, 3, 0, 0, 0
-126, 1, 1, 0, 0, 0, 0, 3, 0, 0, 0
-131, -9, 3, 0, 0, 0, 0, 3, 0, 0, 0
-138, -13, 4, 0, 0, 0, 0, 3, 0, 0, 0
-148, -18, 5, 0, 0, 0, 0, 3, 0, 0, 0
-160, -28, 6, 0, 0, 0, 0, 3, 0, 0, 0
-166, -38, 7, 0, 0, 0, 0, 3, 0, 0, 0
-166, -43, 8, 0, 0, 0, 0, 3, 7872, 160, 2240
-160, -46, 9, 0, 0, 0, 0, 3, 0, 0, 0
-162, -47, 10, 0, 0, 0, 0, 3, 0, 0, 0
-167, -51, 10, 0, 0, 0, 0, 3, 0, 0, 0
-162, -53, 11, 0, 0, 0, 0, 3, 0, 0, 0
-157, -56, 12, 0, 0, 0, 0, 3, 0, 0, 0
-157, -60, 12, 0, 0, 0, 0, 3, 0, 0, 0
-159, -70, 12, 0, 0, 0, 0, 3, 0, 0, 0
-164, -78, 13, 0, 0, 0, 0, 3, 0, 0, 0
-177, -81, 13, 0, 0, 0, 0, 3, 0, 0, 0
-181, -79, 14, 0, 0, 0, 0, 3, 0, 0, 0
-179, -78, 15, 0, 0, 0, 0, 3, 7840, 128, 2144
-179, -82, 16, 0, 0, 0, 0, 3, 0, 0, 0
-187, -88, 16, 0, 0, 0, 0, 3, 0, 0, 0
-195, -98, 18, 0, 0, 0, 0, 3, 0, 0, 0
-194, -108, 19, 0, 0, 0, 0, 3, 0, 0, 0
-194, -120, 20, 0, 0, 0, 0, 3, 0, 0, 0
-206, -126, 21, 0, 0, 0, 0, 3, 0, 0, 0
-220, -135, 22, 0, 0, 0, 0, 3, 0, 0, 0
-216, -130, 24, 0, 0, 0, 0, 3, 0, 0, 0
-200, -120, 24, 0, 0, 0, 0, 3, 0, 0, 0
-185, -112, 25, 0, 0, 0, 0, 3, 7808, 128, 2176
-186, -114, 25, 0, 0, 0, 0, 3, 0, 0, 0
-187, -113, 26, 0, 0, 0, 0, 3, 0, 0, 0
-184, -111, 26, 0, 0, 0, 0, 3, 0, 0, 0
-183, -116, 28, 0, 0, 0, 0, 3, 0, 0, 0
-194, -130, 29, 0, 0, 0, 0, 3, 0, 0, 0
-202, -132, 31, 0, 0, 0, 0, 3, 0, 0, 0
-198, -126, 33, 0, 0, 0, 0, 3, 0, 0, 0
-191, -125, 34, 0, 0, 0, 0, 3, 0, 0, 0
-190, -125, 37, 0, 0, 0, 0, 3, 0, 0, 0
-202, -126, 37, 0, 0, 0, 0, 3, 7808, 64, 2240
-213, -128, 39, 0, 0, 0, 0, 3, 0, 0, 0
-202, -126, 39, 0, 0, 0, 0, 3, 0, 0, 0
-179, -118, 40, 0, 0, 0, 0, 3, 0, 0, 0
-168, -113, 41, 0, 0, 0, 0, 3, 0, 0, 0
-170, -118, 41, 0, 0, 0, 0, 3, 0, 0, 0
-173, -122, 40, 0, 0, 0, 0, 3, 0, 0, 0
-175, -123, 40, 0, 0, 0, 0, 3, 0, 0, 0
-177, -128, 39, 0, 0, 0, 0, 3, 0, 0, 0
-181, -126, 39, 0, 0, 0, 0, 3, 0, 0, 0
-178, -118, 38, 0, 0, 0, 0, 3, 7840, 64, 2272
-173, -118, 37, 0, 0, 0, 0, 3, 0, 0, 0
-164, -117, 37, 0, 0, 0, 0, 3, 0, 0, 0
-159, -112, 38, 0, 0, 0, 0, 3, 0, 0, 0
-161, -114, 38, 0, 0, 0, 0, 3, 0, 0, 0
-161, -117, 38, 0, 0, 0, 0, 3, 0, 0, 0
-165, -119, 39, 0, 0, 0, 0, 3, 0, 0, 0
-176, -121, 39, 0, 0, 0, 0, 3, 0, 0, 0
-178, -126, 39, 0, 0, 0, 0, 3, 0, 0, 0
-167, -120, 39, 0, 0, 0, 0, 3, 0, 0, 0
-157, -111, 39, 0, 0, 0, 0, 3, 0, 0, 0
-155, -108, 38, 0, 0, 0, 0, 3, 7856, 64, 0
-151, -106, 38, 0, 0, 0, 0, 3, 0, 0, 2208
-150, -111, 37, 0, 0, 0, 0, 3, 0, 0, 0
-150, -118, 37, 0, 0, 0, 0, 3, 0, 0, 0
-146, -116, 36, 0, 0, 0, 0, 3, 0, 0, 0
-133, -103, 34, 0, 0, 0, 0, 3, 0, 0, 0
-124, -96, 33, 0, 0, 0, 0, 3, 0, 0, 0
-126, -93, 33, 0, 0, 0, 0, 3, 0, 0, 0
-129, -89, 32, 0, 0, 0, 0, 3, 0, 0, 0
-126, -88, 31, 0, 0, 0, 0, 3, 0, 0, 0
-124, -90, 30, 0, 0, 0, 0, 3, 7872, 80, 2160
-125, -93, 29, 0, 0, 0, 0, 3, 0, 0, 0
-129, -97, 28, 0, 0, 0, 0, 3, 0, 0, 0
-132, -100, 26, 0, 0, 0, 0, 3, 0, 0, 0
-130, -97, 25, 0, 0, 0, 0, 3, 0, 0, 0
-126, -92, 24, 0, 0, 0, 0, 3, 0, 0, 0
-114, -87, 23, 0, 0, 0, 0, 3, 0, 0, 0
-111, -83, 22, 0, 0, 0, 0, 3, 0, 0, 0
-110, -82, 21, 0, 0, 0, 0, 3, 0, 0, 0
-106, -83, 21, 0, 0, 0, 0, 3, 0, 0, 0
-109, -84, 20, 0, 0, 0, 0, 3, 7824, 48, 0
-120, -88, 20, 0, 0, 0, 0, 3, 0, 0, 2144
-120, -87, 19, 0, 0, 0, 0, 3, 0, 0, 0
-109, -85, 19, 0, 0, 0, 0, 3, 0, 0, 0
-101, -84, 18, 0, 0, 0, 0, 3, 0, 0, 0
-101, -83, 18, 0, 0, 0, 0, 3, 0, 0, 0
-99, -82, 16, 0, 0, 0, 0, 3, 0, 0, 0
-99, -80, 16, 0, 0, 0, 0, 3, 0, 0, 0
-102, -80, 15, 0, 0, 0, 0, 3, 0, 0, 0
-104, -80, 14, 0, 0, 0, 0, 3, 0, 0, 0
-102, -80, 13, 0, 0, 0, 0, 3, 0, 0, 0
-92, -81, 12, 0, 0, 0, 0, 3, 7792, 128, 2192
-85, -79, 12, 0, 0, 0, 0, 3, 0, 0, 0
-83, -72, 13, 0, 0, 0, 0, 3, 0, 0, 0
-82, -67, 13, 0, 0, 0, 0, 3, 0, 0, 0
-83, -68, 14, 0, 0, 0, 0, 3, 0, 0, 0
-90, -69, 15, 0, 0, 0, 0, 3, 0, 0, 0
-98, -66, 15, 0, 0, 0, 0, 3, 0, 0, 0
-93, -67, 16, 0, 0, 0, 0, 3, 0, 0, 0
-79, -70, 16, 0, 0, 0, 0, 3, 0, 0, 0
-64, -67, 16, 0, 0, 0, 0, 3, 0, 0, 0
-57, -63, 16, 0, 0, 0, 0, 3, 7824, 144, 0
-59, -65, 16, 0, 0, 0, 0, 3, 0, 0, 2192
-65, -67, 16, 0, 0, 0, 0, 3, 0, 0, 0
-71, -65, 16, 0, 0, 0, 0, 3, 0, 0, 0
-86, -64, 15, 0, 0, 0, 0, 3, 0, 0, 0
-86, -67, 14, 0, 0, 0, 0, 3, 0, 0, 0
-67, -67, 13, 0, 0, 0, 0, 3, 0, 0, 0
-58, -66, 12, 0, 0, 0, 0, 3, 0, 0, 0
-63, -67, 12, 0, 0, 0, 0, 3, 0, 0, 0
-65, -58, 13, 0, 0, 0, 0, 3, 0, 0, 0
-56, -47, 13, 0, 0, 0, 0, 3, 7856, 144, 2128
-54, -49, 13, 0, 0, 0, 0, 3, 0, 0, 0
-59, -55, 14, 0, 0, 0, 0, 3, 0, 0, 0
-67, -61, 14, 0, 0, 0, 0, 3, 0, 0, 0
-59, -63, 14, 0, 0, 0, 0, 3, 0, 0, 0
-44, -56, 15, 0, 0, 0, 0, 3, 0, 0, 0
-42, -51, 15, 0, 0, 0, 0, 3, 0, 0, 0
-40, -46, 15, 0, 0, 0, 0, 3, 0, 0, 0
-40, -44, 15, 0, 0, 0, 0, 3, 0, 0, 0
-41, -49, 15, 0, 0, 0, 0, 3, 0, 0, 0
-46, -52, 14, 0, 0, 0, 0, 3, 7856, 128, 2144
-58, -55, 13, 0, 0, 0, 0, 3, 0, 0, 0
-53, -55, 12, 0, 0, 0, 0, 3, 0, 0, 0
-39, -50, 11, 0, 0, 0, 0, 3, 0, 0, 0
-35, -47, 10, 0, 0, 0, 0, 3, 0, 0, 0
-31, -50, 9, 0, 0, 0, 0, 3, 0, 0, 0
-28, -50, 8, 0, 0, 0, 0, 3, 0, 0, 0
-34, -42, 9, 0, 0, 0, 0, 3, 0, 0, 0
-40, -37, 8, 0, 0, 0, 0, 3, 0, 0, 0
-42, -37, 9, 0, 0, 0, 0, 3, 0, 0, 0
-39, -39, 9, 0, 0, 0, 0, 3, 0, 0, 0
-25, -32, 8, 0, 0, 0, 0, 3, 7840, 128, 2192
-14, -25, 9, 0, 0, 0, 0, 3, 0, 0, 0
-7, -29, 9, 0, 0, 0, 0, 3, 0, 0, 0
-11, -35, 8, 0, 0, 0, 0, 3, 0, 0, 0
-23, -42, 8, 0, 0, 0, 0, 3, 0, 0, 0
-38, -48, 8, 0, 0, 0, 0, 3, 0, 0, 0
-49, -51, 7, 0, 0, 0, 0, 3, 0, 0, 0
-57, -49, 6, 0, 0, 0, 0, 3, 0, 0, 0
-51, -45, 5, 0, 0, 0, 0, 3, 0, 0, 0
-41, -46, 5, 0, 0, 0, 0, 3, 0, 0, 0
-30, -44, 4, 0, 0, 0, 0, 3, 7872, 128, 0
-19, -31, 3, 0, 0, 0, 0, 3, 0, 0, 2224
-17, -29, 3, 0, 0, 0, 0, 3, 0, 0, 0
-23, -33, 3, 0, 0, 0, 0, 3, 0, 0, 0
-26, -33, 3, 0, 0, 0, 0, 3, 0, 0, 0
-34, -33, 2, 0, 0, 0, 0, 3, 0, 0, 0
-42, -34, 2, 0, 0, 0, 0, 3, 0, 0, 0
-27, -31, 1, 0, 0, 0, 0, 3, 0, 0, 0
-10, -27, 1, 0, 0, 0, 0, 3, 0, 0, 0
-6, -24, 0, 0, 0, 0, 0, 3, 0, 0, 0
-7, -21, 0, 0, 0, 0, 0, 3, 7840, 112, 2192
-14, -21, 0, 0, 0, 0, 0, 3, 0, 0, 0
-23, -23, 0, 0, 0, 0, 0, 3, 0, 0, 0
-22, -28, -1, 0, 0, 0, 0, 3, 0, 0, 0
-18, -33, -1, 0, 0, 0, 0, 3, 0, 0, 0
-22, -32, -1, 0, 0, 0, 0, 3, 0, 0, 0
-28, -26, -1, 0, 0, 0, 0, 3, 0, 0, 0
-20, -20, -1, 0, 0, 0, 0, 3, 0, 0, 0
-9, -17, -2, 0, 0, 0, 0, 3, 0, 0, 0
-6, -20, -2, 0, 0, 0, 0, 3, 0, 0, 0
-8, -22, -2, 0, 0, 0, 0, 3, 7840, 112, 2224
-15, -26, -2, 0, 0, 0, 0, 3, 0, 0, 0
-22, -25, -2, 0, 0, 0, 0, 3, 0, 0, 0
-20, -17, -1, 0, 0, 0, 0, 3, 0, 0, 0
-11, -11, 0, 0, 0, 0, 0, 3, 0, 0, 0
-7, -11, 0, 0, 0, 0, 0, 3, 0, 0, 0
-7, -12, 1, 0, 0, 0, 0, 3, 0, 0, 0
-2, -9, 3, 0, 0, 0, 0, 3, 0, 0, 0
-1, -8, 4, 0, 0, 0, 0, 3, 0, 0, 0
-4, -16, 5, 0, 0, 0, 0, 3, 0, 0, 0
-6, -17, 6, 0, 0, 0, 0, 3, 0, 0, 0
-17, -14, 7, 0, 0, 0, 0, 3, 7840, 80, 2208
-20, -10, 8, 0, 0, 0, 0, 3, 0, 0, 0
0, -5, 9, 0, 0, 0, 0, 3, 0, 0, 0
25, 3, 10, 0, 0, 0, 0, 3, 0, 0, 0
34, 11, 10, 0, 0, 0, 0, 3, 0, 0, 0
23, 12, 11, 0, 0, 0, 0, 3, 0, 0, 0
13, 13, 11, 0, 0, 0, 0, 3, 0, 0, 0
16, 11, 12, 0, 0, 0, 0, 3, 0, 0, 0
26, 13, 12, 0, 0, 0, 0, 3, 0, 0, 0
33, 17, 12, 0, 0, 0, 0, 3, 0, 0, 0
33, 15, 11, 0, 0, 0, 0, 3, 7840, 96, 2256
39, 14, 12, 0, 0, 0, 0, 3, 0, 0, 0
44, 14, 12, 0, 0, 0, 0, 3, 0, 0, 0
44, 11, 12, 0, 0, 0, 0, 3, 0, 0, 0
41, 9, 13, 0, 0, 0, 0, 3, 0, 0, 0
41, 15, 14, 0, 0, 0, 0, 3, 0, 0, 0
43, 21, 14, 0, 0, 0, 0, 3, 0, 0, 0
43, 20, 15, 0, 0, 0, 0, 3, 0, 0, 0
38, 16, 15, 0, 0, 0, 0, 3, 0, 0, 0
29, 13, 15, 0, 0, 0, 0, 3, 0, 0, 0
26, 10, 16, 0, 0, 0, 0, 3, 0, 0, 0
27, 11, 16, 0, 0, 0, 0, 3, 7840, 64, 2288
35, 14, 17, 0, 0, 0, 0, 3, 0, 0, 0
43, 16, 18, 0, 0, 0, 0, 3, 0, 0, 0
48, 16, 21, 0, 0, 0, 0, 3, 0, 0, 0
44, 16, 22, 0, 0, 0, 0, 3, 0, 0, 0
32, 13, 25, 0, 0, 0, 0, 3, 0, 0, 0
25, 6, 27, 0, 0, 0, 0, 3, 0, 0, 0
35, 6, 29, 0, 0, 0, 0, 3, 0, 0, 0
48, 16, 31, 0, 0, 0, 0, 3, 0, 0, 0
51, 25, 33, 0, 0, 0, 0, 3, 0, 0, 0
48, 26, 34, 0, 0, 0, 0, 3, 7824, 48, 2288
39, 16, 36, 0, 0, 0, 0, 3, 0, 0, 0
29, 8, 37, 0, 0, 0, 0, 3, 0, 0, 0
28, 8, 38, 0, 0, 0, 0, 3, 0, 0, 0
26, 6, 40, 0, 0, 0, 0, 3, 0, 0, 0
18, 2, 41, 0, 0, 0, 0, 3, 0, 0, 0
17, 2, 42, 0, 0, 0, 0, 3, 0, 0, 0
33, 7, 43, 0, 0, 0, 0, 3, 0, 0, 0
42, 5, 43, 0, 0, 0, 0, 3, 0, 0, 0
34, 1, 44, 0, 0, 0, 0, 3, 0, 0, 0
25, 6, 44, 0, 0, 0, 0, 3, 0, 0, 0
29, 14, 43, 0, 0, 0, 0, 3, 7856, 64, 2320
29, 12, 43, 0, 0, 0, 0, 3, 0, 0, 0
20, 6, 43, 0, 0, 0, 0, 3, 0, 0, 0
21, 9, 42, 0, 0, 0, 0, 3, 0, 0, 0
28, 13, 43, 0, 0, 0, 0, 3, 0, 0, 0
30, 11, 43, 0, 0, 0, 0, 3, 0, 0, 0
34, 16, 44, 0, 0, 0, 0, 3, 0, 0, 0
38, 23, 44, 0, 0, 0, 0, 3, 0, 0, 0
40, 28, 45, 0, 0, 0, 0, 3, 0, 0, 0
39, 28, 46, 0, 0, 0, 0, 3, 7888, 96, 2304
32, 22, 46, 0, 0, 0, 0, 3, 0, 0, 0
26, 16, 46, 0, 0, 0, 0, 3, 0, 0, 0
29, 15, 46, 0, 0, 0, 0, 3, 0, 0, 0
29, 11, 46, 0, 0, 0, 0, 3, 0, 0, 0
31, 12, 46, 0, 0, 0, 0, 3, 0, 0, 0
35, 19, 45, 0, 0, 0, 0, 3, 0, 0, 0
41, 20, 44, 0, 0, 0, 0, 3, 0, 0, 0
41, 16, 44, 0, 0, 0, 0, 3, 0, 0, 0
36, 16, 42, 0, 0, 0, 0, 3, 0, 0, 0
27, 17, 42, 0, 0, 0, 0, 3, 7888, 112, 0
24, 19, 40, 0, 0, 0, 0, 3, 0, 0, 2304
28, 17, 39, 0, 0, 0, 0, 3, 0, 0, 0
25, 15, 38, 0, 0, 0, 0, 3, 0, 0, 0
21, 12, 38, 0, 0, 0, 0, 3, 0, 0, 0
16, 9, 37, 0, 0, 0, 0, 3, 0, 0, 0
15, 4, 37, 0, 0, 0, 0, 3, 0, 0, 0
14, -1, 37, 0, 0, 0, 0, 3, 0, 0, 0
16, 0, 36, 0, 0, 0, 0, 3, 0, 0, 0
17, 5, 35, 0, 0, 0, 0, 3, 0, 0, 0
21, 8, 35, 0, 0, 0, 0, 3, 0, 0, 0
25, 7, 34, 0, 0, 0, 0, 3, 7840, 112, 2272
27, 6, 33, 0, 0, 0, 0, 3, 0, 0, 0
25, 4, 33, 0, 0, 0, 0, 3, 0, 0, 0
16, 0, 31, 0, 0, 0, 0, 3, 0, 0, 0
9, 0, 30, 0, 0, 0, 0, 3, 0, 0, 0
5, -2, 29, 0, 0, 0, 0, 3, 0, 0, 0
7, 1, 28, 0, 0, 0, 0, 3, 0, 0, 0
14, 4, 26, 0, 0, 0, 0, 3, 0, 0, 0
17, 5, 25, 0, 0, 0, 0, 3, 0, 0, 0
18, 10, 24, 0, 0, 0, 0, 3, 0, 0, 0
23, 14, 24, 0, 0, 0, 0, 3, 0, 0, 0
27, 13, 24, 0, 0, 0, 0, 3, 7856, 80, 2240
24, 7, 23, 0, 0, 0, 0, 3, 0, 0, 0
17, 2, 24, 0, 0, 0, 0, 3, 0, 0, 0
14, 0, 24, 0, 0, 0, 0, 3, 0, 0, 0
9, 0, 24, 0, 0, 0, 0, 3, 0, 0, 0
4, 0, 24, 0, 0, 0, 0, 3, 0, 0, 0
4, 3, 24, 0, 0, 0, 0, 3, 0, 0, 0
7, 4, 24, 0, 0, 0, 0, 3, 0, 0, 0
11, 1, 23, 0, 0, 0, 0, 3, 0, 0, 0
12, 0, 23, 0, 0, 0, 0, 3, 7920, 80, 2224
12, -1, 23, 0, 0, 0, 0, 3, 0, 0, 0
12, -1, 23, 0, 0, 0, 0, 3, 0, 0, 0
9, -1, 23, 0, 0, 0, 0, 3, 0, 0, 0
11, 0, 22, 0, 0, 0, 0, 3, 0, 0, 0
16, 3, 22, 0, 0, 0, 0, 3, 0, 0, 0
16, 3, 21, 0, 0, 0, 0, 3, 0, 0, 0
13, 3, 21, 0, 0, 0, 0, 3, 0, 0, 0
9, -1, 20, 0, 0, 0, 0, 3, 0, 0, 0
4, -2, 19, 0, 0, 0, 0, 3, 0, 0, 0
-1, 0, 18, 0, 0, 0, 0, 3, 7856, 128, 2240
-1, 4, 16, 0, 0, 0, 0, 3, 0, 0, 0
5, 7, 16, 0, 0, 0, 0, 3, 0, 0, 0
15, 5, 15, 0, 0, 0, 0, 3, 0, 0, 0
18, 2, 16, 0, 0, 0, 0, 3, 0, 0, 0
14, 0, 15, 0, 0, 0, 0, 3, 0, 0, 0
6, 0, 15, 0, 0, 0, 0, 3, 0, 0, 0
5, 2, 15, 0, 0, 0, 0, 3, 0, 0, 0
9, 3, 15, 0, 0, 0, 0, 3, 0, 0, 0
10, 0, 15, 0, 0, 0, 0, 3, 0, 0, 0
9, 1, 15, 0, 0, 0, 0, 3, 0, 0, 0
5, 0, 15, 0, 0, 0, 0, 3, 7904, 128, 2256
5, -8, 14, 0, 0, 0, 0, 3, 0, 0, 0
9, -15, 13, 0, 0, 0, 0, 3, 0, 0, 0
2, -11, 12, 0, 0, 0, 0, 3, 0, 0, 0
-3, -3, 12, 0, 0, 0, 0, 3, 0, 0, 0
2, 2, 11, 0, 0, 0, 0, 3, 0, 0, 0
1, 0, 11, 0, 0, 0, 0, 3, 0, 0, 0
-2, -2, 10, 0, 0, 0, 0, 3, 0, 0, 0
0, -2, 9, 0, 0, 0, 0, 3, 0, 0, 0
3, -3, 8, 0, 0, 0, 0, 3, 0, 0, 0
4, -5, 8, 0, 0, 0, 0, 3, 7872, 144, 2240
2, -6, 7, 0, 0, 0, 0, 3, 0, 0, 0
4, -2, 6, 0, 0, 0, 0, 3, 0, 0, 0
5, 0, 5, 0, 0, 0, 0, 3, 0, 0, 0
6, -1, 4, 0, 0, 0, 0, 3, 0, 0, 0
6, 1, 4, 0, 0, 0, 0, 3, 0, 0, 0
10, 7, 4, 0, 0, 0, 0, 3, 0, 0, 0
14, 8, 5, 0, 0, 0, 0, 3, 0, 0, 0
15, 8, 5, 0, 0, 0, 0, 3, 0, 0, 0
13, 5, 6, 0, 0, 0, 0, 3, 0, 0, 0
7, 0, 6, 0, 0, 0, 0, 3, 7840, 144, 2208
-5, -8, 6, 0, 0, 0, 0, 3, 0, 0, 0
-12, -13, 7, 0, 0, 0, 0, 3, 0, 0, 0
-5, -10, 7, 0, 0, 0, 0, 3, 0, 0, 0
3, -7, 6, 0, 0, 0, 0, 3, 0, 0, 0
5, -8, 7, 0, 0, 0, 0, 3, 0, 0, 0
8, -7, 6, 0, 0, 0, 0, 3, 0, 0, 0
1, -7, 5, 0, 0, 0, 0, 3, 0, 0, 0
-6, -6, 5, 0, 0, 0, 0, 3, 0, 0, 0
-8, -1, 4, 0, 0, 0, 0, 3, 0, 0, 0
-2, 3, 4, 0, 0, 0, 0, 3, 7824, 192, 0
6, 4, 3, 0, 0, 0, 0, 3, 0, 0, 2176
10, 2, 2, 0, 0, 0, 0, 3, 0, 0, 0
11, 0, 1, 0, 0, 0, 0, 3, 0, 0, 0
9, -1, 0, 0, 0, 0, 0, 3, 0, 0, 0
6, 1, 0, 0, 0, 0, 0, 3, 0, 0, 0
4, 2, -1, 0, 0, 0, 0, 3, 0, 0, 0
0, 0, -3, 0, 0, 0, 0, 3, 0, 0, 0
1, -4, -3, 0, 0, 0, 0, 3, 0, 0, 0
-1, -10, -4, 0, 0, 0, 0, 3, 0, 0, 0
-13, -17, -4, 0, 0, 0, 0, 3, 0, 0, 0
-20, -22, -4, 0, 0, 0, 0, 3, 0, 0, 0
-11, -17, -5, 0, 0, 0, 0, 3, 7856, 128, 2208
2, -7, -5, 0, 0, 0, 0, 3, 0, 0, 0
5, -5, -5, 0, 0, 0, 0, 3, 0, 0, 0
0, -10, -4, 0, 0, 0, 0, 3, 0, 0, 0
-8, -15, -3, 0, 0, 0, 0, 3, 0, 0, 0
-14, -18, -2, 0, 0, 0, 0, 3, 0, 0, 0
-18, -22, -1, 0, 0, 0, 0, 3, 0, 0, 0
-23, -25, 0, 0, 0, 0, 0, 3, 0, 0, 0
-30, -29, 0, 0, 0, 0, 0, 3, 0, 0, 0
-35, -35, 1, 0, 0, 0, 0, 3, 7840, 128, 2176
-36, -38, 2, 0, 0, 0, 0, 3, 0, 0, 0
-27, -33, 3, 0, 0, 0, 0, 3, 0, 0, 0
-20, -26, 4, 0, 0, 0, 0, 3, 0, 0, 0
-17, -25, 4, 0, 0, 0, 0, 3, 0, 0, 0
-16, -24, 5, 0, 0, 0, 0, 3, 0, 0, 0
-17, -20, 4, 0, 0, 0, 0, 3, 0, 0, 0
-18, -20, 4, 0, 0, 0, 0, 3, 0, 0, 0
-19, -24, 4, 0, 0, 0, 0, 3, 0, 0, 0
-24, -29, 4, 0, 0, 0, 0, 3, 0, 0, 0
-27, -32, 4, 0, 0, 0, 0, 3, 7872, 128, 2144
-25, -31, 5, 0, 0, 0, 0, 3, 0, 0, 0
-24, -29, 5, 0, 0, 0, 0, 3, 0, 0, 0
-22, -29, 5, 0, 0, 0, 0, 3, 0, 0, 0
-22, -29, 5, 0, 0, 0, 0, 3, 0, 0, 0
-21, -27, 5, 0, 0, 0, 0, 3, 0, 0, 0
-18, -24, 5, 0, 0, 0, 0, 3, 0, 0, 0
-16, -22, 5, 0, 0, 0, 0, 3, 0, 0, 0
-16, -23, 6, 0, 0, 0, 0, 3, 0, 0, 0
-19, -22, 6, 0, 0, 0, 0, 3, 0, 0, 0
-24, -22, 7, 0, 0, 0, 0, 3, 0, 0, 0
-23, -24, 7, 0, 0, 0, 0, 3, 7856, 112, 2192
-21, -23, 8, 0, 0, 0, 0, 3, 0, 0, 0
-24, -25, 8, 0, 0, 0, 0, 3, 0, 0, 0
-23, -32, 10, 0, 0, 0, 0, 3, 0, 0, 0
-19, -33, 11, 0, 0, 0, 0, 3, 0, 0, 0
-21, -33, 12, 0, 0, 0, 0, 3, 0, 0, 0
-20, -31, 13, 0, 0, 0, 0, 3, 0, 0, 0
-20, -27, 15, 0, 0, 0, 0, 3, 0, 0, 0
-19, -24, 17, 0, 0, 0, 0, 3, 0, 0, 0
-17, -23, 19, 0, 0, 0, 0, 3, 0, 0, 0
-20, -26, 21, 0, 0, 0, 0, 3, 7856, 80, 2144
-21, -29, 23, 0, 0, 0, 0, 3, 0, 0, 0
-24, -33, 25, 0, 0, 0, 0, 3, 0, 0, 0
-23, -35, 27, 0, 0, 0, 0, 3, 0, 0, 0
-18, -34, 29, 0, 0, 0, 0, 3, 0, 0, 0
-21, -33, 31, 0, 0, 0, 0, 3, 0, 0, 0
-28, -31, 33, 0, 0, 0, 0, 3, 0, 0, 0
-25, -29, 34, 0, 0, 0, 0, 3, 0, 0, 0
-18, -30, 37, 0, 0, 0, 0, 3, 0, 0, 0
-14, -28, 38, 0, 0, 0, 0, 3, 0, 0, 0
-16, -25, 40, 0, 0, 0, 0, 3, 7840, 64, 2144
-20, -26, 41, 0, 0, 0, 0, 3, 0, 0, 0
-24, -31, 42, 0, 0, 0, 0, 3, 0, 0, 0
-18, -26, 43, 0, 0, 0, 0, 3, 0, 0, 0
-18, -20, 43, 0, 0, 0, 0, 3, 0, 0, 0
-17, -20, 44, 0, 0, 0, 0, 3, 0, 0, 0
-11, -25, 45, 0, 0, 0, 0, 3, 0, 0, 0
-3, -27, 46, 0, 0, 0, 0, 3, 0, 0, 0
0, -23, 46, 0, 0, 0, 0, 3, 0, 0, 0
-4, -21, 47, 0, 0, 0, 0, 3, 0, 0, 0
-15, -21, 46, 0, 0, 0, 0, 3, 7840, 64, 0
-23, -28, 47, 0, 0, 0, 0, 3, 0, 0, 2096
-23, -33, 47, 0, 0, 0, 0, 3, 0, 0, 0
-21, -32, 47, 0, 0, 0, 0, 3, 0, 0, 0
-27, -29, 47, 0, 0, 0, 0, 3, 0, 0, 0
-29, -25, 47, 0, 0, 0, 0, 3, 0, 0, 0
-26, -27, 47, 0, 0, 0, 0, 3, 0, 0, 0
-22, -35, 47, 0, 0, 0, 0, 3, 0, 0, 0
-15, -32, 46, 0, 0, 0, 0, 3, 0, 0, 0
-9, -24, 45, 0, 0, 0, 0, 3, 0, 0, 0
-8, -17, 45, 0, 0, 0, 0, 3, 0, 0, 0
-8, -16, 43, 0, 0, 0, 0, 3, 7824, 48, 2192
-19, -22, 44, 0, 0, 0, 0, 3, 0, 0, 0
-29, -28, 43, 0, 0, 0, 0, 3, 0, 0, 0
-25, -31, 44, 0, 0, 0, 0, 3, 0, 0, 0
-15, -31, 43, 0, 0, 0, 0, 3, 0, 0, 0
-10, -27, 44, 0, 0, 0, 0, 3, 0, 0, 0
-8, -25, 43, 0, 0, 0, 0, 3, 0, 0, 0
-11, -26, 43, 0, 0, 0, 0, 3, 0, 0, 0
-15, -28, 42, 0, 0, 0, 0, 3, 0, 0, 0
-10, -25, 42, 0, 0, 0, 0, 3, 0, 0, 0
-8, -21, 41, 0, 0, 0, 0, 3, 7920, 96, 0
-14, -24, 40, 0, 0, 0, 0, 3, 0, 0, 2192
-24, -29, 38, 0, 0, 0, 0, 3, 0, 0, 0
-19, -29, 37, 0, 0, 0, 0, 3, 0, 0, 0
-7, -24, 35, 0, 0, 0, 0, 3, 0, 0, 0
0, -21, 33, 0, 0, 0, 0, 3, 0, 0, 0
0, -20, 30, 0, 0, 0, 0, 3, 0, 0, 0
-11, -28, 28, 0, 0, 0, 0, 3, 0, 0, 0
-28, -40, 27, 0, 0, 0, 0, 3, 0, 0, 0
-27, -34, 25, 0, 0, 0, 0, 3, 0, 0, 0
-12, -17, 25, 0, 0, 0, 0, 3, 7936, 80, 2144
-1, -6, 24, 0, 0, 0, 0, 3, 0, 0, 0
-7, -8, 23, 0, 0, 0, 0, 3, 0, 0, 0
-20, -17, 22, 0, 0, 0, 0, 3, 0, 0, 0
-21, -18, 21, 0, 0, 0, 0, 3, 0, 0, 0
-19, -15, 21, 0, 0, 0, 0, 3, 0, 0, 0
-16, -15, 20, 0, 0, 0, 0, 3, 0, 0, 0
-15, -13, 20, 0, 0, 0, 0, 3, 0, 0, 0
-15, -10, 19, 0, 0, 0, 0, 3, 0, 0, 0
-23, -9, 18, 0, 0, 0, 0, 3, 0, 0, 0
-26, -12, 17, 0, 0, 0, 0, 3, 7888, 80, 0
-17, -13, 18, 0, 0, 0, 0, 3, 0, 0, 2176
-19, -13, 17, 0, 0, 0, 0, 3, 0, 0, 0
-26, -13, 17, 0, 0, 0, 0, 3, 0, 0, 0
-22, -14, 16, 0, 0, 0, 0, 3, 0, 0, 0
-12, -15, 16, 0, 0, 0, 0, 3, 0, 0, 0
-7, -17, 16, 0, 0, 0, 0, 3, 0, 0, 0
-8, -18, 15, 0, 0, 0, 0, 3, 0, 0, 0
-14, -18, 14, 0, 0, 0, 0, 3, 0, 0, 0
-27, -16, 13, 0, 0, 0, 0, 3, 0, 0, 0
-36, -14, 13, 0, 0, 0, 0, 3, 0, 0, 0
-32, -16, 12, 0, 0, 0, 0, 3, 7872, 112, 2128
-25, -20, 12, 0, 0, 0, 0, 3, 0, 0, 0
-17, -21, 12, 0, 0, 0, 0, 3, 0, 0, 0
-16, -22, 13, 0, 0, 0, 0, 3, 0, 0, 0
-21, -23, 13, 0, 0, 0, 0, 3, 0, 0, 0
-23, -18, 14, 0, 0, 0, 0, 3, 0, 0, 0
-23, -16, 14, 0, 0, 0, 0, 3, 0, 0, 0
-29, -21, 14, 0, 0, 0, 0, 3, 0, 0, 0
-32, -23, 14, 0, 0, 0, 0, 3, 0, 0, 0
-29, -22, 14, 0, 0, 0, 0, 3, 0, 0, 0
-26, -25, 13, 0, 0, 0, 0, 3, 7856, 96, 0
-28, -31, 13, 0, 0, 0, 0, 3, 0, 0, 2160
-28, -30, 13, 0, 0, 0, 0, 3, 0, 0, 0
-27, -26, 13, 0, 0, 0, 0, 3, 0, 0, 0
-30, -24, 12, 0, 0, 0, 0, 3, 0, 0, 0
-33, -23, 12, 0, 0, 0, 0, 3, 0, 0, 0
-32, -25, 12, 0, 0, 0, 0, 3, 0, 0, 0
-27, -27, 11, 0, 0, 0, 0, 3, 0, 0, 0
-23, -24, 11, 0, 0, 0, 0, 3, 0, 0, 0
-23, -19, 10, 0, 0, 0, 0, 3, 0, 0, 0
-19, -15, 10, 0, 0, 0, 0, 3, 7856, 128, 2160
-11, -12, 9, 0, 0, 0, 0, 3, 0, 0, 0
-6, -10, 9, 0, 0, 0, 0, 3, 0, 0, 0
-8, -9, 9, 0, 0, 0, 0, 3, 0, 0, 0
-11, -8, 8, 0, 0, 0, 0, 3, 0, 0, 0
-18, -11, 8, 0, 0, 0, 0, 3, 0, 0, 0
-24, -13, 8, 0, 0, 0, 0, 3, 0, 0, 0
-28, -15, 7, 0, 0, 0, 0, 3, 0, 0, 0
-24, -15, 7, 0, 0, 0, 0, 3, 0, 0, 0
-16, -15, 6, 0, 0, 0, 0, 3, 0, 0, 0
-12, -14, 6, 0, 0, 0, 0, 3, 0, 0, 0
-10, -12, 6, 0, 0, 0, 0, 3, 7872, 176, 2256
-16, -10, 5, 0, 0, 0, 0, 3, 0, 0, 0
-21, -11, 5, 0, 0, 0, 0, 3, 0, 0, 0
-21, -12, 4, 0, 0, 0, 0, 3, 0, 0, 0
-14, -10, 4, 0, 0, 0, 0, 3, 0, 0, 0
-4, -6, 3, 0, 0, 0, 0, 3, 0, 0, 0
0, -6, 3, 0, 0, 0, 0, 3, 0, 0, 0
3, -10, 2, 0, 0, 0, 0, 3, 0, 0, 0
2, -12, 2, 0, 0, 0, 0, 3, 0, 0, 0
-4, -10, 2, 0, 0, 0, 0, 3, 0, 0, 0
-12, -9, 1, 0, 0, 0, 0, 3, 7920, 128, 2272
-13, -11, 1, 0, 0, 0, 0, 3, 0, 0, 0
-16, -13, 0, 0, 0, 0, 0, 3, 0, 0, 0
-16, -15, 0, 0, 0, 0, 0, 3, 0, 0, 0
-16, -19, -1, 0, 0, 0, 0, 3, 0, 0, 0
-18, -24, -2, 0, 0, 0, 0, 3, 0, 0, 0
-23, -24, -2, 0, 0, 0, 0, 3, 0, 0, 0
-22, -22, -3, 0, 0, 0, 0, 3, 0, 0, 0
-18, -19, -3, 0, 0, 0, 0, 3, 0, 0, 0
-13, -17, -4, 0, 0, 0, 0, 3, 0, 0, 0
-12, -17, -4, 0, 0, 0, 0, 3, 7888, 112, 2224
-14, -16, -4, 0, 0, 0, 0, 3, 0, 0, 0
-20, -16, -4, 0, 0, 0, 0, 3, 0, 0, 0
-16, -9, -3, 0, 0, 0, 0, 3, 0, 0, 0
-9, -7, -3, 0, 0, 0, 0, 3, 0, 0, 0
-8, -6, -2, 0, 0, 0, 0, 3, 0, 0, 0
-12, -9, -1, 0, 0, 0, 0, 3, 0, 0, 0
-9, -12, 0, 0, 0, 0, 0, 3, 0, 0, 0
-8, -11, 0, 0, 0, 0, 0, 3, 0, 0, 0
-9, -8, 0, 0, 0, 0, 0, 3, 0, 0, 0
-11, -8, 1, 0, 0, 0, 0, 3, 7904, 96, 2192
-9, -8, 1, 0, 0, 0, 0, 3, 0, 0, 0
-6, -8, 2, 0, 0, 0, 0, 3, 0, 0, 0
-5, -7, 1, 0, 0, 0, 0, 3, 0, 0, 0
-8, -7, 1, 0, 0, 0, 0, 3, 0, 0, 0
-11, -7, 2, 0, 0, 0, 0, 3, 0, 0, 0
-14, -6, 2, 0, 0, 0, 0, 3, 0, 0, 0
-16, -5, 2, 0, 0, 0, 0, 3, 0, 0, 0
-14, -7, 2, 0, 0, 0, 0, 3, 0, 0, 0
-10, -9, 3, 0, 0, 0, 0, 3, 0, 0, 0
-5, -13, 3, 0, 0, 0, 0, 3, 0, 0, 0
0, -13, 3, 0, 0, 0, 0, 3, 7856, 96, 2224
8, -4, 3, 0, 0, 0, 0, 3, 0, 0, 0
7, 0, 4, 0, 0, 0, 0, 3, 0, 0, 0
-4, 0, 3, 0, 0, 0, 0, 3, 0, 0, 0
-12, -4, 3, 0, 0, 0, 0, 3, 0, 0, 0
-15, -5, 3, 0, 0, 0, 0, 3, 0, 0, 0
-13, -4, 3, 0, 0, 0, 0, 3, 0, 0, 0
-4, -4, 3, 0, 0, 0, 0, 3, 0, 0, 0
0, -7, 3, 0, 0, 0, 0, 3, 0, 0, 0
1, -11, 2, 0, 0, 0, 0, 3, 0, 0, 0
5, -12, 2, 0, 0, 0, 0, 3, 7888, 80, 2224
6, -10, 2, 0, 0, 0, 0, 3, 0, 0, 0
7, -4, 2, 0, 0, 0, 0, 3, 0, 0, 0
5, 2, 2, 0, 0, 0, 0, 3, 0, 0, 0
0, 2, 2, 0, 0, 0, 0, 3, 0, 0, 0
-2, -1, 2, 0, 0, 0, 0, 3, 0, 0, 0
-1, -1, 2, 0, 0, 0, 0, 3, 0, 0, 0
-1, -1, 2, 0, 0, 0, 0, 3, 0, 0, 0
-1, -2, 1, 0, 0, 0, 0, 3, 0, 0, 0
1, -7, 1, 0, 0, 0, 0, 3, 0, 0, 0
0, -7, 1, 0, 0, 0, 0, 3, 7888, 80, 2208
3, -5, 1, 0, 0, 0, 0, 3, 0, 0, 0
5, -3, 2, 0, 0, 0, 0, 3, 0, 0, 0
0, -3, 3, 0, 0, 0, 0, 3, 0, 0, 0
-5, -6, 5, 0, 0, 0, 0, 3, 0, 0, 0
-4, -6, 6, 0, 0, 0, 0, 3, 0, 0, 0
0, -1, 8, 0, 0, 0, 0, 3, 0, 0, 0
0, 0, 9, 0, 0, 0, 0, 3, 0, 0, 0
0, -2, 12, 0, 0, 0, 0, 3, 0, 0, 0
-4, -7, 13, 0, 0, 0, 0, 3, 0, 0, 0
-7, -9, 16, 0, 0, 0, 0, 3, 7920, 80, 0
-5, -9, 17, 0, 0, 0, 0, 3, 0, 0, 2224
-4, -9, 20, 0, 0, 0, 0, 3, 0, 0, 0
-5, -10, 21, 0, 0, 0, 0, 3, 0, 0, 0
-10, -11, 23, 0, 0, 0, 0, 3, 0, 0, 0
-19, -10, 25, 0, 0, 0, 0, 3, 0, 0, 0
-22, -12, 27, 0, 0, 0, 0, 3, 0, 0, 0
-18, -10, 29, 0, 0, 0, 0, 3, 0, 0, 0
-14, -9, 30, 0, 0, 0, 0, 3, 0, 0, 0
-12, -10, 32, 0, 0, 0, 0, 3, 0, 0, 0
-12, -12, 33, 0, 0, 0, 0, 3, 0, 0, 0
-11, -15, 35, 0, 0, 0, 0, 3, 7856, 112, 2272
-10, -14, 36, 0, 0, 0, 0, 3, 0, 0, 0
-9, -12, 37, 0, 0, 0, 0, 3, 0, 0, 0
-15, -12, 38, 0, 0, 0, 0, 3, 0, 0, 0
-24, -15, 40, 0, 0, 0, 0, 3, 0, 0, 0
-28, -15, 41, 0, 0, 0, 0, 3, 0, 0, 0
-21, -14, 42, 0, 0, 0, 0, 3, 0, 0, 0
-12, -13, 43, 0, 0, 0, 0, 3, 0, 0, 0
-7, -10, 44, 0, 0, 0, 0, 3, 0, 0, 0
-3, -6, 45, 0, 0, 0, 0, 3, 0, 0, 0
0, -4, 45, 0, 0, 0, 0, 3, 0, 0, 0
-1, -7, 46, 0, 0, 0, 0, 3, 7808, 160, 2272
-10, -10, 46, 0, 0, 0, 0, 3, 0, 0, 0
-14, -13, 47, 0, 0, 0, 0, 3, 0, 0, 0
-14, -14, 47, 0, 0, 0, 0, 3, 0, 0, 0
-14, -15, 47, 0, 0, 0, 0, 3, 0, 0, 0
-11, -14, 47, 0, 0, 0, 0, 3, 0, 0, 0
-13, -13, 47, 0, 0, 0, 0, 3, 0, 0, 0
-16, -11, 46, 0, 0, 0, 0, 3, 0, 0, 0
-16, -11, 46, 0, 0, 0, 0, 3, 0, 0, 0
-12, -11, 46, 0, 0, 0, 0, 3, 7856, 96, 2272
-12, -6, 45, 0, 0, 0, 0, 3, 0, 0, 0
-17, -5, 44, 0, 0, 0, 0, 3, 0, 0, 0
-20, -10, 43, 0, 0, 0, 0, 3, 0, 0, 0
-12, -8, 42, 0, 0, 0, 0, 3, 0, 0, 0
-2, -4, 40, 0, 0, 0, 0, 3, 0, 0, 0
0, -6, 39, 0, 0, 0, 0, 3, 0, 0, 0
-5, -6, 37, 0, 0, 0, 0, 3, 0, 0, 0
-13, -5, 37, 0, 0, 0, 0, 3, 0, 0, 0
-15, -6, 37, 0, 0, 0, 0, 3, 0, 0, 0
-14, -10, 36, 0, 0, 0, 0, 3, 0, 0, 0
-18, -14, 35, 0, 0, 0, 0, 3, 7888, 192, 2256
-20, -12, 35, 0, 0, 0, 0, 3, 0, 0, 0
-18, -8, 34, 0, 0, 0, 0, 3, 0, 0, 0
-14, -5, 33, 0, 0, 0, 0, 3, 0, 0, 0
-16, -6, 32, 0, 0, 0, 0, 3, 0, 0, 0
-13, -10, 31, 0, 0, 0, 0, 3, 0, 0, 0
-9, -12, 30, 0, 0, 0, 0, 3, 0, 0, 0
-8, -12, 29, 0, 0, 0, 0, 3, 0, 0, 0
-10, -15, 27, 0, 0, 0, 0, 3, 0, 0, 0
-18, -17, 25, 0, 0, 0, 0, 3, 0, 0, 0
-21, -15, 24, 0, 0, 0, 0, 3, 7840, 144, 2240
-23, -13, 21, 0, 0, 0, 0, 3, 0, 0, 0
-25, -13, 20, 0, 0, 0, 0, 3, 0, 0, 0
-23, -15, 18, 0, 0, 0, 0, 3, 0, 0, 0
-17, -15, 18, 0, 0, 0, 0, 3, 0, 0, 0
-14, -16, 18, 0, 0, 0, 0, 3, 0, 0, 0
-15, -15, 18, 0, 0, 0, 0, 3, 0, 0, 0
-13, -11, 18, 0, 0, 0, 0, 3, 0, 0, 0
-10, -7, 19, 0, 0, 0, 0, 3, 0, 0, 0
-12, -4, 19, 0, 0, 0, 0, 3, 0, 0, 0
-16, -3, 20, 0, 0, 0, 0, 3, 7808, 144, 2256
-21, -6, 20, 0, 0, 0, 0, 3, 0, 0, 0
-21, -10, 20, 0, 0, 0, 0, 3, 0, 0, 0
-16, -12, 20, 0, 0, 0, 0, 3, 0, 0, 0
-13, -11, 20, 0, 0, 0, 0, 3, 0, 0, 0
-8, -8, 20, 0, 0, 0, 0, 3, 0, 0, 0
-8, -10, 20, 0, 0, 0, 0, 3, 0, 0, 0
-10, -15, 21, 0, 0, 0, 0, 3, 0, 0, 0
-11, -15, 20, 0, 0, 0, 0, 3, 0, 0, 0
-11, -15, 21, 0, 0, 0, 0, 3, 0, 0, 0
-13, -13, 20, 0, 0, 0, 0, 3, 7840, 192, 2208
-17, -10, 20, 0, 0, 0, 0, 3, 0, 0, 0
-17, -7, 19, 0, 0, 0, 0, 3, 0, 0, 0
-15, -6, 19, 0, 0, 0, 0, 3, 0, 0, 0
-9, -6, 18, 0, 0, 0, 0, 3, 0, 0, 0
-10, -6, 18, 0, 0, 0, 0, 3, 0, 0, 0
-16, -13, 17, 0, 0, 0, 0, 3, 0, 0, 0
-18, -15, 16, 0, 0, 0, 0, 3, 0, 0, 0
-12, -8, 15, 0, 0, 0, 0, 3, 0, 0, 0
-8, 0, 13, 0, 0, 0, 0, 3, 0, 0, 0
-8, 3, 12, 0, 0, 0, 0, 3, 0, 0, 0
-8, 1, 11, 0, 0, 0, 0, 3, 7792, 176, 2272
-6, 0, 10, 0, 0, 0, 0, 3, 0, 0, 0
-8, -2, 9, 0, 0, 0, 0, 3, 0, 0, 0
-8, -5, 9, 0, 0, 0, 0, 3, 0, 0, 0
-7, -10, 9, 0, 0, 0, 0, 3, 0, 0, 0
-5, -12, 9, 0, 0, 0, 0, 3, 0, 0, 0
-11, -10, 9, 0, 0, 0, 0, 3, 0, 0, 0
-20, -8, 9, 0, 0, 0, 0, 3, 0, 0, 0
-23, -7, 10, 0, 0, 0, 0, 3, 0, 0, 0
-21, -8, 10, 0, 0, 0, 0, 3, 0, 0, 0
-17, -8, 10, 0, 0, 0, 0, 3, 7856, 208, 2288
-6, -2, 10, 0, 0, 0, 0, 3, 0, 0, 0
4, 0, 11, 0, 0, 0, 0, 3, 0, 0, 0
1, -4, 10, 0, 0, 0, 0, 3, 0, 0, 0
0, -5, 10, 0, 0, 0, 0, 3, 0, 0, 0
0, -7, 10, 0, 0, 0, 0, 3, 0, 0, 0
-2, -7, 9, 0, 0, 0, 0, 3, 0, 0, 0
-6, -3, 8, 0, 0, 0, 0, 3, 0, 0, 0
-13, 0, 8, 0, 0, 0, 0, 3, 0, 0, 0
-20, 0, 8, 0, 0, 0, 0, 3, 0, 0, 0
-9, 4, 8, 0, 0, 0, 0, 3, 7872, 208, 2272
4, 8, 7, 0, 0, 0, 0, 3, 0, 0, 0
13, 9, 6, 0, 0, 0, 0, 3, 0, 0, 0
16, 10, 6, 0, 0, 0, 0, 3, 0, 0, 0
11, 11, 4, 0, 0, 0, 0, 3, 0, 0, 0
10, 11, 4, 0, 0, 0, 0, 3, 0, 0, 0
11, 11, 3, 0, 0, 0, 0, 3, 0, 0, 0
5, 12, 2, 0, 0, 0, 0, 3, 0, 0, 0
0, 9, 1, 0, 0, 0, 0, 3, 0, 0, 0
-3, 4, 0, 0, 0, 0, 0, 3, 0, 0, 0
-4, 1, 0, 0, 0, 0, 0, 3, 0, 0, 0
-11, -2, 0, 0, 0, 0, 0, 3, 7840, 208, 2208
-12, -6, -1, 0, 0, 0, 0, 3, 0, 0, 0
-8, -6, -2, 0, 0, 0, 0, 3, 0, 0, 0
-6, -5, -2, 0, 0, 0, 0, 3, 0, 0, 0
-8, -1, -2, 0, 0, 0, 0, 3, 0, 0, 0
-8, 0, -1, 0, 0, 0, 0, 3, 0, 0, 0
-9, 0, -1, 0, 0, 0, 0, 3, 0, 0, 0
-8, 1, 0, 0, 0, 0, 0, 3, 0, 0, 0
-7, 4, 0, 0, 0, 0, 0, 3, 0, 0, 0
-6, 4, 1, 0, 0, 0, 0, 3, 0, 0, 0
-6, 4, 2, 0, 0, 0, 0, 3, 7856, 224, 2240
-3, 2, 2, 0, 0, 0, 0, 3, 0, 0, 0
-1, 0, 2, 0, 0, 0, 0, 3, 0, 0, 0
-2, 0, 3, 0, 0, 0, 0, 3, 0, 0, 0
-3, 3, 3, 0, 0, 0, 0, 3, 0, 0, 0
-5, 0, 4, 0, 0, 0, 0, 3, 0, 0, 0
-4, 1, 4, 0, 0, 0, 0, 3, 0, 0, 0
-2, 6, 4, 0, 0, 0, 0, 3, 0, 0, 0
0, 11, 4, 0, 0, 0, 0, 3, 0, 0, 0
0, 12, 5, 0, 0, 0, 0, 3, 0, 0, 0
1, 8, 5, 0, 0, 0, 0, 3, 0, 0, 0
0, 4, 4, 0, 0, 0, 0, 3, 7792, 224, 2240
0, 5, 5, 0, 0, 0, 0, 3, 0, 0, 0
5, 8, 4, 0, 0, 0, 0, 3, 0, 0, 0
8, 12, 5, 0, 0, 0, 0, 3, 0, 0, 0
12, 18, 4, 0, 0, 0, 0, 3, 0, 0, 0
16, 24, 4, 0, 0, 0, 0, 3, 0, 0, 0
17, 24, 4, 0, 0, 0, 0, 3, 0, 0, 0
14, 20, 4, 0, 0, 0, 0, 3, 0, 0, 0
11, 17, 3, 0, 0, 0, 0, 3, 0, 0, 0
8, 16, 3, 0, 0, 0, 0, 3, 7776, 256, 2192
4, 15, 2, 0, 0, 0, 0, 3, 0, 0, 0
0, 10, 1, 0, 0, 0, 0, 3, 0, 0, 0
-8, 8, 1, 0, 0, 0, 0, 3, 0, 0, 0
-6, 11, 0, 0, 0, 0, 0, 3, 0, 0, 0
3, 16, 0, 0, 0, 0, 0, 3, 0, 0, 0
9, 14, 0, 0, 0, 0, 0, 3, 0, 0, 0
12, 12, 1, 0, 0, 0, 0, 3, 0, 0, 0
12, 12, 0, 0, 0, 0, 0, 3, 0, 0, 0
6, 13, 1, 0, 0, 0, 0, 3, 0, 0, 0
4, 16, 1, 0, 0, 0, 0, 3, 7824, 208, 0
4, 16, 1, 0, 0, 0, 0, 3, 0, 0, 2240
4, 13, 2, 0, 0, 0, 0, 3, 0, 0, 0
0, 12, 2, 0, 0, 0, 0, 3, 0, 0, 0
-2, 11, 2, 0, 0, 0, 0, 3, 0, 0, 0
-7, 8, 2, 0, 0, 0, 0, 3, 0, 0, 0
-11, 7, 3, 0, 0, 0, 0, 3, 0, 0, 0
-4, 11, 3, 0, 0, 0, 0, 3, 0, 0, 0
10, 16, 3, 0, 0, 0, 0, 3, 0, 0, 0
18, 17, 3, 0, 0, 0, 0, 3, 0, 0, 0
16, 12, 4, 0, 0, 0, 0, 3, 0, 0, 0
9, 10, 4, 0, 0, 0, 0, 3, 7840, 176, 2256
0, 11, 5, 0, 0, 0, 0, 3, 0, 0, 0
-2, 10, 6, 0, 0, 0, 0, 3, 0, 0, 0
4, 8, 7, 0, 0, 0, 0, 3, 0, 0, 0
9, 8, 8, 0, 0, 0, 0, 3, 0, 0, 0
8, 12, 10, 0, 0, 0, 0, 3, 0, 0, 0
2, 10, 12, 0, 0, 0, 0, 3, 0, 0, 0
3, 6, 12, 0, 0, 0, 0, 3, 0, 0, 0
6, 4, 14, 0, 0, 0, 0, 3, 0, 0, 0
5, 8, 15, 0, 0, 0, 0, 3, 0, 0, 0
3, 14, 17, 0, 0, 0, 0, 3, 7888, 176, 0
-2, 17, 18, 0, 0, 0, 0, 3, 0, 0, 2256
-3, 15, 20, 0, 0, 0, 0, 3, 0, 0, 0
2, 12, 21, 0, 0, 0, 0, 3, 0, 0, 0
4, 9, 23, 0, 0, 0, 0, 3, 0, 0, 0
1, 12, 25, 0, 0, 0, 0, 3, 0, 0, 0
0, 19, 27, 0, 0, 0, 0, 3, 0, 0, 0
3, 19, 29, 0, 0, 0, 0, 3, 0, 0, 0
5, 18, 32, 0, 0, 0, 0, 3, 0, 0, 0
1, 14, 34, 0, 0, 0, 0, 3, 0, 0, 0
0, 12, 36, 0, 0, 0, 0, 3, 7904, 176, 2208
-4, 9, 37, 0, 0, 0, 0, 3, 0, 0, 0
-7, 8, 39, 0, 0, 0, 0, 3, 0, 0, 0
0, 13, 41, 0, 0, 0, 0, 3, 0, 0, 0
6, 17, 42, 0, 0, 0, 0, 3, 0, 0, 0
8, 20, 43, 0, 0, 0, 0, 3, 0, 0, 0
9, 21, 43, 0, 0, 0, 0, 3, 0, 0, 0
7, 18, 44, 0, 0, 0, 0, 3, 0, 0, 0
0, 12, 45, 0, 0, 0, 0, 3, 0, 0, 0
-9, 8, 46, 0, 0, 0, 0, 3, 0, 0, 0
-12, 4, 46, 0, 0, 0, 0, 3, 7856, 176, 2208
-5, 7, 46, 0, 0, 0, 0, 3, 0, 0, 0
0, 8, 46, 0, 0, 0, 0, 3, 0, 0, 0
-1, 4, 46, 0, 0, 0, 0, 3, 0, 0, 0
-4, 2, 45, 0, 0, 0, 0, 3, 0, 0, 0
-4, 9, 45, 0, 0, 0, 0, 3, 0, 0, 0
-2, 16, 45, 0, 0, 0, 0, 3, 0, 0, 0
-3, 16, 45, 0, 0, 0, 0, 3, 0, 0, 0
-1, 8, 44, 0, 0, 0, 0, 3, 0, 0, 0
-1, 3, 43, 0, 0, 0, 0, 3, 0, 0, 0
0, 6, 43, 0, 0, 0, 0, 3, 0, 0, 0
2, 8, 42, 0, 0, 0, 0, 3, 7872, 128, 2288
-2, 8, 41, 0, 0, 0, 0, 3, 0, 0, 0
-10, 8, 38, 0, 0, 0, 0, 3, 0, 0, 0
-13, 9, 37, 0, 0, 0, 0, 3, 0, 0, 0
-4, 13, 35, 0, 0, 0, 0, 3, 0, 0, 0
4, 13, 33, 0, 0, 0, 0, 3, 0, 0, 0
6, 10, 31, 0, 0, 0, 0, 3, 0, 0, 0
5, 8, 30, 0, 0, 0, 0, 3, 0, 0, 0
8, 8, 29, 0, 0, 0, 0, 3, 0, 0, 0
6, 8, 28, 0, 0, 0, 0, 3, 0, 0, 0
1, 6, 28, 0, 0, 0, 0, 3, 7872, 80, 2224
0, 8, 28, 0, 0, 0, 0, 3, 0, 0, 0
-2, 9, 27, 0, 0, 0, 0, 3, 0, 0, 0
-5, 7, 26, 0, 0, 0, 0, 3, 0, 0, 0
-8, 5, 26, 0, 0, 0, 0, 3, 0, 0, 0
-5, 8, 25, 0, 0, 0, 0, 3, 0, 0, 0
-3, 8, 24, 0, 0, 0, 0, 3, 0, 0, 0
-2, 9, 23, 0, 0, 0, 0, 3, 0, 0, 0
0, 8, 23, 0, 0, 0, 0, 3, 0, 0, 0
-4, 3, 21, 0, 0, 0, 0, 3, 0, 0, 0
-10, 8, 20, 0, 0, 0, 0, 3, 7888, 80, 2176
-8, 15, 19, 0, 0, 0, 0, 3, 0, 0, 0
0, 19, 18, 0, 0, 0, 0, 3, 0, 0, 0
5, 20, 16, 0, 0, 0, 0, 3, 0, 0, 0
12, 18, 15, 0, 0, 0, 0, 3, 0, 0, 0
16, 17, 14, 0, 0, 0, 0, 3, 0, 0, 0
13, 17, 12, 0, 0, 0, 0, 3, 0, 0, 0
9, 15, 12, 0, 0, 0, 0, 3, 0, 0, 0
4, 13, 11, 0, 0, 0, 0, 3, 0, 0, 0
-5, 11, 11, 0, 0, 0, 0, 3, 0, 0, 0
-8, 10, 11, 0, 0, 0, 0, 3, 0, 0, 0
-6, 13, 12, 0, 0, 0, 0, 3, 7856, 96, 2176
0, 16, 12, 0, 0, 0, 0, 3, 0, 0, 0
1, 17, 12, 0, 0, 0, 0, 3, 0, 0, 0
2, 11, 12, 0, 0, 0, 0, 3, 0, 0, 0
4, 10, 13, 0, 0, 0, 0, 3, 0, 0, 0
6, 12, 13, 0, 0, 0, 0, 3, 0, 0, 0
6, 14, 15, 0, 0, 0, 0, 3, 0, 0, 0
3, 12, 15, 0, 0, 0, 0, 3, 0, 0, 0
0, 11, 15, 0, 0, 0, 0, 3, 0, 0, 0
-5, 10, 16, 0, 0, 0, 0, 3, 0, 0, 0
-6, 8, 16, 0, 0, 0, 0, 3, 7888, 96, 2240
-3, 5, 15, 0, 0, 0, 0, 3, 0, 0, 0
0, 6, 15, 0, 0, 0, 0, 3, 0, 0, 0
0, 6, 15, 0, 0, 0, 0, 3, 0, 0, 0
0, 7, 14, 0, 0, 0, 0, 3, 0, 0, 0
4, 13, 14, 0, 0, 0, 0, 3, 0, 0, 0
8, 20, 14, 0, 0, 0, 0, 3, 0, 0, 0
7, 19, 13, 0, 0, 0, 0, 3, 0, 0, 0
4, 15, 13, 0, 0, 0, 0, 3, 0, 0, 0
-1, 14, 13, 0, 0, 0, 0, 3, 0, 0, 0
-8, 10, 13, 0, 0, 0, 0, 3, 7888, 80, 2192
-6, 7, 13, 0, 0, 0, 0, 3, 0, 0, 0
-2, 7, 12, 0, 0, 0, 0, 3, 0, 0, 0
2, 9, 12, 0, 0, 0, 0, 3, 0, 0, 0
4, 12, 12, 0, 0, 0, 0, 3, 0, 0, 0
3, 11, 12, 0, 0, 0, 0, 3, 0, 0, 0
-3, 5, 12, 0, 0, 0, 0, 3, 0, 0, 0
-15, -1, 11, 0, 0, 0, 0, 3, 0, 0, 0
-29, -9, 11, 0, 0, 0, 0, 3, 0, 0, 0
-28, -8, 10, 0, 0, 0, 0, 3, 0, 0, 0
-9, 2, 9, 0, 0, 0, 0, 3, 7808, 160, 0
3, 8, 8, 0, 0, 0, 0, 3, 0, 0, 2240
7, 5, 7, 0, 0, 0, 0, 3, 0, 0, 0
10, 0, 6, 0, 0, 0, 0, 3, 0, 0, 0
13, 0, 5, 0, 0, 0, 0, 3, 0, 0, 0
16, 3, 5, 0, 0, 0, 0, 3, 0, 0, 0
13, 5, 4, 0, 0, 0, 0, 3, 0, 0, 0
12, 5, 4, 0, 0, 0, 0, 3, 0, 0, 0
12, 4, 3, 0, 0, 0, 0, 3, 0, 0, 0
14, 6, 3, 0, 0, 0, 0, 3, 0, 0, 0
15, 9, 2, 0, 0, 0, 0, 3, 0, 0, 0
16, 9, 2, 0, 0, 0, 0, 3, 7840, 128, 2320
15, 8, 1, 0, 0, 0, 0, 3, 0, 0, 0
10, 6, 1, 0, 0, 0, 0, 3, 0, 0, 0
6, 4, 0, 0, 0, 0, 0, 3, 0, 0, 0
9, 0, 0, 0, 0, 0, 0, 3, 0, 0, 0
11, -3, 0, 0, 0, 0, 0, 3, 0, 0, 0
8, -2, 1, 0, 0, 0, 0, 3, 0, 0, 0
6, -1, 1, 0, 0, 0, 0, 3, 0, 0, 0
3, 0, 2, 0, 0, 0, 0, 3, 0, 0, 0
1, -2, 3, 0, 0, 0, 0, 3, 0, 0, 0
7, -4, 4, 0, 0, 0, 0, 3, 7856, 112, 0
8, -4, 4, 0, 0, 0, 0, 3, 0, 0, 2304
5, -5, 4, 0, 0, 0, 0, 3, 0, 0, 0
0, -8, 5, 0, 0, 0, 0, 3, 0, 0, 0
-5, -9, 6, 0, 0, 0, 0, 3, 0, 0, 0
-6, -11, 7, 0, 0, 0, 0, 3, 0, 0, 0
-2, -11, 7, 0, 0, 0, 0, 3, 0, 0, 0
0, -14, 8, 0, 0, 0, 0, 3, 0, 0, 0
0, -14, 8, 0, 0, 0, 0, 3, 0, 0, 0
-3, -15, 8, 0, 0, 0, 0, 3, 0, 0, 0
-5, -16, 8, 0, 0, 0, 0, 3, 7872, 96, 2288
-7, -18, 8, 0, 0, 0, 0, 3, 0, 0, 0
-14, -20, 8, 0, 0, 0, 0, 3, 0, 0, 0
-20, -23, 8, 0, 0, 0, 0, 3, 0, 0, 0
-24, -28, 8, 0, 0, 0, 0, 3, 0, 0, 0
-22, -27, 8, 0, 0, 0, 0, 3, 0, 0, 0
-20, -26, 8, 0, 0, 0, 0, 3, 0, 0, 0
-16, -25, 8, 0, 0, 0, 0, 3, 0, 0, 0
-11, -27, 8, 0, 0, 0, 0, 3, 0, 0, 0
-7, -25, 7, 0, 0, 0, 0, 3, 0, 0, 0
-3, -21, 7, 0, 0, 0, 0, 3, 7904, 96, 2304
-2, -20, 6, 0, 0, 0, 0, 3, 0, 0, 0
-12, -20, 5, 0, 0, 0, 0, 3, 0, 0, 0
-20, -20, 5, 0, 0, 0, 0, 3, 0, 0, 0
-13, -17, 4, 0, 0, 0, 0, 3, 0, 0, 0
-2, -16, 4, 0, 0, 0, 0, 3, 0, 0, 0
4, -18, 3, 0, 0, 0, 0, 3, 0, 0, 0
2, -20, 2, 0, 0, 0, 0, 3, 0, 0, 0
-5, -21, 2, 0, 0, 0, 0, 3, 0, 0, 0
-8, -20, 2, 0, 0, 0, 0, 3, 0, 0, 0
-8, -20, 1, 0, 0, 0, 0, 3, 0, 0, 0
-9, -22, 2, 0, 0, 0, 0, 3, 7904, 128, 2240
-9, -21, 1, 0, 0, 0, 0, 3, 0, 0, 0
-11, -21, 2, 0, 0, 0, 0, 3, 0, 0, 0
-13, -20, 2, 0, 0, 0, 0, 3, 0, 0, 0
-12, -19, 2, 0, 0, 0, 0, 3, 0, 0, 0
-8, -20, 2, 0, 0, 0, 0, 3, 0, 0, 0
-5, -21, 3, 0, 0, 0, 0, 3, 0, 0, 0
-6, -20, 3, 0, 0, 0, 0, 3, 0, 0, 0
-8, -21, 3, 0, 0, 0, 0, 3, 0, 0, 0
-8, -24, 4, 0, 0, 0, 0, 3, 0, 0, 0
-6, -23, 4, 0, 0, 0, 0, 3, 7856, 112, 0
-7, -22, 4, 0, 0, 0, 0, 3, 0, 0, 2240
-9, -22, 4, 0, 0, 0, 0, 3, 0, 0, 0
-14, -25, 5, 0, 0, 0, 0, 3, 0, 0, 0
-16, -24, 5, 0, 0, 0, 0, 3, 0, 0, 0
-17, -24, 7, 0, 0, 0, 0, 3, 0, 0, 0
-20, -24, 7, 0, 0, 0, 0, 3, 0, 0, 0
-17, -23, 9, 0, 0, 0, 0, 3, 0, 0, 0
-9, -22, 10, 0, 0, 0, 0, 3, 0, 0, 0
-2, -22, 11, 0, 0, 0, 0, 3, 0, 0, 0
-2, -20, 12, 0, 0, 0, 0, 3, 7888, 96, 2224
-8, -19, 14, 0, 0, 0, 0, 3, 0, 0, 0
-14, -21, 16, 0, 0, 0, 0, 3, 0, 0, 0
-14, -21, 17, 0, 0, 0, 0, 3, 0, 0, 0
-12, -19, 18, 0, 0, 0, 0, 3, 0, 0, 0
-12, -20, 19, 0, 0, 0, 0, 3, 0, 0, 0
-12, -21, 21, 0, 0, 0, 0, 3, 0, 0, 0
-10, -22, 22, 0, 0, 0, 0, 3, 0, 0, 0
-10, -19, 23, 0, 0, 0, 0, 3, 0, 0, 0
-9, -16, 24, 0, 0, 0, 0, 3, 0, 0, 0
-6, -16, 26, 0, 0, 0, 0, 3, 7872, 112, 0
-6, -20, 28, 0, 0, 0, 0, 3, 0, 0, 2224
-15, -28, 30, 0, 0, 0, 0, 3, 0, 0, 0
-21, -35, 33, 0, 0, 0, 0, 3, 0, 0, 0
-21, -33, 35, 0, 0, 0, 0, 3, 0, 0, 0
-17, -24, 37, 0, 0, 0, 0, 3, 0, 0, 0
-14, -17, 39, 0, 0, 0, 0, 3, 0, 0, 0
-13, -13, 42, 0, 0, 0, 0, 3, 0, 0, 0
-14, -14, 43, 0, 0, 0, 0, 3, 0, 0, 0
-16, -14, 44, 0, 0, 0, 0, 3, 0, 0, 0
-18, -17, 45, 0, 0, 0, 0, 3, 0, 0, 0
-16, -17, 45, 0, 0, 0, 0, 3, 7808, 144, 2192
-17, -16, 45, 0, 0, 0, 0, 3, 0, 0, 0
-22, -18, 45, 0, 0, 0, 0, 3, 0, 0, 0
-19, -19, 45, 0, 0, 0, 0, 3, 0, 0, 0
-12, -19, 45, 0, 0, 0, 0, 3, 0, 0, 0
-10, -26, 46, 0, 0, 0, 0, 3, 0, 0, 0
-13, -31, 46, 0, 0, 0, 0, 3, 0, 0, 0
-19, -26, 47, 0, 0, 0, 0, 3, 0, 0, 0
-23, -21, 48, 0, 0, 0, 0, 3, 0, 0, 0
-24, -18, 49, 0, 0, 0, 0, 3, 0, 0, 0
-23, -18, 49, 0, 0, 0, 0, 3, 7872, 144, 0
-20, -17, 50, 0, 0, 0, 0, 3, 0, 0, 2192
-16, -16, 50, 0, 0, 0, 0, 3, 0, 0, 0
-9, -15, 50, 0, 0, 0, 0, 3, 0, 0, 0
-7, -16, 50, 0, 0, 0, 0, 3, 0, 0, 0
-8, -19, 51, 0, 0, 0, 0, 3, 0, 0, 0
-9, -18, 50, 0, 0, 0, 0, 3, 0, 0, 0
-11, -16, 50, 0, 0, 0, 0, 3, 0, 0, 0
-18, -18, 49, 0, 0, 0, 0, 3, 0, 0, 0
-27, -19, 49, 0, 0, 0, 0, 3, 0, 0, 0
-27, -19, 47, 0, 0, 0, 0, 3, 7856, 96, 2176
-18, -16, 46, 0, 0, 0, 0, 3, 0, 0, 0
-9, -15, 46, 0, 0, 0, 0, 3, 0, 0, 0
-9, -17, 44, 0, 0, 0, 0, 3, 0, 0, 0
-12, -21, 43, 0, 0, 0, 0, 3, 0, 0, 0
-12, -20, 41, 0, 0, 0, 0, 3, 0, 0, 0
-16, -21, 40, 0, 0, 0, 0, 3, 0, 0, 0
-20, -26, 37, 0, 0, 0, 0, 3, 0, 0, 0
-19, -26, 36, 0, 0, 0, 0, 3, 0, 0, 0
-16, -19, 34, 0, 0, 0, 0, 3, 0, 0, 0
-17, -15, 33, 0, 0, 0, 0, 3, 0, 0, 0
-21, -19, 31, 0, 0, 0, 0, 3, 0, 0, 0
-23, -21, 30, 0, 0, 0, 0, 3, 7872, 112, 2208
-21, -18, 28, 0, 0, 0, 0, 3, 0, 0, 0
-17, -15, 27, 0, 0, 0, 0, 3, 0, 0, 0
-15, -18, 26, 0, 0, 0, 0, 3, 0, 0, 0
-18, -21, 25, 0, 0, 0, 0, 3, 0, 0, 0
-17, -21, 25, 0, 0, 0, 0, 3, 0, 0, 0
-12, -19, 23, 0, 0, 0, 0, 3, 0, 0, 0
-11, -16, 23, 0, 0, 0, 0, 3, 0, 0, 0
-11, -14, 21, 0, 0, 0, 0, 3, 0, 0, 0
-11, -13, 21, 0, 0, 0, 0, 3, 7872, 144, 2240
-8, -9, 21, 0, 0, 0, 0, 3, 0, 0, 0
-2, -5, 21, 0, 0, 0, 0, 3, 0, 0, 0
-5, -4, 20, 0, 0, 0, 0, 3, 0, 0, 0
-7, -6, 20, 0, 0, 0, 0, 3, 0, 0, 0
-3, -5, 19, 0, 0, 0, 0, 3, 0, 0, 0
0, -4, 19, 0, 0, 0, 0, 3, 0, 0, 0
-1, -6, 19, 0, 0, 0, 0, 3, 0, 0, 0
-5, -10, 19, 0, 0, 0, 0, 3, 0, 0, 0
-4, -15, 19, 0, 0, 0, 0, 3, 0, 0, 0
2, -10, 19, 0, 0, 0, 0, 3, 7872, 128, 2256
0, -4, 18, 0, 0, 0, 0, 3, 0, 0, 0
-5, -2, 17, 0, 0, 0, 0, 3, 0, 0, 0
-4, 0, 16, 0, 0, 0, 0, 3, 0, 0, 0
0, -3, 16, 0, 0, 0, 0, 3, 0, 0, 0
-3, -7, 15, 0, 0, 0, 0, 3, 0, 0, 0
-7, -8, 13, 0, 0, 0, 0, 3, 0, 0, 0
-8, -8, 12, 0, 0, 0, 0, 3, 0, 0, 0
-7, -8, 12, 0, 0, 0, 0, 3, 0, 0, 0
0, -5, 12, 0, 0, 0, 0, 3, 0, 0, 0
3, -8, 12, 0, 0, 0, 0, 3, 7840, 112, 2208
2, -12, 12, 0, 0, 0, 0, 3, 0, 0, 0
-3, -12, 12, 0, 0, 0, 0, 3, 0, 0, 0
-5, -8, 12, 0, 0, 0, 0, 3, 0, 0, 0
-3, -7, 12, 0, 0, 0, 0, 3, 0, 0, 0
-2, -4, 12, 0, 0, 0, 0, 3, 0, 0, 0
-7, -4, 12, 0, 0, 0, 0, 3, 0, 0, 0
-10, -5, 12, 0, 0, 0, 0, 3, 0, 0, 0
-6, -4, 12, 0, 0, 0, 0, 3, 0, 0, 0
-4, -4, 11, 0, 0, 0, 0, 3, 0, 0, 0
-8, -7, 11, 0, 0, 0, 0, 3, 0, 0, 0
-10, -9, 11, 0, 0, 0, 0, 3, 7856, 176, 2208
-12, -8, 11, 0, 0, 0, 0, 3, 0, 0, 0
-9, -7, 11, 0, 0, 0, 0, 3, 0, 0, 0
-5, -7, 10, 0, 0, 0, 0, 3, 0, 0, 0
0, -5, 10, 0, 0, 0, 0, 3, 0, 0, 0
5, -4, 9, 0, 0, 0, 0, 3, 0, 0, 0
5, -3, 8, 0, 0, 0, 0, 3, 0, 0, 0
3, -1, 7, 0, 0, 0, 0, 3, 0, 0, 0
-1, 0, 6, 0, 0, 0, 0, 3, 0, 0, 0
-4, -1, 4, 0, 0, 0, 0, 3, 0, 0, 0
-6, -2, 4, 0, 0, 0, 0, 3, 7856, 176, 2208
-8, -5, 3, 0, 0, 0, 0, 3, 0, 0, 0
-11, -7, 2, 0, 0, 0, 0, 3, 0, 0, 0
-9, -5, 1, 0, 0, 0, 0, 3, 0, 0, 0
-8, -5, 0, 0, 0, 0, 0, 3, 0, 0, 0
-7, -4, 0, 0, 0, 0, 0, 3, 0, 0, 0
-4, -3, 0, 0, 0, 0, 0, 3, 0, 0, 0
-1, -1, 0, 0, 0, 0, 0, 3, 0, 0, 0
3, 1, 0, 0, 0, 0, 0, 3, 0, 0, 0
8, 3, 0, 0, 0, 0, 0, 3, 0, 0, 0
11, 6, 0, 0, 0, 0, 0, 3, 7856, 144, 2192
8, 7, 0, 0, 0, 0, 0, 3, 0, 0, 0
1, 5, 0, 0, 0, 0, 0, 3, 0, 0, 0
-12, -1, 1, 0, 0, 0, 0, 3, 0, 0, 0
-18, -7, 1, 0, 0, 0, 0, 3, 0, 0, 0
-13, -10, 2, 0, 0, 0, 0, 3, 0, 0, 0
-6, -14, 2, 0, 0, 0, 0, 3, 0, 0, 0
-3, -12, 3, 0, 0, 0, 0, 3, 0, 0, 0
-4, -11, 3, 0, 0, 0, 0, 3, 0, 0, 0
-9, -15, 3, 0, 0, 0, 0, 3, 0, 0, 0
-11, -13, 4, 0, 0, 0, 0, 3, 0, 0, 0
-11, -6, 4, 0, 0, 0, 0, 3, 7872, 144, 2208
-13, 0, 4, 0, 0, 0, 0, 3, 0, 0, 0
-16, 0, 4, 0, 0, 0, 0, 3, 0, 0, 0
-20, -1, 4, 0, 0, 0, 0, 3, 0, 0, 0
-15, -2, 4, 0, 0, 0, 0, 3, 0, 0, 0
-5, 0, 4, 0, 0, 0, 0, 3, 0, 0, 0
-1, -1, 4, 0, 0, 0, 0, 3, 0, 0, 0
-2, -7, 4, 0, 0, 0, 0, 3, 0, 0, 0
-4, -9, 4, 0, 0, 0, 0, 3, 0, 0, 0
-5, -7, 4, 0, 0, 0, 0, 3, 0, 0, 0
-8, -6, 3, 0, 0, 0, 0, 3, 7856, 144, 2176
-14, -8, 3, 0, 0, 0, 0, 3, 0, 0, 0
-13, -7, 3, 0, 0, 0, 0, 3, 0, 0, 0
-11, -6, 3, 0, 0, 0, 0, 3, 0, 0, 0
-12, -7, 3, 0, 0, 0, 0, 3, 0, 0, 0
-16, -9, 2, 0, 0, 0, 0, 3, 0, 0, 0
-20, -10, 2, 0, 0, 0, 0, 3, 0, 0, 0
-20, -9, 2, 0, 0, 0, 0, 3, 0, 0, 0
-16, -9, 1, 0, 0, 0, 0, 3, 0, 0, 0
-18, -11, 1, 0, 0, 0, 0, 3, 0, 0, 0
-18, -10, 0, 0, 0, 0, 0, 3, 7856, 128, 0
-12, -6, 0, 0, 0, 0, 0, 3, 0, 0, 2160
-6, -2, 0, 0, 0, 0, 0, 3, 0, 0, 0
-8, -4, 0, 0, 0, 0, 0, 3, 0, 0, 0
-12, -5, 0, 0, 0, 0, 0, 3, 0, 0, 0
-11, -7, 0, 0, 0, 0, 0, 3, 0, 0, 0
-11, -8, 0, 0, 0, 0, 0, 3, 0, 0, 0
-11, -6, 0, 0, 0, 0, 0, 3, 0, 0, 0
-8, -4, 0, 0, 0, 0, 0, 3, 0, 0, 0
-8, -3, 0, 0, 0, 0, 0, 3, 0, 0, 0
-9, -3, 0, 0, 0, 0, 0, 3, 7872, 96, 2224
-12, 0, 1, 0, 0, 0, 0, 3, 0, 0, 0
-11, 1, 1, 0, 0, 0, 0, 3, 0, 0, 0
-5, 3, 1, 0, 0, 0, 0, 3, 0, 0, 0
-1, 4, 2, 0, 0, 0, 0, 3, 0, 0, 0
1, 4, 2, 0, 0, 0, 0, 3, 0, 0, 0
0, 4, 2, 0, 0, 0, 0, 3, 0, 0, 0
-5, 2, 3, 0, 0, 0, 0, 3, 0, 0, 0
-8, 1, 3, 0, 0, 0, 0, 3, 0, 0, 0
-8, 4, 4, 0, 0, 0, 0, 3, 0, 0, 0
-5, 4, 5, 0, 0, 0, 0, 3, 0, 0, 0
-5, 0, 6, 0, 0, 0, 0, 3, 7888, 112, 2192
-7, -1, 7, 0, 0, 0, 0, 3, 0, 0, 0
-8, 1, 8, 0, 0, 0, 0, 3, 0, 0, 0
-10, 7, 8, 0, 0, 0, 0, 3, 0, 0, 0
-11, 8, 10, 0, 0, 0, 0, 3, 0, 0, 0
-8, 5, 11, 0, 0, 0, 0, 3, 0, 0, 0
-4, 3, 12, 0, 0, 0, 0, 3, 0, 0, 0
-7, 4, 13, 0, 0, 0, 0, 3, 0, 0, 0
-6, 4, 15, 0, 0, 0, 0, 3, 0, 0, 0
-4, 2, 16, 0, 0, 0, 0, 3, 0, 0, 0
-12, -2, 18, 0, 0, 0, 0, 3, 7904, 112, 2192
-17, -4, 20, 0, 0, 0, 0, 3, 0, 0, 0
-12, 0, 21, 0, 0, 0, 0, 3, 0, 0, 0
-1, 6, 23, 0, 0, 0, 0, 3, 0, 0, 0
3, 9, 25, 0, 0, 0, 0, 3, 0, 0, 0
-3, 4, 26, 0, 0, 0, 0, 3, 0, 0, 0
-9, 0, 28, 0, 0, 0, 0, 3, 0, 0, 0
-9, 0, 30, 0, 0, 0, 0, 3, 0, 0, 0
-8, -1, 31, 0, 0, 0, 0, 3, 0, 0, 0
-7, -3, 33, 0, 0, 0, 0, 3, 0, 0, 0
-11, -8, 35, 0, 0, 0, 0, 3, 7872, 112, 2128
-18, -11, 36, 0, 0, 0, 0, 3, 0, 0, 0
-18, -8, 38, 0, 0, 0, 0, 3, 0, 0, 0
-14, -3, 40, 0, 0, 0, 0, 3, 0, 0, 0
-12, 0, 42, 0, 0, 0, 0, 3, 0, 0, 0
-10, 1, 42, 0, 0, 0, 0, 3, 0, 0, 0
-9, 2, 44, 0, 0, 0, 0, 3, 0, 0, 0
-8, 1, 44, 0, 0, 0, 0, 3, 0, 0, 0
-10, 0, 45, 0, 0, 0, 0, 3, 0, 0, 0
-13, -1, 46, 0, 0, 0, 0, 3, 0, 0, 0
-14, 0, 46, 0, 0, 0, 0, 3, 7872, 128, 2192
-12, 0, 47, 0, 0, 0, 0, 3, 0, 0, 0
-12, 0, 47, 0, 0, 0, 0, 3, 0, 0, 0
-10, 0, 48, 0, 0, 0, 0, 3, 0, 0, 0
-5, 0, 47, 0, 0, 0, 0, 3, 0, 0, 0
-5, -1, 47, 0, 0, 0, 0, 3, 0, 0, 0
-3, 0, 46, 0, 0, 0, 0, 3, 0, 0, 0
-3, 0, 46, 0, 0, 0, 0, 3, 0, 0, 0
-5, 0, 45, 0, 0, 0, 0, 3, 0, 0, 0
-8, -1, 45, 0, 0, 0, 0, 3, 0, 0, 0
-9, -4, 44, 0, 0, 0, 0, 3, 0, 0, 0
-8, -4, 45, 0, 0, 0, 0, 3, 7856, 96, 2224
-8, -4, 45, 0, 0, 0, 0, 3, 0, 0, 0
-12, -4, 45, 0, 0, 0, 0, 3, 0, 0, 0
-15, -5, 46, 0, 0, 0, 0, 3, 0, 0, 0
-19, -8, 46, 0, 0, 0, 0, 3, 0, 0, 0
-20, -8, 47, 0, 0, 0, 0, 3, 0, 0, 0
-14, -6, 47, 0, 0, 0, 0, 3, 0, 0, 0
-10, -8, 47, 0, 0, 0, 0, 3, 0, 0, 0
-8, -6, 47, 0, 0, 0, 0, 3, 0, 0, 0
-9, -4, 47, 0, 0, 0, 0, 3, 0, 0, 0
-8, 0, 46, 0, 0, 0, 0, 3, 7904, 80, 2256
-6, 0, 46, 0, 0, 0, 0, 3, 0, 0, 0
-2, 0, 45, 0, 0, 0, 0, 3, 0, 0, 0
1, 1, 44, 0, 0, 0, 0, 3, 0, 0, 0
1, 1, 42, 0, 0, 0, 0, 3, 0, 0, 0
-4, 0, 41, 0, 0, 0, 0, 3, 0, 0, 0
-8, -1, 39, 0, 0, 0, 0, 3, 0, 0, 0
-6, 0, 37, 0, 0, 0, 0, 3, 0, 0, 0
-5, 1, 36, 0, 0, 0, 0, 3, 0, 0, 0
-4, 1, 33, 0, 0, 0, 0, 3, 0, 0, 0
-1, 0, 32, 0, 0, 0, 0, 3, 7872, 64, 2224
0, 0, 29, 0, 0, 0, 0, 3, 0, 0, 0
-2, -1, 28, 0, 0, 0, 0, 3, 0, 0, 0
-3, -1, 26, 0, 0, 0, 0, 3, 0, 0, 0
-7, -2, 25, 0, 0, 0, 0, 3, 0, 0, 0
-9, -4, 24, 0, 0, 0, 0, 3, 0, 0, 0
-10, -6, 23, 0, 0, 0, 0, 3, 0, 0, 0
-13, -9, 21, 0, 0, 0, 0, 3, 0, 0, 0
-16, -9, 21, 0, 0, 0, 0, 3, 0, 0, 0
-21, -11, 19, 0, 0, 0, 0, 3, 0, 0, 0
-26, -12, 18, 0, 0, 0, 0, 3, 0, 0, 0
-21, -8, 17, 0, 0, 0, 0, 3, 7840, 96, 2224
-6, 0, 15, 0, 0, 0, 0, 3, 0, 0, 0
4, 4, 15, 0, 0, 0, 0, 3, 0, 0, 0
7, 4, 13, 0, 0, 0, 0, 3, 0, 0, 0
5, 4, 12, 0, 0, 0, 0, 3, 0, 0, 0
5, 6, 11, 0, 0, 0, 0, 3, 0, 0, 0
4, 7, 11, 0, 0, 0, 0, 3, 0, 0, 0
9, 9, 11, 0, 0, 0, 0, 3, 0, 0, 0
13, 8, 11, 0, 0, 0, 0, 3, 0, 0, 0
12, 6, 12, 0, 0, 0, 0, 3, 0, 0, 0
8, 3, 12, 0, 0, 0, 0, 3, 7888, 96, 2192
4, 1, 12, 0, 0, 0, 0, 3, 0, 0, 0
1, 3, 12, 0, 0, 0, 0, 3, 0, 0, 0
-1, 0, 13, 0, 0, 0, 0, 3, 0, 0, 0
-4, -1, 14, 0, 0, 0, 0, 3, 0, 0, 0
-6, -2, 15, 0, 0, 0, 0, 3, 0, 0, 0
-3, -1, 15, 0, 0, 0, 0, 3, 0, 0, 0
0, 1, 15, 0, 0, 0, 0, 3, 0, 0, 0
-1, 0, 15, 0, 0, 0, 0, 3, 0, 0, 0
2, -2, 15, 0, 0, 0, 0, 3, 0, 0, 0
3, -3, 15, 0, 0, 0, 0, 3, 0, 0, 0
0, -2, 15, 0, 0, 0, 0, 3, 7872, 80, 2208
0, 0, 14, 0, 0, 0, 0, 3, 0, 0, 0
-2, -1, 14, 0, 0, 0, 0, 3, 0, 0, 0
-4, -2, 13, 0, 0, 0, 0, 3, 0, 0, 0
-4, -1, 12, 0, 0, 0, 0, 3, 0, 0, 0
-2, 0, 11, 0, 0, 0, 0, 3, 0, 0, 0
-1, 0, 10, 0, 0, 0, 0, 3, 0, 0, 0
-5, 0, 9, 0, 0, 0, 0, 3, 0, 0, 0
-9, -2, 8, 0, 0, 0, 0, 3, 0, 0, 0
-5, -4, 8, 0, 0, 0, 0, 3, 7856, 96, 2208
-2, -4, 7, 0, 0, 0, 0, 3, 0, 0, 0
0, -3, 6, 0, 0, 0, 0, 3, 0, 0, 0
1, -1, 5, 0, 0, 0, 0, 3, 0, 0, 0
0, -4, 4, 0, 0, 0, 0, 3, 0, 0, 0
-4, -6, 3, 0, 0, 0, 0, 3, 0, 0, 0
-3, -5, 3, 0, 0, 0, 0, 3, 0, 0, 0
0, -3, 2, 0, 0, 0, 0, 3, 0, 0, 0
1, 0, 2, 0, 0, 0, 0, 3, 0, 0, 0
-1, -3, 1, 0, 0, 0, 0, 3, 0, 0, 0
-8, -3, 1, 0, 0, 0, 0, 3, 0, 0, 0
-9, -3, 1, 0, 0, 0, 0, 3, 7840, 128, 2160
-4, -5, 2, 0, 0, 0, 0, 3, 0, 0, 0
-1, -7, 2, 0, 0, 0, 0, 3, 0, 0, 0
-1, -7, 2, 0, 0, 0, 0, 3, 0, 0, 0
0, -6, 3, 0, 0, 0, 0, 3, 0, 0, 0
1, -5, 4, 0, 0, 0, 0, 3, 0, 0, 0
3, -1, 4, 0, 0, 0, 0, 3, 0, 0, 0
3, 0, 5, 0, 0, 0, 0, 3, 0, 0, 0
4, 1, 5, 0, 0, 0, 0, 3, 0, 0, 0
9, 3, 5, 0, 0, 0, 0, 3, 0, 0, 0
10, 6, 6, 0, 0, 0, 0, 3, 7808, 128, 2080
8, 7, 6, 0, 0, 0, 0, 3, 0, 0, 0
8, 4, 6, 0, 0, 0, 0, 3, 0, 0, 0
4, -3, 5, 0, 0, 0, 0, 3, 0, 0, 0
0, -8, 5, 0, 0, 0, 0, 3, 0, 0, 0
-1, -9, 5, 0, 0, 0, 0, 3, 0, 0, 0
-4, -11, 4, 0, 0, 0, 0, 3, 0, 0, 0
-11, -11, 4, 0, 0, 0, 0, 3, 0, 0, 0
-12, -9, 4, 0, 0, 0, 0, 3, 0, 0, 0
-10, -8, 4, 0, 0, 0, 0, 3, 0, 0, 0
-9, -7, 3, 0, 0, 0, 0, 3, 7856, 112, 0
-9, -6, 2, 0, 0, 0, 0, 3, 0, 0, 2128
-8, -4, 2, 0, 0, 0, 0, 3, 0, 0, 0
-6, -6, 2, 0, 0, 0, 0, 3, 0, 0, 0
-5, -8, 1, 0, 0, 0, 0, 3, 0, 0, 0
-5, -10, 1, 0, 0, 0, 0, 3, 0, 0, 0
-8, -12, 1, 0, 0, 0, 0, 3, 0, 0, 0
-11, -11, 0, 0, 0, 0, 0, 3, 0, 0, 0
-10, -4, 0, 0, 0, 0, 0, 3, 0, 0, 0
-4, 0, 0, 0, 0, 0, 0, 3, 0, 0, 0
1, 0, 0, 0, 0, 0, 0, 3, 7824, 128, 2160
6, 0, -1, 0, 0, 0, 0, 3, 0, 0, 0
9, -3, -2, 0, 0, 0, 0, 3, 0, 0, 0
8, -4, -3, 0, 0, 0, 0, 3, 0, 0, 0
4, -2, -4, 0, 0, 0, 0, 3, 0, 0, 0
0, 0, -4, 0, 0, 0, 0, 3, 0, 0, 0
-1, 2, -3, 0, 0, 0, 0, 3, 0, 0, 0
-7, 1, -3, 0, 0, 0, 0, 3, 0, 0, 0
-11, 0, -2, 0, 0, 0, 0, 3, 0, 0, 0
-8, -3, -1, 0, 0, 0, 0, 3, 0, 0, 0
-12, -7, 0, 0, 0, 0, 0, 3, 0, 0, 0
-18, -10, 0, 0, 0, 0, 0, 3, 7856, 144, 2176
-19, -12, 0, 0, 0, 0, 0, 3, 0, 0, 0
-14, -13, 0, 0, 0, 0, 0, 3, 0, 0, 0
-12, -13, 0, 0, 0, 0, 0, 3, 0, 0, 0
-14, -9, 1, 0, 0, 0, 0, 3, 0, 0, 0
-16, -6, 0, 0, 0, 0, 0, 3, 0, 0, 0
-17, -8, 1, 0, 0, 0, 0, 3, 0, 0, 0
-13, -8, 0, 0, 0, 0, 0, 3, 0, 0, 0
-9, -8, 1, 0, 0, 0, 0, 3, 0, 0, 0
-11, -7, 0, 0, 0, 0, 0, 3, 0, 0, 0
-15, -8, 0, 0, 0, 0, 0, 3, 7856, 128, 2144
-17, -11, 0, 0, 0, 0, 0, 3, 0, 0, 0
-15, -9, 1, 0, 0, 0, 0, 3, 0, 0, 0
-10, -7, 1, 0, 0, 0, 0, 3, 0, 0, 0
-8, -6, 1, 0, 0, 0, 0, 3, 0, 0, 0
-11, -7, 2, 0, 0, 0, 0, 3, 0, 0, 0
-18, -7, 2, 0, 0, 0, 0, 3, 0, 0, 0
-25, -6, 3, 0, 0, 0, 0, 3, 0, 0, 0
-27, -9, 3, 0, 0, 0, 0, 3, 0, 0, 0
-19, -12, 4, 0, 0, 0, 0, 3, 0, 0, 0
-12, -12, 4, 0, 0, 0, 0, 3, 7856, 128, 2176
-10, -13, 4, 0, 0, 0, 0, 3, 0, 0, 0
-11, -14, 4, 0, 0, 0, 0, 3, 0, 0, 0
-14, -11, 5, 0, 0, 0, 0, 3, 0, 0, 0
-13, -7, 5, 0, 0, 0, 0, 3, 0, 0, 0
-12, -5, 7, 0, 0, 0, 0, 3, 0, 0, 0
-13, -6, 7, 0, 0, 0, 0, 3, 0, 0, 0
-19, -4, 8, 0, 0, 0, 0, 3, 0, 0, 0
-23, -4, 9, 0, 0, 0, 0, 3, 0, 0, 0
-19, -4, 11, 0, 0, 0, 0, 3, 0, 0, 0
-14, -5, 12, 0, 0, 0, 0, 3, 0, 0, 0
-11, -6, 14, 0, 0, 0, 0, 3, 7872, 144, 2160
-10, -10, 16, 0, 0, 0, 0, 3, 0, 0, 0
-11, -13, 17, 0, 0, 0, 0, 3, 0, 0, 0
-14, -12, 19, 0, 0, 0, 0, 3, 0, 0, 0
-18, -11, 21, 0, 0, 0, 0, 3, 0, 0, 0
-17, -8, 22, 0, 0, 0, 0, 3, 0, 0, 0
-15, -4, 23, 0, 0, 0, 0, 3, 0, 0, 0
-15, -5, 25, 0, 0, 0, 0, 3, 0, 0, 0
-14, -7, 26, 0, 0, 0, 0, 3, 0, 0, 0
-11, -7, 28, 0, 0, 0, 0, 3, 0, 0, 0
-9, -7, 29, 0, 0, 0, 0, 3, 7824, 96, 2160
-4, -4, 32, 0, 0, 0, 0, 3, 0, 0, 0
-3, -2, 34, 0, 0, 0, 0, 3, 0, 0, 0
-2, -1, 36, 0, 0, 0, 0, 3, 0, 0, 0
-7, -4, 38, 0, 0, 0, 0, 3, 0, 0, 0
-11, -6, 41, 0, 0, 0, 0, 3, 0, 0, 0
-12, -4, 42, 0, 0, 0, 0, 3, 0, 0, 0
-11, -2, 43, 0, 0, 0, 0, 3, 0, 0, 0
-11, -3, 45, 0, 0, 0, 0, 3, 0, 0, 0
-13, -5, 46, 0, 0, 0, 0, 3, 0, 0, 0
-15, -9, 48, 0, 0, 0, 0, 3, 7840, 64, 2304
-15, -17, 49, 0, 0, 0, 0, 3, 0, 0, 0
-17, -20, 50, 0, 0, 0, 0, 3, 0, 0, 0
-16, -12, 50, 0, 0, 0, 0, 3, 0, 0, 0
-12, -4, 51, 0, 0, 0, 0, 3, 0, 0, 0
-12, 1, 51, 0, 0, 0, 0, 3, 0, 0, 0
-15, 0, 51, 0, 0, 0, 0, 3, 0, 0, 0
-19, -2, 51, 0, 0, 0, 0, 3, 0, 0, 0
-17, -2, 50, 0, 0, 0, 0, 3, 0, 0, 0
-15, -3, 50, 0, 0, 0, 0, 3, 0, 0, 0
-15, -4, 49, 0, 0, 0, 0, 3, 7840, 112, 2208
-13, -2, 49, 0, 0, 0, 0, 3, 0, 0, 0
-17, -5, 48, 0, 0, 0, 0, 3, 0, 0, 0
-21, -7, 47, 0, 0, 0, 0, 3, 0, 0, 0
-22, -10, 46, 0, 0, 0, 0, 3, 0, 0, 0
-21, -10, 46, 0, 0, 0, 0, 3, 0, 0, 0
-16, -9, 45, 0, 0, 0, 0, 3, 0, 0, 0
-15, -9, 45, 0, 0, 0, 0, 3, 0, 0, 0
-22, -7, 44, 0, 0, 0, 0, 3, 0, 0, 0
-28, -6, 43, 0, 0, 0, 0, 3, 0, 0, 0
-27, -8, 42, 0, 0, 0, 0, 3, 7856, 128, 0
-23, -8, 41, 0, 0, 0, 0, 3, 0, 0, 2224
-16, -4, 40, 0, 0, 0, 0, 3, 0, 0, 0
-10, 0, 39, 0, 0, 0, 0, 3, 0, 0, 0
-12, 0, 38, 0, 0, 0, 0, 3, 0, 0, 0
-16, 0, 36, 0, 0, 0, 0, 3, 0, 0, 0
-16, -1, 35, 0, 0, 0, 0, 3, 0, 0, 0
-18, -2, 34, 0, 0, 0, 0, 3, 0, 0, 0
-22, -4, 33, 0, 0, 0, 0, 3, 0, 0, 0
-21, -5, 30, 0, 0, 0, 0, 3, 0, 0, 0
-18, -6, 29, 0, 0, 0, 0, 3, 0, 0, 0
-13, -5, 26, 0, 0, 0, 0, 3, 7904, 144, 2208
-15, -6, 25, 0, 0, 0, 0, 3, 0, 0, 0
-21, -9, 22, 0, 0, 0, 0, 3, 0, 0, 0
-26, -10, 21, 0, 0, 0, 0, 3, 0, 0, 0
-27, -7, 19, 0, 0, 0, 0, 3, 0, 0, 0
-25, -4, 17, 0, 0, 0, 0, 3, 0, 0, 0
-21, -4, 16, 0, 0, 0, 0, 3, 0, 0, 0
-16, 0, 15, 0, 0, 0, 0, 3, 0, 0, 0
-10, 0, 15, 0, 0, 0, 0, 3, 0, 0, 0
-10, 0, 14, 0, 0, 0, 0, 3, 0, 0, 0
-15, -4, 14, 0, 0, 0, 0, 3, 7872, 176, 0
-17, -8, 14, 0, 0, 0, 0, 3, 0, 0, 2192
-18, -9, 15, 0, 0, 0, 0, 3, 0, 0, 0
-20, -6, 15, 0, 0, 0, 0, 3, 0, 0, 0
-22, -6, 15, 0, 0, 0, 0, 3, 0, 0, 0
-26, -8, 15, 0, 0, 0, 0, 3, 0, 0, 0
-21, -7, 15, 0, 0, 0, 0, 3, 0, 0, 0
-9, 0, 15, 0, 0, 0, 0, 3, 0, 0, 0
-4, 5, 15, 0, 0, 0, 0, 3, 0, 0, 0
-9, 3, 15, 0, 0, 0, 0, 3, 0, 0, 0
-15, 0, 15, 0, 0, 0, 0, 3, 7888, 160, 2144
-17, -4, 15, 0, 0, 0, 0, 3, 0, 0, 0
-22, -6, 14, 0, 0, 0, 0, 3, 0, 0, 0
-23, -7, 14, 0, 0, 0, 0, 3, 0, 0, 0
-21, -4, 13, 0, 0, 0, 0, 3, 0, 0, 0
-17, -5, 12, 0, 0, 0, 0, 3, 0, 0, 0
-12, -5, 12, 0, 0, 0, 0, 3, 0, 0, 0
-12, 0, 12, 0, 0, 0, 0, 3, 0, 0, 0
-14, 5, 11, 0, 0, 0, 0, 3, 0, 0, 0
-16, 7, 10, 0, 0, 0, 0, 3, 0, 0, 0
-14, 7, 10, 0, 0, 0, 0, 3, 7904, 128, 2112
-8, 5, 9, 0, 0, 0, 0, 3, 0, 0, 0
-4, 3, 8, 0, 0, 0, 0, 3, 0, 0, 0
-3, 2, 8, 0, 0, 0, 0, 3, 0, 0, 0
-4, 2, 7, 0, 0, 0, 0, 3, 0, 0, 0
-8, 2, 7, 0, 0, 0, 0, 3, 0, 0, 0
-11, 0, 7, 0, 0, 0, 0, 3, 0, 0, 0
-16, -1, 6, 0, 0, 0, 0, 3, 0, 0, 0
-17, 2, 6, 0, 0, 0, 0, 3, 0, 0, 0
-18, 7, 5, 0, 0, 0, 0, 3, 0, 0, 0
-12, 9, 5, 0, 0, 0, 0, 3, 0, 0, 0
-3, 11, 4, 0, 0, 0, 0, 3, 7888, 160, 2144
-4, 11, 4, 0, 0, 0, 0, 3, 0, 0, 0
-8, 7, 4, 0, 0, 0, 0, 3, 0, 0, 0
-8, 6, 5, 0, 0, 0, 0, 3, 0, 0, 0
-7, 5, 6, 0, 0, 0, 0, 3, 0, 0, 0
-6, 4, 6, 0, 0, 0, 0, 3, 0, 0, 0
-13, 3, 7, 0, 0, 0, 0, 3, 0, 0, 0
-20, 2, 7, 0, 0, 0, 0, 3, 0, 0, 0
-20, 2, 8, 0, 0, 0, 0, 3, 0, 0, 0
-16, 5, 8, 0, 0, 0, 0, 3, 0, 0, 0
-9, 7, 9, 0, 0, 0, 0, 3, 7856, 96, 2192
-7, 6, 9, 0, 0, 0, 0, 3, 0, 0, 0
-5, 7, 9, 0, 0, 0, 0, 3, 0, 0, 0
-10, 8, 9, 0, 0, 0, 0, 3, 0, 0, 0
-13, 10, 9, 0, 0, 0, 0, 3, 0, 0, 0
-13, 11, 9, 0, 0, 0, 0, 3, 0, 0, 0
-9, 12, 9, 0, 0, 0, 0, 3, 0, 0, 0
-5, 13, 9, 0, 0, 0, 0, 3, 0, 0, 0
-3, 17, 8, 0, 0, 0, 0, 3, 0, 0, 0
0, 20, 8, 0, 0, 0, 0, 3, 0, 0, 0
5, 22, 7, 0, 0, 0, 0, 3, 7872, 112, 2192
7, 24, 7, 0, 0, 0, 0, 3, 0, 0, 0
11, 25, 6, 0, 0, 0, 0, 3, 0, 0, 0
14, 23, 6, 0, 0, 0, 0, 3, 0, 0, 0
12, 21, 5, 0, 0, 0, 0, 3, 0, 0, 0
4, 17, 4, 0, 0, 0, 0, 3, 0, 0, 0
0, 13, 4, 0, 0, 0, 0, 3, 0, 0, 0
-4, 9, 3, 0, 0, 0, 0, 3, 0, 0, 0
-9, 8, 2, 0, 0, 0, 0, 3, 0, 0, 0
-16, 5, 1, 0, 0, 0, 0, 3, 0, 0, 0
-21, 4, 0, 0, 0, 0, 0, 3, 0, 0, 0
-20, 5, 0, 0, 0, 0, 0, 3, 7888, 64, 2224
-15, 8, 0, 0, 0, 0, 0, 3, 0, 0, 0
-10, 9, -1, 0, 0, 0, 0, 3, 0, 0, 0
-8, 9, -1, 0, 0, 0, 0, 3, 0, 0, 0
-4, 9, -2, 0, 0, 0, 0, 3, 0, 0, 0
-6, 9, -3, 0, 0, 0, 0, 3, 0, 0, 0
-9, 14, -4, 0, 0, 0, 0, 3, 0, 0, 0
-9, 18, -4, 0, 0, 0, 0, 3, 0, 0, 0
-7, 21, -4, 0, 0, 0, 0, 3, 0, 0, 0
-8, 18, -4, 0, 0, 0, 0, 3, 0, 0, 0
-8, 16, -4, 0, 0, 0, 0, 3, 7888, 64, 2208
-5, 17, -3, 0, 0, 0, 0, 3, 0, 0, 0
0, 19, -2, 0, 0, 0, 0, 3, 0, 0, 0
3, 20, -1, 0, 0, 0, 0, 3, 0, 0, 0
0, 19, 0, 0, 0, 0, 0, 3, 0, 0, 0
-1, 17, 0, 0, 0, 0, 0, 3, 0, 0, 0
0, 18, 1, 0, 0, 0, 0, 3, 0, 0, 0
-1, 21, 1, 0, 0, 0, 0, 3, 0, 0, 0
-1, 23, 2, 0, 0, 0, 0, 3, 0, 0, 0
0, 25, 3, 0, 0, 0, 0, 3, 0, 0, 0
0, 25, 4, 0, 0, 0, 0, 3, 7920, 80, 0
-3, 22, 4, 0, 0, 0, 0, 3, 0, 0, 2192
-3, 19, 4, 0, 0, 0, 0, 3, 0, 0, 0
0, 19, 4, 0, 0, 0, 0, 3, 0, 0, 0
2, 19, 4, 0, 0, 0, 0, 3, 0, 0, 0
3, 21, 4, 0, 0, 0, 0, 3, 0, 0, 0
0, 23, 4, 0, 0, 0, 0, 3, 0, 0, 0
-5, 23, 3, 0, 0, 0, 0, 3, 0, 0, 0
-5, 22, 2, 0, 0, 0, 0, 3, 0, 0, 0
0, 20, 1, 0, 0, 0, 0, 3, 0, 0, 0
3, 19, 0, 0, 0, 0, 0, 3, 7888, 96, 2240
3, 16, 0, 0, 0, 0, 0, 3, 0, 0, 0
0, 16, 0, 0, 0, 0, 0, 3, 0, 0, 0
-4, 21, 0, 0, 0, 0, 0, 3, 0, 0, 0
-3, 20, 0, 0, 0, 0, 0, 3, 0, 0, 0
-3, 19, 0, 0, 0, 0, 0, 3, 0, 0, 0
-9, 17, 0, 0, 0, 0, 0, 3, 0, 0, 0
-16, 16, 2, 0, 0, 0, 0, 3, 0, 0, 0
-15, 13, 2, 0, 0, 0, 0, 3, 0, 0, 0
-11, 12, 3, 0, 0, 0, 0, 3, 0, 0, 0
-7, 13, 4, 0, 0, 0, 0, 3, 0, 0, 0
-7, 14, 5, 0, 0, 0, 0, 3, 7904, 112, 0
-5, 16, 6, 0, 0, 0, 0, 3, 0, 0, 2208
-3, 15, 6, 0, 0, 0, 0, 3, 0, 0, 0
-4, 12, 7, 0, 0, 0, 0, 3, 0, 0, 0
-12, 8, 8, 0, 0, 0, 0, 3, 0, 0, 0
-18, 9, 8, 0, 0, 0, 0, 3, 0, 0, 0
-14, 11, 9, 0, 0, 0, 0, 3, 0, 0, 0
-14, 15, 10, 0, 0, 0, 0, 3, 0, 0, 0
-19, 13, 11, 0, 0, 0, 0, 3, 0, 0, 0
-17, 12, 12, 0, 0, 0, 0, 3, 0, 0, 0
-10, 16, 12, 0, 0, 0, 0, 3, 7888, 112, 2192
0, 18, 13, 0, 0, 0, 0, 3, 0, 0, 0
5, 23, 15, 0, 0, 0, 0, 3, 0, 0, 0
1, 23, 16, 0, 0, 0, 0, 3, 0, 0, 0
-6, 16, 17, 0, 0, 0, 0, 3, 0, 0, 0
-9, 10, 18, 0, 0, 0, 0, 3, 0, 0, 0
-9, 7, 20, 0, 0, 0, 0, 3, 0, 0, 0
-10, 7, 21, 0, 0, 0, 0, 3, 0, 0, 0
-9, 14, 23, 0, 0, 0, 0, 3, 0, 0, 0
-6, 19, 24, 0, 0, 0, 0, 3, 0, 0, 0
0, 17, 25, 0, 0, 0, 0, 3, 7872, 96, 2192
2, 14, 27, 0, 0, 0, 0, 3, 0, 0, 0
0, 13, 29, 0, 0, 0, 0, 3, 0, 0, 0
-7, 12, 30, 0, 0, 0, 0, 3, 0, 0, 0
-13, 10, 31, 0, 0, 0, 0, 3, 0, 0, 0
-16, 8, 32, 0, 0, 0, 0, 3, 0, 0, 0
-14, 9, 33, 0, 0, 0, 0, 3, 0, 0, 0
-12, 12, 33, 0, 0, 0, 0, 3, 0, 0, 0
-12, 14, 33, 0, 0, 0, 0, 3, 0, 0, 0
-13, 13, 33, 0, 0, 0, 0, 3, 0, 0, 0
-12, 13, 33, 0, 0, 0, 0, 3, 7872, 112, 2144
-11, 16, 34, 0, 0, 0, 0, 3, 0, 0, 0
-8, 20, 34, 0, 0, 0, 0, 3, 0, 0, 0
-3, 21, 35, 0, 0, 0, 0, 3, 0, 0, 0
0, 21, 36, 0, 0, 0, 0, 3, 0, 0, 0
4, 20, 37, 0, 0, 0, 0, 3, 0, 0, 0
3, 18, 37, 0, 0, 0, 0, 3, 0, 0, 0
0, 20, 39, 0, 0, 0, 0, 3, 0, 0, 0
-5, 21, 39, 0, 0, 0, 0, 3, 0, 0, 0
-13, 19, 40, 0, 0, 0, 0, 3, 0, 0, 0
-18, 18, 40, 0, 0, 0, 0, 3, 0, 0, 0
-14, 16, 40, 0, 0, 0, 0, 3, 7904, 128, 2224
-4, 16, 41, 0, 0, 0, 0, 3, 0, 0, 0
4, 16, 41, 0, 0, 0, 0, 3, 0, 0, 0
3, 14, 41, 0, 0, 0, 0, 3, 0, 0, 0
0, 12, 41, 0, 0, 0, 0, 3, 0, 0, 0
-4, 12, 40, 0, 0, 0, 0, 3, 0, 0, 0
-4, 15, 39, 0, 0, 0, 0, 3, 0, 0, 0
-5, 17, 39, 0, 0, 0, 0, 3, 0, 0, 0
-8, 16, 37, 0, 0, 0, 0, 3, 0, 0, 0
-11, 16, 37, 0, 0, 0, 0, 3, 0, 0, 0
-17, 16, 36, 0, 0, 0, 0, 3, 7936, 80, 2256
-17, 13, 35, 0, 0, 0, 0, 3, 0, 0, 0
-12, 11, 33, 0, 0, 0, 0, 3, 0, 0, 0
-3, 12, 32, 0, 0, 0, 0, 3, 0, 0, 0
3, 14, 30, 0, 0, 0, 0, 3, 0, 0, 0
5, 15, 28, 0, 0, 0, 0, 3, 0, 0, 0
5, 17, 26, 0, 0, 0, 0, 3, 0, 0, 0
2, 19, 25, 0, 0, 0, 0, 3, 0, 0, 0
-3, 18, 23, 0, 0, 0, 0, 3, 0, 0, 0
-6, 15, 21, 0, 0, 0, 0, 3, 0, 0, 0
-5, 14, 20, 0, 0, 0, 0, 3, 7872, 128, 2192
-6, 13, 18, 0, 0, 0, 0, 3, 0, 0, 0
-7, 14, 18, 0, 0, 0, 0, 3, 0, 0, 0
-4, 14, 17, 0, 0, 0, 0, 3, 0, 0, 0
-1, 12, 17, 0, 0, 0, 0, 3, 0, 0, 0
0, 14, 17, 0, 0, 0, 0, 3, 0, 0, 0
0, 18, 17, 0, 0, 0, 0, 3, 0, 0, 0
-2, 16, 17, 0, 0, 0, 0, 3, 0, 0, 0
-3, 18, 16, 0, 0, 0, 0, 3, 0, 0, 0
0, 22, 16, 0, 0, 0, 0, 3, 0, 0, 0
2, 21, 16, 0, 0, 0, 0, 3, 7888, 128, 0
2, 19, 16, 0, 0, 0, 0, 3, 0, 0, 2192
1, 20, 15, 0, 0, 0, 0, 3, 0, 0, 0
1, 22, 16, 0, 0, 0, 0, 3, 0, 0, 0
0, 21, 15, 0, 0, 0, 0, 3, 0, 0, 0
-6, 19, 16, 0, 0, 0, 0, 3, 0, 0, 0
-11, 12, 15, 0, 0, 0, 0, 3, 0, 0, 0
-13, 10, 14, 0, 0, 0, 0, 3, 0, 0, 0
-7, 14, 13, 0, 0, 0, 0, 3, 0, 0, 0
0, 15, 13, 0, 0, 0, 0, 3, 0, 0, 0
0, 14, 12, 0, 0, 0, 0, 3, 0, 0, 0
-3, 13, 12, 0, 0, 0, 0, 3, 7872, 144, 2240
-4, 15, 11, 0, 0, 0, 0, 3, 0, 0, 0
-1, 19, 11, 0, 0, 0, 0, 3, 0, 0, 0
0, 23, 10, 0, 0, 0, 0, 3, 0, 0, 0
3, 23, 10, 0, 0, 0, 0, 3, 0, 0, 0
0, 20, 10, 0, 0, 0, 0, 3, 0, 0, 0
-8, 16, 10, 0, 0, 0, 0, 3, 0, 0, 0
-11, 14, 9, 0, 0, 0, 0, 3, 0, 0, 0
-9, 14, 9, 0, 0, 0, 0, 3, 0, 0, 0
-6, 18, 9, 0, 0, 0, 0, 3, 0, 0, 0
-3, 19, 9, 0, 0, 0, 0, 3, 7888, 208, 0
-4, 16, 9, 0, 0, 0, 0, 3, 0, 0, 2224
-5, 14, 9, 0, 0, 0, 0, 3, 0, 0, 0
-5, 13, 9, 0, 0, 0, 0, 3, 0, 0, 0
-8, 13, 10, 0, 0, 0, 0, 3, 0, 0, 0
-10, 12, 11, 0, 0, 0, 0, 3, 0, 0, 0
-12, 11, 11, 0, 0, 0, 0, 3, 0, 0, 0
-10, 11, 12, 0, 0, 0, 0, 3, 0, 0, 0
-4, 13, 12, 0, 0, 0, 0, 3, 0, 0, 0
-1, 16, 13, 0, 0, 0, 0, 3, 0, 0, 0
0, 19, 14, 0, 0, 0, 0, 3, 7840, 240, 2208
-4, 18, 14, 0, 0, 0, 0, 3, 0, 0, 0
-9, 13, 16, 0, 0, 0, 0, 3, 0, 0, 0
-8, 11, 16, 0, 0, 0, 0, 3, 0, 0, 0
-4, 12, 16, 0, 0, 0, 0, 3, 0, 0, 0
-8, 11, 16, 0, 0, 0, 0, 3, 0, 0, 0
-16, 9, 16, 0, 0, 0, 0, 3, 0, 0, 0
-21, 5, 16, 0, 0, 0, 0, 3, 0, 0, 0
-16, 7, 16, 0, 0, 0, 0, 3, 0, 0, 0
-14, 10, 15, 0, 0, 0, 0, 3, 0, 0, 0
-14, 10, 14, 0, 0, 0, 0, 3, 0, 0, 0
-9, 8, 14, 0, 0, 0, 0, 3, 7888, 192, 0
-4, 7, 13, 0, 0, 0, 0, 3, 0, 0, 2128
-9, 11, 13, 0, 0, 0, 0, 3, 0, 0, 0
-15, 14, 12, 0, 0, 0, 0, 3, 0, 0, 0
-12, 12, 12, 0, 0, 0, 0, 3, 0, 0, 0
1, 12, 11, 0, 0, 0, 0, 3, 0, 0, 0
12, 20, 10, 0, 0, 0, 0, 3, 0, 0, 0
14, 27, 8, 0, 0, 0, 0, 3, 0, 0, 0
9, 27, 8, 0, 0, 0, 0, 3, 0, 0, 0
1, 17, 7, 0, 0, 0, 0, 3, 0, 0, 0
-5, 10, 7, 0, 0, 0, 0, 3, 7888, 160, 2144
-10, 9, 6, 0, 0, 0, 0, 3, 0, 0, 0
-13, 9, 5, 0, 0, 0, 0, 3, 0, 0, 0
-16, 9, 4, 0, 0, 0, 0, 3, 0, 0, 0
-19, 10, 4, 0, 0, 0, 0, 3, 0, 0, 0
-13, 9, 2, 0, 0, 0, 0, 3, 0, 0, 0
-7, 10, 2, 0, 0, 0, 0, 3, 0, 0, 0
-4, 14, 1, 0, 0, 0, 0, 3, 0, 0, 0
-6, 16, 0, 0, 0, 0, 0, 3, 0, 0, 0
-13, 15, 0, 0, 0, 0, 0, 3, 0, 0, 0
-17, 14, 0, 0, 0, 0, 0, 3, 7872, 128, 2144
-15, 12, 0, 0, 0, 0, 0, 3, 0, 0, 0
-14, 9, 0, 0, 0, 0, 0, 3, 0, 0, 0
-11, 10, 0, 0, 0, 0, 0, 3, 0, 0, 0
-8, 12, -1, 0, 0, 0, 0, 3, 0, 0, 0
-5, 15, -1, 0, 0, 0, 0, 3, 0, 0, 0
-2, 16, -1, 0, 0, 0, 0, 3, 0, 0, 0
-7, 15, -1, 0, 0, 0, 0, 3, 0, 0, 0
-19, 8, -1, 0, 0, 0, 0, 3, 0, 0, 0
-18, 7, -1, 0, 0, 0, 0, 3, 0, 0, 0
-14, 10, -1, 0, 0, 0, 0, 3, 7856, 96, 2176
-15, 11, -1, 0, 0, 0, 0, 3, 0, 0, 0
-16, 6, 0, 0, 0, 0, 0, 3, 0, 0, 0
-13, 0, -1, 0, 0, 0, 0, 3, 0, 0, 0
-8, 4, 0, 0, 0, 0, 0, 3, 0, 0, 0
-3, 9, 0, 0, 0, 0, 0, 3, 0, 0, 0
-1, 15, 0, 0, 0, 0, 0, 3, 0, 0, 0
-4, 18, 0, 0, 0, 0, 0, 3, 0, 0, 0
-8, 16, 0, 0, 0, 0, 0, 3, 0, 0, 0
-11, 12, 0, 0, 0, 0, 0, 3, 0, 0, 0
-11, 12, 1, 0, 0, 0, 0, 3, 0, 0, 0
-8, 12, 1, 0, 0, 0, 0, 3, 7856, 64, 2160
-5, 12, 1, 0, 0, 0, 0, 3, 0, 0, 0
-1, 10, 1, 0, 0, 0, 0, 3, 0, 0, 0
-5, 4, 1, 0, 0, 0, 0, 3, 0, 0, 0
-12, 2, 2, 0, 0, 0, 0, 3, 0, 0, 0
-9, 10, 1, 0, 0, 0, 0, 3, 0, 0, 0
-3, 17, 1, 0, 0, 0, 0, 3, 0, 0, 0
0, 19, 1, 0, 0, 0, 0, 3, 0, 0, 0
1, 17, 1, 0, 0, 0, 0, 3, 0, 0, 0
0, 16, 1, 0, 0, 0, 0, 3, 0, 0, 0
-1, 14, 0, 0, 0, 0, 0, 3, 7904, 96, 2224
-2, 13, 0, 0, 0, 0, 0, 3, 0, 0, 0
-2, 15, 0, 0, 0, 0, 0, 3, 0, 0, 0
-3, 18, 0, 0, 0, 0, 0, 3, 0, 0, 0
-7, 19, 0, 0, 0, 0, 0, 3, 0, 0, 0
-9, 16, 0, 0, 0, 0, 0, 3, 0, 0, 0
-6, 14, -1, 0, 0, 0, 0, 3, 0, 0, 0
-4, 13, 0, 0, 0, 0, 0, 3, 0, 0, 0
-5, 12, 0, 0, 0, 0, 0, 3, 0, 0, 0
-5, 12, 0, 0, 0, 0, 0, 3, 0, 0, 0
-4, 14, 1, 0, 0, 0, 0, 3, 7904, 112, 2224
0, 17, 3, 0, 0, 0, 0, 3, 0, 0, 0
-1, 16, 4, 0, 0, 0, 0, 3, 0, 0, 0
-3, 13, 6, 0, 0, 0, 0, 3, 0, 0, 0
0, 14, 8, 0, 0, 0, 0, 3, 0, 0, 0
4, 14, 9, 0, 0, 0, 0, 3, 0, 0, 0
2, 12, 11, 0, 0, 0, 0, 3, 0, 0, 0
-4, 8, 12, 0, 0, 0, 0, 3, 0, 0, 0
-7, 5, 14, 0, 0, 0, 0, 3, 0, 0, 0
-3, 8, 16, 0, 0, 0, 0, 3, 0, 0, 0
0, 14, 17, 0, 0, 0, 0, 3, 0, 0, 0
-2, 12, 19, 0, 0, 0, 0, 3, 7904, 112, 2224
-8, 7, 21, 0, 0, 0, 0, 3, 0, 0, 0
-8, 5, 22, 0, 0, 0, 0, 3, 0, 0, 0
-10, -1, 24, 0, 0, 0, 0, 3, 0, 0, 0
-13, 0, 25, 0, 0, 0, 0, 3, 0, 0, 0
-9, 11, 26, 0, 0, 0, 0, 3, 0, 0, 0
-2, 17, 26, 0, 0, 0, 0, 3, 0, 0, 0
0, 20, 28, 0, 0, 0, 0, 3, 0, 0, 0
-1, 19, 28, 0, 0, 0, 0, 3, 0, 0, 0
-2, 19, 29, 0, 0, 0, 0, 3, 0, 0, 0
-4, 18, 31, 0, 0, 0, 0, 3, 7840, 144, 2176
-8, 17, 33, 0, 0, 0, 0, 3, 0, 0, 0
-9, 15, 34, 0, 0, 0, 0, 3, 0, 0, 0
-9, 11, 35, 0, 0, 0, 0, 3, 0, 0, 0
-11, 11, 37, 0, 0, 0, 0, 3, 0, 0, 0
-14, 10, 39, 0, 0, 0, 0, 3, 0, 0, 0
-16, 10, 40, 0, 0, 0, 0, 3, 0, 0, 0
-14, 12, 42, 0, 0, 0, 0, 3, 0, 0, 0
-14, 10, 42, 0, 0, 0, 0, 3, 0, 0, 0
-12, 8, 42, 0, 0, 0, 0, 3, 0, 0, 0
-19, 7, 43, 0, 0, 0, 0, 3, 0, 0, 0
-21, 8, 43, 0, 0, 0, 0, 3, 7840, 80, 2160
-19, 8, 43, 0, 0, 0, 0, 3, 0, 0, 0
-19, 5, 43, 0, 0, 0, 0, 3, 0, 0, 0
-18, 3, 43, 0, 0, 0, 0, 3, 0, 0, 0
-16, 4, 43, 0, 0, 0, 0, 3, 0, 0, 0
-14, 2, 42, 0, 0, 0, 0, 3, 0, 0, 0
-11, 0, 42, 0, 0, 0, 0, 3, 0, 0, 0
-12, 0, 40, 0, 0, 0, 0, 3, 0, 0, 0
-16, 4, 39, 0, 0, 0, 0, 3, 0, 0, 0
-18, 5, 38, 0, 0, 0, 0, 3, 7840, 96, 2176
-19, 5, 37, 0, 0, 0, 0, 3, 0, 0, 0
-22, 4, 36, 0, 0, 0, 0, 3, 0, 0, 0
-24, 0, 35, 0, 0, 0, 0, 3, 0, 0, 0
-24, 0, 34, 0, 0, 0, 0, 3, 0, 0, 0
-21, 3, 34, 0, 0, 0, 0, 3, 0, 0, 0
-15, 7, 33, 0, 0, 0, 0, 3, 0, 0, 0
-15, 7, 33, 0, 0, 0, 0, 3, 0, 0, 0
-16, 5, 33, 0, 0, 0, 0, 3, 0, 0, 0
-14, 6, 32, 0, 0, 0, 0, 3, 0, 0, 0
-12, 8, 32, 0, 0, 0, 0, 3, 0, 0, 0
-9, 11, 32, 0, 0, 0, 0, 3, 0, 0, 0
-9, 10, 31, 0, 0, 0, 0, 3, 7824, 48, 2192
-13, 5, 30, 0, 0, 0, 0, 3, 0, 0, 0
-16, 4, 30, 0, 0, 0, 0, 3, 0, 0, 0
-14, 6, 29, 0, 0, 0, 0, 3, 0, 0, 0
-13, 6, 29, 0, 0, 0, 0, 3, 0, 0, 0
-13, 5, 27, 0, 0, 0, 0, 3, 0, 0, 0
-13, 8, 26, 0, 0, 0, 0, 3, 0, 0, 0
-16, 11, 24, 0, 0, 0, 0, 3, 0, 0, 0
-20, 9, 22, 0, 0, 0, 0, 3, 0, 0, 0
-18, 7, 21, 0, 0, 0, 0, 3, 7856, 64, 2192
-12, 7, 18, 0, 0, 0, 0, 3, 0, 0, 0
-9, 6, 16, 0, 0, 0, 0, 3, 0, 0, 0
-7, 4, 15, 0, 0, 0, 0, 3, 0, 0, 0
-9, -3, 13, 0, 0, 0, 0, 3, 0, 0, 0
-14, -6, 12, 0, 0, 0, 0, 3, 0, 0, 0
-17, 0, 12, 0, 0, 0, 0, 3, 0, 0, 0
-20, 4, 11, 0, 0, 0, 0, 3, 0, 0, 0
-19, 6, 12, 0, 0, 0, 0, 3, 0, 0, 0
-14, 9, 12, 0, 0, 0, 0, 3, 0, 0, 0
-12, 11, 12, 0, 0, 0, 0, 3, 0, 0, 0
-9, 14, 12, 0, 0, 0, 0, 3, 7872, 96, 2144
-9, 16, 12, 0, 0, 0, 0, 3, 0, 0, 0
-10, 16, 11, 0, 0, 0, 0, 3, 0, 0, 0
-5, 15, 11, 0, 0, 0, 0, 3, 0, 0, 0
-2, 11, 11, 0, 0, 0, 0, 3, 0, 0, 0
-6, 5, 12, 0, 0, 0, 0, 3, 0, 0, 0
-11, 6, 12, 0, 0, 0, 0, 3, 0, 0, 0
-11, 13, 12, 0, 0, 0, 0, 3, 0, 0, 0
-9, 18, 12, 0, 0, 0, 0, 3, 0, 0, 0
-6, 20, 12, 0, 0, 0, 0, 3, 7904, 80, 2192
-4, 18, 12, 0, 0, 0, 0, 3, 0, 0, 0
-8, 13, 12, 0, 0, 0, 0, 3, 0, 0, 0
-8, 10, 12, 0, 0, 0, 0, 3, 0, 0, 0
-6, 9, 12, 0, 0, 0, 0, 3, 0, 0, 0
-6, 10, 12, 0, 0, 0, 0, 3, 0, 0, 0
-11, 11, 12, 0, 0, 0, 0, 3, 0, 0, 0
-8, 14, 13, 0, 0, 0, 0, 3, 0, 0, 0
-8, 13, 15, 0, 0, 0, 0, 3, 0, 0, 0
-15, 11, 15, 0, 0, 0, 0, 3, 0, 0, 0
-19, 9, 16, 0, 0, 0, 0, 3, 0, 0, 0
-14, 7, 17, 0, 0, 0, 0, 3, 7888, 144, 0
-10, 6, 18, 0, 0, 0, 0, 3, 0, 0, 2192
-10, 8, 18, 0, 0, 0, 0, 3, 0, 0, 0
-16, 11, 19, 0, 0, 0, 0, 3, 0, 0, 0
-17, 10, 19, 0, 0, 0, 0, 3, 0, 0, 0
-12, 6, 20, 0, 0, 0, 0, 3, 0, 0, 0
-9, 6, 20, 0, 0, 0, 0, 3, 0, 0, 0
-11, 7, 20, 0, 0, 0, 0, 3, 0, 0, 0
-16, 8, 20, 0, 0, 0, 0, 3, 0, 0, 0
-16, 11, 19, 0, 0, 0, 0, 3, 0, 0, 0
-18, 12, 19, 0, 0, 0, 0, 3, 7888, 128, 2192
-14, 14, 19, 0, 0, 0, 0, 3, 0, 0, 0
-4, 16, 18, 0, 0, 0, 0, 3, 0, 0, 0
3, 15, 17, 0, 0, 0, 0, 3, 0, 0, 0
6, 12, 16, 0, 0, 0, 0, 3, 0, 0, 0
5, 15, 15, 0, 0, 0, 0, 3, 0, 0, 0
-1, 19, 15, 0, 0, 0, 0, 3, 0, 0, 0
-9, 21, 14, 0, 0, 0, 0, 3, 0, 0, 0
-6, 25, 13, 0, 0, 0, 0, 3, 0, 0, 0
7, 31, 12, 0, 0, 0, 0, 3, 0, 0, 0
21, 33, 11, 0, 0, 0, 0, 3, 7872, 96, 2192
19, 29, 10, 0, 0, 0, 0, 3, 0, 0, 0
12, 23, 9, 0, 0, 0, 0, 3, 0, 0, 0
7, 17, 8, 0, 0, 0, 0, 3, 0, 0, 0
2, 16, 8, 0, 0, 0, 0, 3, 0, 0, 0
-10, 12, 7, 0, 0, 0, 0, 3, 0, 0, 0
-20, 6, 6, 0, 0, 0, 0, 3, 0, 0, 0
-17, 6, 6, 0, 0, 0, 0, 3, 0, 0, 0
-10, 10, 5, 0, 0, 0, 0, 3, 0, 0, 0
-5, 14, 5, 0, 0, 0, 0, 3, 0, 0, 0
-3, 16, 4, 0, 0, 0, 0, 3, 7840, 64, 2176
-5, 13, 4, 0, 0, 0, 0, 3, 0, 0, 0
-8, 12, 4, 0, 0, 0, 0, 3, 0, 0, 0
-10, 12, 3, 0, 0, 0, 0, 3, 0, 0, 0
-11, 12, 2, 0, 0, 0, 0, 3, 0, 0, 0
-12, 10, 3, 0, 0, 0, 0, 3, 0, 0, 0
-15, 8, 2, 0, 0, 0, 0, 3, 0, 0, 0
-10, 12, 2, 0, 0, 0, 0, 3, 0, 0, 0
-5, 16, 1, 0, 0, 0, 0, 3, 0, 0, 0
0, 16, 1, 0, 0, 0, 0, 3, 0, 0, 0
0, 14, 2, 0, 0, 0, 0, 3, 0, 0, 0
-3, 13, 1, 0, 0, 0, 0, 3, 7840, 64, 2112
-4, 11, 2, 0, 0, 0, 0, 3, 0, 0, 0
-6, 10, 2, 0, 0, 0, 0, 3, 0, 0, 0
-10, 13, 2, 0, 0, 0, 0, 3, 0, 0, 0
-8, 20, 2, 0, 0, 0, 0, 3, 0, 0, 0
-4, 22, 2, 0, 0, 0, 0, 3, 0, 0, 0
-3, 21, 2, 0, 0, 0, 0, 3, 0, 0, 0
-1, 21, 2, 0, 0, 0, 0, 3, 0, 0, 0
0, 21, 2, 0, 0, 0, 0, 3, 0, 0, 0
0, 19, 2, 0, 0, 0, 0, 3, 0, 0, 0
-4, 14, 1, 0, 0, 0, 0, 3, 7840, 64, 2128
-9, 9, 1, 0, 0, 0, 0, 3, 0, 0, 0
-12, 7, 1, 0, 0, 0, 0, 3, 0, 0, 0
-10, 8, 1, 0, 0, 0, 0, 3, 0, 0, 0
-4, 15, 0, 0, 0, 0, 0, 3, 0, 0, 0
-4, 18, 0, 0, 0, 0, 0, 3, 0, 0, 0
-4, 20, 0, 0, 0, 0, 0, 3, 0, 0, 0
-1, 21, 0, 0, 0, 0, 0, 3, 0, 0, 0
0, 21, 0, 0, 0, 0, 0, 3, 0, 0, 0
-1, 22, 0, 0, 0, 0, 0, 3, 0, 0, 0
-2, 20, 0, 0, 0, 0, 0, 3, 7840, 96, 2144
3, 20, 0, 0, 0, 0, 0, 3, 0, 0, 0
12, 21, 1, 0, 0, 0, 0, 3, 0, 0, 0
15, 22, 1, 0, 0, 0, 0, 3, 0, 0, 0
6, 20, 1, 0, 0, 0, 0, 3, 0, 0, 0
-2, 20, 2, 0, 0, 0, 0, 3, 0, 0, 0
-3, 22, 2, 0, 0, 0, 0, 3, 0, 0, 0
0, 24, 3, 0, 0, 0, 0, 3, 0, 0, 0
4, 22, 3, 0, 0, 0, 0, 3, 0, 0, 0
8, 23, 4, 0, 0, 0, 0, 3, 0, 0, 0
7, 23, 3, 0, 0, 0, 0, 3, 7840, 96, 0
2, 23, 4, 0, 0, 0, 0, 3, 0, 0, 2144
5, 25, 4, 0, 0, 0, 0, 3, 0, 0, 0
13, 30, 4, 0, 0, 0, 0, 3, 0, 0, 0
17, 34, 4, 0, 0, 0, 0, 3, 0, 0, 0
16, 32, 6, 0, 0, 0, 0, 3, 0, 0, 0
12, 27, 6, 0, 0, 0, 0, 3, 0, 0, 0
10, 24, 7, 0, 0, 0, 0, 3, 0, 0, 0
10, 24, 8, 0, 0, 0, 0, 3, 0, 0, 0
15, 27, 9, 0, 0, 0, 0, 3, 0, 0, 0
15, 31, 11, 0, 0, 0, 0, 3, 0, 0, 0
20, 34, 12, 0, 0, 0, 0, 3, 7840, 112, 2160
33, 44, 14, 0, 0, 0, 0, 3, 0, 0, 0
54, 63, 15, 0, 0, 0, 0, 3, 0, 0, 0
80, 89, 16, 0, 0, 0, 0, 3, 0, 0, 0
105, 116, 18, 0, 0, 0, 0, 3, 0, 0, 0
125, 140, 20, 0, 0, 0, 0, 3, 0, 0, 0
148, 160, 21, 0, 0, 0, 0, 3, 0, 0, 0
177, 177, 22, 0, 0, 0, 0, 3, 0, 0, 0
208, 199, 24, 0, 0, 0, 0, 3, 0, 0, 0
233, 223, 26, 0, 0, 0, 0, 3, 0, 0, 0
246, 240, 28, 0, 0, 0, 0, 3, 7856, 128, 0
248, 247, 31, 0, 0, 0, 0, 3, 0, 0, 2208
259, 257, 33, 0, 0, 0, 0, 3, 0, 0, 0
271, 269, 36, 0, 0, 0, 0, 3, 0, 0, 0
270, 272, 38, 0, 0, 0, 0, 3, 0, 0, 0
266, 270, 40, 0, 0, 0, 0, 3, 0, 0, 0
263, 268, 42, 0, 0, 0, 0, 3, 0, 0, 0
254, 264, 43, 0, 0, 0, 0, 3, 0, 0, 0
236, 250, 45, 0, 0, 0, 0, 3, 0, 0, 0
211, 229, 46, 0, 0, 0, 0, 3, 0, 0, 0
191, 213, 46, 0, 0, 0, 0, 3, 7824, 96, 2192
178, 200, 46, 0, 0, 0, 0, 3, 0, 0, 0
163, 190, 47, 0, 0, 0, 0, 3, 0, 0, 0
147, 179, 48, 0, 0, 0, 0, 3, 0, 0, 0
129, 165, 48, 0, 0, 0, 0, 3, 0, 0, 0
117, 152, 47, 0, 0, 0, 0, 3, 0, 0, 0
109, 139, 47, 0, 0, 0, 0, 3, 0, 0, 0
94, 118, 46, 0, 0, 0, 0, 3, 0, 0, 0
79, 101, 45, 0, 0, 0, 0, 3, 0, 0, 0
70, 91, 45, 0, 0, 0, 0, 3, 0, 0, 0
66, 83, 43, 0, 0, 0, 0, 3, 0, 0, 0
59, 74, 43, 0, 0, 0, 0, 3, 7824, 96, 2240
47, 66, 42, 0, 0, 0, 0, 3, 0, 0, 0
29, 58, 42, 0, 0, 0, 0, 3, 0, 0, 0
15, 50, 42, 0, 0, 0, 0, 3, 0, 0, 0
11, 39, 42, 0, 0, 0, 0, 3, 0, 0, 0
14, 26, 42, 0, 0, 0, 0, 3, 0, 0, 0
16, 21, 42, 0, 0, 0, 0, 3, 0, 0, 0
9, 20, 42, 0, 0, 0, 0, 3, 0, 0, 0
-3, 12, 42, 0, 0, 0, 0, 3, 0, 0, 0
-15, 0, 43, 0, 0, 0, 0, 3, 0, 0, 0
-25, -6, 43, 0, 0, 0, 0, 3, 7824, 80, 2240
-32, -10, 43, 0, 0, 0, 0, 3, 0, 0, 0
-41, -16, 43, 0, 0, 0, 0, 3, 0, 0, 0
-46, -20, 43, 0, 0, 0, 0, 3, 0, 0, 0
-46, -23, 42, 0, 0, 0, 0, 3, 0, 0, 0
-48, -24, 41, 0, 0, 0, 0, 3, 0, 0, 0
-46, -25, 40, 0, 0, 0, 0, 3, 0, 0, 0
-46, -29, 38, 0, 0, 0, 0, 3, 0, 0, 0
-51, -37, 36, 0, 0, 0, 0, 3, 0, 0, 0
-59, -42, 34, 0, 0, 0, 0, 3, 0, 0, 0
-69, -49, 32, 0, 0, 0, 0, 3, 7856, 112, 2144
-76, -55, 29, 0, 0, 0, 0, 3, 0, 0, 0
-78, -56, 27, 0, 0, 0, 0, 3, 0, 0, 0
-74, -58, 25, 0, 0, 0, 0, 3, 0, 0, 0
-74, -58, 23, 0, 0, 0, 0, 3, 0, 0, 0
-74, -55, 22, 0, 0, 0, 0, 3, 0, 0, 0
-73, -54, 21, 0, 0, 0, 0, 3, 0, 0, 0
-73, -58, 21, 0, 0, 0, 0, 3, 0, 0, 0
-77, -63, 20, 0, 0, 0, 0, 3, 0, 0, 0
-84, -64, 20, 0, 0, 0, 0, 3, 0, 0, 0
-86, -66, 20, 0, 0, 0, 0, 3, 7824, 112, 2144
-86, -70, 19, 0, 0, 0, 0, 3, 0, 0, 0
-92, -72, 19, 0, 0, 0, 0, 3, 0, 0, 0
-101, -75, 18, 0, 0, 0, 0, 3, 0, 0, 0
-101, -74, 17, 0, 0, 0, 0, 3, 0, 0, 0
-89, -70, 16, 0, 0, 0, 0, 3, 0, 0, 0
-84, -67, 15, 0, 0, 0, 0, 3, 0, 0, 0
-88, -67, 14, 0, 0, 0, 0, 3, 0, 0, 0
-90, -69, 13, 0, 0, 0, 0, 3, 0, 0, 0
-90, -71, 12, 0, 0, 0, 0, 3, 0, 0, 0
-91, -70, 12, 0, 0, 0, 0, 3, 0, 0, 0
-93, -66, 11, 0, 0, 0, 0, 3, 7856, 112, 2112
-89, -66, 9, 0, 0, 0, 0, 3, 0, 0, 0
-85, -64, 9, 0, 0, 0, 0, 3, 0, 0, 0
-87, -62, 8, 0, 0, 0, 0, 3, 0, 0, 0
-90, -59, 8, 0, 0, 0, 0, 3, 0, 0, 0
-86, -55, 8, 0, 0, 0, 0, 3, 0, 0, 0
-82, -57, 9, 0, 0, 0, 0, 3, 0, 0, 0
-82, -62, 10, 0, 0, 0, 0, 3, 0, 0, 0
-85, -58, 11, 0, 0, 0, 0, 3, 0, 0, 0
-87, -52, 12, 0, 0, 0, 0, 3, 0, 0, 0
-80, -51, 12, 0, 0, 0, 0, 3, 7904, 96, 2160
-73, -48, 13, 0, 0, 0, 0, 3, 0, 0, 0
-74, -49, 14, 0, 0, 0, 0, 3, 0, 0, 0
-79, -51, 14, 0, 0, 0, 0, 3, 0, 0, 0
-83, -52, 15, 0, 0, 0, 0, 3, 0, 0, 0
-88, -54, 15, 0, 0, 0, 0, 3, 0, 0, 0
-92, -54, 15, 0, 0, 0, 0, 3, 0, 0, 0
-89, -52, 15, 0, 0, 0, 0, 3, 0, 0, 0
-84, -50, 15, 0, 0, 0, 0, 3, 0, 0, 0
-80, -49, 15, 0, 0, 0, 0, 3, 0, 0, 0
-75, -46, 15, 0, 0, 0, 0, 3, 7904, 112, 0
-68, -44, 14, 0, 0, 0, 0, 3, 0, 0, 2096
-66, -47, 13, 0, 0, 0, 0, 3, 0, 0, 0
-63, -50, 12, 0, 0, 0, 0, 3, 0, 0, 0
-66, -50, 11, 0, 0, 0, 0, 3, 0, 0, 0
-78, -44, 10, 0, 0, 0, 0, 3, 0, 0, 0
-86, -44, 8, 0, 0, 0, 0, 3, 0, 0, 0
-80, -41, 7, 0, 0, 0, 0, 3, 0, 0, 0
-65, -35, 6, 0, 0, 0, 0, 3, 0, 0, 0
-56, -32, 4, 0, 0, 0, 0, 3, 0, 0, 0
-57, -33, 4, 0, 0, 0, 0, 3, 7824, 80, 2128
-60, -34, 4, 0, 0, 0, 0, 3, 0, 0, 0
-59, -29, 4, 0, 0, 0, 0, 3, 0, 0, 0
-56, -26, 4, 0, 0, 0, 0, 3, 0, 0, 0
-57, -24, 4, 0, 0, 0, 0, 3, 0, 0, 0
-53, -20, 4, 0, 0, 0, 0, 3, 0, 0, 0
-42, -14, 4, 0, 0, 0, 0, 3, 0, 0, 0
-35, -14, 4, 0, 0, 0, 0, 3, 0, 0, 0
-37, -16, 4, 0, 0, 0, 0, 3, 0, 0, 0
-45, -21, 4, 0, 0, 0, 0, 3, 0, 0, 0
-54, -25, 4, 0, 0, 0, 0, 3, 0, 0, 0
-62, -31, 4, 0, 0, 0, 0, 3, 0, 0, 0
-65, -35, 3, 0, 0, 0, 0, 3, 7888, 48, 2160
-63, -37, 3, 0, 0, 0, 0, 3, 0, 0, 0
-59, -33, 2, 0, 0, 0, 0, 3, 0, 0, 0
-56, -27, 2, 0, 0, 0, 0, 3, 0, 0, 0
-52, -25, 2, 0, 0, 0, 0, 3, 0, 0, 0
-51, -26, 2, 0, 0, 0, 0, 3, 0, 0, 0
-50, -22, 1, 0, 0, 0, 0, 3, 0, 0, 0
-50, -15, 1, 0, 0, 0, 0, 3, 0, 0, 0
-52, -14, 1, 0, 0, 0, 0, 3, 0, 0, 0
-54, -17, 1, 0, 0, 0, 0, 3, 7872, 80, 2144
-53, -16, 1, 0, 0, 0, 0, 3, 0, 0, 0
-49, -16, 1, 0, 0, 0, 0, 3, 0, 0, 0
-44, -16, 1, 0, 0, 0, 0, 3, 0, 0, 0
-42, -16, 1, 0, 0, 0, 0, 3, 0, 0, 0
-43, -18, 2, 0, 0, 0, 0, 3, 0, 0, 0
-46, -17, 2, 0, 0, 0, 0, 3, 0, 0, 0
-45, -15, 2, 0, 0, 0, 0, 3, 0, 0, 0
-44, -14, 1, 0, 0, 0, 0, 3, 0, 0, 0
-44, -11, 2, 0, 0, 0, 0, 3, 0, 0, 0
-43, -7, 1, 0, 0, 0, 0, 3, 7872, 64, 2160
-40, -8, 0, 0, 0, 0, 0, 3, 0, 0, 0
-39, -9, 0, 0, 0, 0, 0, 3, 0, 0, 0
-36, -6, 0, 0, 0, 0, 0, 3, 0, 0, 0
-32, -4, 0, 0, 0, 0, 0, 3, 0, 0, 0
-28, -5, 0, 0, 0, 0, 0, 3, 0, 0, 0
-30, -8, 0, 0, 0, 0, 0, 3, 0, 0, 0
-35, -9, 0, 0, 0, 0, 0, 3, 0, 0, 0
-40, -8, 1, 0, 0, 0, 0, 3, 0, 0, 0
-41, -7, 1, 0, 0, 0, 0, 3, 0, 0, 0
-40, -8, 1, 0, 0, 0, 0, 3, 7872, 112, 2160
-39, -12, 1, 0, 0, 0, 0, 3, 0, 0, 0
-42, -12, 2, 0, 0, 0, 0, 3, 0, 0, 0
-40, -7, 2, 0, 0, 0, 0, 3, 0, 0, 0
-31, -3, 3, 0, 0, 0, 0, 3, 0, 0, 0
-23, -4, 3, 0, 0, 0, 0, 3, 0, 0, 0
-18, -4, 3, 0, 0, 0, 0, 3, 0, 0, 0
-19, 0, 3, 0, 0, 0, 0, 3, 0, 0, 0
-27, -2, 2, 0, 0, 0, 0, 3, 0, 0, 0
-29, -5, 1, 0, 0, 0, 0, 3, 0, 0, 0
-25, -1, 1, 0, 0, 0, 0, 3, 0, 0, 0
-24, 5, 0, 0, 0, 0, 0, 3, 7856, 128, 2208
-25, 6, 0, 0, 0, 0, 0, 3, 0, 0, 0
-25, 5, 1, 0, 0, 0, 0, 3, 0, 0, 0
-19, 8, 1, 0, 0, 0, 0, 3, 0, 0, 0
-14, 10, 2, 0, 0, 0, 0, 3, 0, 0, 0
-14, 7, 4, 0, 0, 0, 0, 3, 0, 0, 0
-14, 5, 5, 0, 0, 0, 0, 3, 0, 0, 0
-15, 8, 6, 0, 0, 0, 0, 3, 0, 0, 0
-14, 8, 7, 0, 0, 0, 0, 3, 0, 0, 0
-15, 6, 8, 0, 0, 0, 0, 3, 0, 0, 0
-16, 5, 10, 0, 0, 0, 0, 3, 7872, 96, 2176
-15, 4, 11, 0, 0, 0, 0, 3, 0, 0, 0
-14, 4, 12, 0, 0, 0, 0, 3, 0, 0, 0
-14, 4, 13, 0, 0, 0, 0, 3, 0, 0, 0
-17, 3, 14, 0, 0, 0, 0, 3, 0, 0, 0
-21, 1, 16, 0, 0, 0, 0, 3, 0, 0, 0
-21, 3, 17, 0, 0, 0, 0, 3, 0, 0, 0
-18, 4, 19, 0, 0, 0, 0, 3, 0, 0, 0
-13, 5, 20, 0, 0, 0, 0, 3, 0, 0, 0
-11, 4, 22, 0, 0, 0, 0, 3, 0, 0, 0
-11, 7, 24, 0, 0, 0, 0, 3, 7920, 80, 2160
-15, 8, 25, 0, 0, 0, 0, 3, 0, 0, 0
-20, 6, 27, 0, 0, 0, 0, 3, 0, 0, 0
-21, 5, 29, 0, 0, 0, 0, 3, 0, 0, 0
-20, 6, 30, 0, 0, 0, 0, 3, 0, 0, 0
-14, 5, 32, 0, 0, 0, 0, 3, 0, 0, 0
-9, 3, 33, 0, 0, 0, 0, 3, 0, 0, 0
-9, 1, 35, 0, 0, 0, 0, 3, 0, 0, 0
-12, 0, 36, 0, 0, 0, 0, 3, 0, 0, 0
-12, 0, 37, 0, 0, 0, 0, 3, 0, 0, 0
-16, 4, 38, 0, 0, 0, 0, 3, 7872, 80, 0
-19, 7, 39, 0, 0, 0, 0, 3, 0, 0, 2208
-17, 10, 41, 0, 0, 0, 0, 3, 0, 0, 0
-13, 10, 41, 0, 0, 0, 0, 3, 0, 0, 0
-13, 6, 42, 0, 0, 0, 0, 3, 0, 0, 0
-17, 3, 42, 0, 0, 0, 0, 3, 0, 0, 0
-17, 1, 42, 0, 0, 0, 0, 3, 0, 0, 0
-12, 4, 42, 0, 0, 0, 0, 3, 0, 0, 0
-9, 11, 42, 0, 0, 0, 0, 3, 0, 0, 0
-7, 10, 42, 0, 0, 0, 0, 3, 0, 0, 0
-7, 8, 42, 0, 0, 0, 0, 3, 0, 0, 0
-7, 9, 42, 0, 0, 0, 0, 3, 7888, 112, 2208
-5, 13, 42, 0, 0, 0, 0, 3, 0, 0, 0
-8, 14, 43, 0, 0, 0, 0, 3, 0, 0, 0
-11, 13, 43, 0, 0, 0, 0, 3, 0, 0, 0
-8, 10, 44, 0, 0, 0, 0, 3, 0, 0, 0
-6, 8, 45, 0, 0, 0, 0, 3, 0, 0, 0
-6, 11, 46, 0, 0, 0, 0, 3, 0, 0, 0
-3, 18, 46, 0, 0, 0, 0, 3, 0, 0, 0
0, 21, 47, 0, 0, 0, 0, 3, 0, 0, 0
0, 21, 47, 0, 0, 0, 0, 3, 0, 0, 0
0, 21, 48, 0, 0, 0, 0, 3, 7840, 128, 0
-1, 21, 48, 0, 0, 0, 0, 3, 0, 0, 2176
2, 22, 47, 0, 0, 0, 0, 3, 0, 0, 0
4, 18, 47, 0, 0, 0, 0, 3, 0, 0, 0
1, 11, 46, 0, 0, 0, 0, 3, 0, 0, 0
-2, 4, 46, 0, 0, 0, 0, 3, 0, 0, 0
-6, 3, 45, 0, 0, 0, 0, 3, 0, 0, 0
-7, 4, 44, 0, 0, 0, 0, 3, 0, 0, 0
-2, 11, 42, 0, 0, 0, 0, 3, 0, 0, 0
0, 17, 41, 0, 0, 0, 0, 3, 0, 0, 0
-2, 17, 39, 0, 0, 0, 0, 3, 7840, 128, 2160
1, 19, 37, 0, 0, 0, 0, 3, 0, 0, 0
9, 25, 35, 0, 0, 0, 0, 3, 0, 0, 0
13, 25, 33, 0, 0, 0, 0, 3, 0, 0, 0
13, 23, 32, 0, 0, 0, 0, 3, 0, 0, 0
8, 19, 31, 0, 0, 0, 0, 3, 0, 0, 0
1, 16, 30, 0, 0, 0, 0, 3, 0, 0, 0
-2, 16, 29, 0, 0, 0, 0, 3, 0, 0, 0
-6, 16, 29, 0, 0, 0, 0, 3, 0, 0, 0
-2, 15, 28, 0, 0, 0, 0, 3, 0, 0, 0
6, 13, 27, 0, 0, 0, 0, 3, 0, 0, 0
11, 13, 26, 0, 0, 0, 0, 3, 7904, 128, 0
11, 16, 25, 0, 0, 0, 0, 3, 0, 0, 2128
7, 19, 24, 0, 0, 0, 0, 3, 0, 0, 0
6, 21, 23, 0, 0, 0, 0, 3, 0, 0, 0
6, 25, 21, 0, 0, 0, 0, 3, 0, 0, 0
6, 26, 21, 0, 0, 0, 0, 3, 0, 0, 0
6, 24, 19, 0, 0, 0, 0, 3, 0, 0, 0
8, 20, 18, 0, 0, 0, 0, 3, 0, 0, 0
8, 20, 18, 0, 0, 0, 0, 3, 0, 0, 0
8, 18, 17, 0, 0, 0, 0, 3, 0, 0, 0
10, 18, 16, 0, 0, 0, 0, 3, 7824, 128, 2144
9, 16, 15, 0, 0, 0, 0, 3, 0, 0, 0
7, 16, 15, 0, 0, 0, 0, 3, 0, 0, 0
12, 22, 15, 0, 0, 0, 0, 3, 0, 0, 0
16, 27, 15, 0, 0, 0, 0, 3, 0, 0, 0
12, 29, 16, 0, 0, 0, 0, 3, 0, 0, 0
1, 25, 16, 0, 0, 0, 0, 3, 0, 0, 0
-3, 18, 17, 0, 0, 0, 0, 3, 0, 0, 0
-1, 13, 18, 0, 0, 0, 0, 3, 0, 0, 0
0, 9, 18, 0, 0, 0, 0, 3, 0, 0, 0
4, 11, 19, 0, 0, 0, 0, 3, 7824, 128, 2112
9, 12, 19, 0, 0, 0, 0, 3, 0, 0, 0
10, 11, 20, 0, 0, 0, 0, 3, 0, 0, 0
4, 15, 20, 0, 0, 0, 0, 3, 0, 0, 0
0, 20, 21, 0, 0, 0, 0, 3, 0, 0, 0
3, 22, 21, 0, 0, 0, 0, 3, 0, 0, 0
7, 20, 20, 0, 0, 0, 0, 3, 0, 0, 0
5, 18, 20, 0, 0, 0, 0, 3, 0, 0, 0
2, 16, 20, 0, 0, 0, 0, 3, 0, 0, 0
2, 15, 19, 0, 0, 0, 0, 3, 0, 0, 0
6, 16, 19, 0, 0, 0, 0, 3, 7888, 112, 2080
12, 16, 18, 0, 0, 0, 0, 3, 0, 0, 0
9, 14, 16, 0, 0, 0, 0, 3, 0, 0, 0
2, 13, 15, 0, 0, 0, 0, 3, 0, 0, 0
-2, 11, 14, 0, 0, 0, 0, 3, 0, 0, 0
0, 13, 12, 0, 0, 0, 0, 3, 0, 0, 0
6, 15, 11, 0, 0, 0, 0, 3, 0, 0, 0
6, 14, 10, 0, 0, 0, 0, 3, 0, 0, 0
0, 8, 9, 0, 0, 0, 0, 3, 0, 0, 0
-2, 7, 8, 0, 0, 0, 0, 3, 0, 0, 0
-1, 10, 8, 0, 0, 0, 0, 3, 0, 0, 0
0, 13, 7, 0, 0, 0, 0, 3, 7888, 144, 2128
0, 12, 8, 0, 0, 0, 0, 3, 0, 0, 0
1, 12, 8, 0, 0, 0, 0, 3, 0, 0, 0
2, 10, 8, 0, 0, 0, 0, 3, 0, 0, 0
4, 7, 8, 0, 0, 0, 0, 3, 0, 0, 0
0, 6, 8, 0, 0, 0, 0, 3, 0, 0, 0
-12, 1, 8, 0, 0, 0, 0, 3, 0, 0, 0
-21, -6, 8, 0, 0, 0, 0, 3, 0, 0, 0
-10, -1, 7, 0, 0, 0, 0, 3, 0, 0, 0
11, 12, 7, 0, 0, 0, 0, 3, 0, 0, 0
27, 25, 6, 0, 0, 0, 0, 3, 7888, 128, 2160
36, 31, 5, 0, 0, 0, 0, 3, 0, 0, 0
37, 33, 4, 0, 0, 0, 0, 3, 0, 0, 0
35, 32, 4, 0, 0, 0, 0, 3, 0, 0, 0
33, 25, 4, 0, 0, 0, 0, 3, 0, 0, 0
32, 22, 3, 0, 0, 0, 0, 3, 0, 0, 0
28, 20, 3, 0, 0, 0, 0, 3, 0, 0, 0
21, 16, 3, 0, 0, 0, 0, 3, 0, 0, 0
19, 12, 3, 0, 0, 0, 0, 3, 0, 0, 0
22, 13, 2, 0, 0, 0, 0, 3, 0, 0, 0
28, 17, 2, 0, 0, 0, 0, 3, 7888, 112, 2128
32, 21, 2, 0, 0, 0, 0, 3, 0, 0, 0
30, 20, 2, 0, 0, 0, 0, 3, 0, 0, 0
27, 18, 2, 0, 0, 0, 0, 3, 0, 0, 0
25, 18, 2, 0, 0, 0, 0, 3, 0, 0, 0
24, 17, 2, 0, 0, 0, 0, 3, 0, 0, 0
23, 16, 1, 0, 0, 0, 0, 3, 0, 0, 0
21, 17, 1, 0, 0, 0, 0, 3, 0, 0, 0
24, 21, 1, 0, 0, 0, 0, 3, 0, 0, 0
29, 25, 1, 0, 0, 0, 0, 3, 0, 0, 0
33, 27, 0, 0, 0, 0, 0, 3, 0, 0, 0
32, 22, 1, 0, 0, 0, 0, 3, 7888, 112, 2112
25, 16, 0, 0, 0, 0, 0, 3, 0, 0, 0
16, 13, 0, 0, 0, 0, 0, 3, 0, 0, 0
13, 15, 0, 0, 0, 0, 0, 3, 0, 0, 0
16, 16, 0, 0, 0, 0, 0, 3, 0, 0, 0
20, 13, 0, 0, 0, 0, 0, 3, 0, 0, 0
23, 12, 0, 0, 0, 0, 0, 3, 0, 0, 0
23, 14, -1, 0, 0, 0, 0, 3, 0, 0, 0
20, 16, -2, 0, 0, 0, 0, 3, 0, 0, 0
16, 13, -3, 0, 0, 0, 0, 3, 0, 0, 0
18, 12, -3, 0, 0, 0, 0, 3, 7904, 128, 2112
17, 11, -2, 0, 0, 0, 0, 3, 0, 0, 0
16, 12, -2, 0, 0, 0, 0, 3, 0, 0, 0
13, 12, -1, 0, 0, 0, 0, 3, 0, 0, 0
7, 9, 0, 0, 0, 0, 0, 3, 0, 0, 0
3, 5, 0, 0, 0, 0, 0, 3, 0, 0, 0
5, 3, 1, 0, 0, 0, 0, 3, 0, 0, 0
9, 6, 2, 0, 0, 0, 0, 3, 0, 0, 0
9, 8, 2, 0, 0, 0, 0, 3, 0, 0, 0
7, 9, 3, 0, 0, 0, 0, 3, 0, 0, 0
15, 11, 3, 0, 0, 0, 0, 3, 0, 0, 0
22, 11, 3, 0, 0, 0, 0, 3, 7856, 80, 2160
24, 11, 3, 0, 0, 0, 0, 3, 0, 0, 0
17, 11, 2, 0, 0, 0, 0, 3, 0, 0, 0
2, 6, 2, 0, 0, 0, 0, 3, 0, 0, 0
0, 4, 2, 0, 0, 0, 0, 3, 0, 0, 0
6, 4, 3, 0, 0, 0, 0, 3, 0, 0, 0
13, 9, 3, 0, 0, 0, 0, 3, 0, 0, 0
18, 13, 4, 0, 0, 0, 0, 3, 0, 0, 0
18, 12, 4, 0, 0, 0, 0, 3, 0, 0, 0
13, 9, 6, 0, 0, 0, 0, 3, 7840, 96, 2176
7, 6, 6, 0, 0, 0, 0, 3, 0, 0, 0
8, 8, 7, 0, 0, 0, 0, 3, 0, 0, 0
16, 12, 8, 0, 0, 0, 0, 3, 0, 0, 0
19, 12, 8, 0, 0, 0, 0, 3, 0, 0, 0
18, 12, 9, 0, 0, 0, 0, 3, 0, 0, 0
15, 15, 9, 0, 0, 0, 0, 3, 0, 0, 0
7, 15, 10, 0, 0, 0, 0, 3, 0, 0, 0
3, 13, 11, 0, 0, 0, 0, 3, 0, 0, 0
6, 8, 12, 0, 0, 0, 0, 3, 0, 0, 0
6, 5, 13, 0, 0, 0, 0, 3, 0, 0, 0
6, 6, 14, 0, 0, 0, 0, 3, 0, 0, 0
9, 12, 16, 0, 0, 0, 0, 3, 7840, 128, 2176
10, 15, 17, 0, 0, 0, 0, 3, 0, 0, 0
8, 13, 19, 0, 0, 0, 0, 3, 0, 0, 0
2, 9, 21, 0, 0, 0, 0, 3, 0, 0, 0
-2, 7, 23, 0, 0, 0, 0, 3, 0, 0, 0
-2, 5, 26, 0, 0, 0, 0, 3, 0, 0, 0
5, 7, 28, 0, 0, 0, 0, 3, 0, 0, 0
11, 7, 30, 0, 0, 0, 0, 3, 0, 0, 0
12, 4, 32, 0, 0, 0, 0, 3, 0, 0, 0
9, 2, 34, 0, 0, 0, 0, 3, 7856, 80, 2176
3, 0, 35, 0, 0, 0, 0, 3, 0, 0, 0
-1, 4, 36, 0, 0, 0, 0, 3, 0, 0, 0
0, 6, 37, 0, 0, 0, 0, 3, 0, 0, 0
4, 8, 37, 0, 0, 0, 0, 3, 0, 0, 0
0, 8, 38, 0, 0, 0, 0, 3, 0, 0, 0
-1, 8, 38, 0, 0, 0, 0, 3, 0, 0, 0
2, 6, 38, 0, 0, 0, 0, 3, 0, 0, 0
6, 5, 38, 0, 0, 0, 0, 3, 0, 0, 0
9, 6, 39, 0, 0, 0, 0, 3, 0, 0, 0
7, 6, 40, 0, 0, 0, 0, 3, 7872, 112, 0
7, 10, 41, 0, 0, 0, 0, 3, 0, 0, 2160
5, 12, 41, 0, 0, 0, 0, 3, 0, 0, 0
2, 10, 42, 0, 0, 0, 0, 3, 0, 0, 0
-2, 8, 43, 0, 0, 0, 0, 3, 0, 0, 0
-9, 5, 44, 0, 0, 0, 0, 3, 0, 0, 0
-9, 0, 45, 0, 0, 0, 0, 3, 0, 0, 0
-1, 1, 46, 0, 0, 0, 0, 3, 0, 0, 0
0, 5, 47, 0, 0, 0, 0, 3, 0, 0, 0
0, 7, 47, 0, 0, 0, 0, 3, 0, 0, 0
0, 8, 47, 0, 0, 0, 0, 3, 7888, 144, 2224
1, 4, 47, 0, 0, 0, 0, 3, 0, 0, 0
1, 2, 48, 0, 0, 0, 0, 3, 0, 0, 0
0, 2, 48, 0, 0, 0, 0, 3, 0, 0, 0
-4, 2, 48, 0, 0, 0, 0, 3, 0, 0, 0
-4, 4, 47, 0, 0, 0, 0, 3, 0, 0, 0
0, 6, 46, 0, 0, 0, 0, 3, 0, 0, 0
1, 7, 46, 0, 0, 0, 0, 3, 0, 0, 0
0, 6, 45, 0, 0, 0, 0, 3, 0, 0, 0
0, 5, 44, 0, 0, 0, 0, 3, 0, 0, 0
-2, 5, 42, 0, 0, 0, 0, 3, 0, 0, 0
-5, 5, 42, 0, 0, 0, 0, 3, 7904, 112, 0
-5, 4, 40, 0, 0, 0, 0, 3, 0, 0, 2224
-7, 0, 40, 0, 0, 0, 0, 3, 0, 0, 0
-5, 1, 39, 0, 0, 0, 0, 3, 0, 0, 0
-2, 2, 39, 0, 0, 0, 0, 3, 0, 0, 0
2, 6, 38, 0, 0, 0, 0, 3, 0, 0, 0
5, 8, 37, 0, 0, 0, 0, 3, 0, 0, 0
2, 10, 37, 0, 0, 0, 0, 3, 0, 0, 0
-4, 9, 36, 0, 0, 0, 0, 3, 0, 0, 0
-4, 8, 35, 0, 0, 0, 0, 3, 0, 0, 0
-5, 5, 33, 0, 0, 0, 0, 3, 7904, 96, 2208
-12, 3, 33, 0, 0, 0, 0, 3, 0, 0, 0
-14, 2, 32, 0, 0, 0, 0, 3, 0, 0, 0
-4, 5, 30, 0, 0, 0, 0, 3, 0, 0, 0
7, 11, 29, 0, 0, 0, 0, 3, 0, 0, 0
13, 16, 27, 0, 0, 0, 0, 3, 0, 0, 0
15, 17, 25, 0, 0, 0, 0, 3, 0, 0, 0
6, 14, 23, 0, 0, 0, 0, 3, 0, 0, 0
-4, 11, 22, 0, 0, 0, 0, 3, 0, 0, 0
-5, 9, 20, 0, 0, 0, 0, 3, 0, 0, 0
-1, 9, 19, 0, 0, 0, 0, 3, 7936, 96, 2128
-1, 8, 18, 0, 0, 0, 0, 3, 0, 0, 0
-4, 6, 16, 0, 0, 0, 0, 3, 0, 0, 0
-1, 8, 15, 0, 0, 0, 0, 3, 0, 0, 0
4, 14, 15, 0, 0, 0, 0, 3, 0, 0, 0
4, 14, 14, 0, 0, 0, 0, 3, 0, 0, 0
4, 13, 15, 0, 0, 0, 0, 3, 0, 0, 0
3, 14, 15, 0, 0, 0, 0, 3, 0, 0, 0
1, 12, 15, 0, 0, 0, 0, 3, 0, 0, 0
-1, 13, 16, 0, 0, 0, 0, 3, 0, 0, 0
0, 15, 16, 0, 0, 0, 0, 3, 0, 0, 0
2, 15, 16, 0, 0, 0, 0, 3, 7888, 144, 2144
0, 12, 18, 0, 0, 0, 0, 3, 0, 0, 0
0, 13, 18, 0, 0, 0, 0, 3, 0, 0, 0
-3, 8, 19, 0, 0, 0, 0, 3, 0, 0, 0
-2, 8, 19, 0, 0, 0, 0, 3, 0, 0, 0
2, 12, 19, 0, 0, 0, 0, 3, 0, 0, 0
4, 10, 19, 0, 0, 0, 0, 3, 0, 0, 0
1, 10, 19, 0, 0, 0, 0, 3, 0, 0, 0
1, 13, 19, 0, 0, 0, 0, 3, 0, 0, 0
-3, 14, 18, 0, 0, 0, 0, 3, 0, 0, 0
-1, 15, 19, 0, 0, 0, 0, 3, 7840, 160, 2128
4, 18, 18, 0, 0, 0, 0, 3, 0, 0, 0
1, 14, 17, 0, 0, 0, 0, 3, 0, 0, 0
0, 10, 17, 0, 0, 0, 0, 3, 0, 0, 0
1, 11, 16, 0, 0, 0, 0, 3, 0, 0, 0
-4, 8, 15, 0, 0, 0, 0, 3, 0, 0, 0
-13, 1, 15, 0, 0, 0, 0, 3, 0, 0, 0
-15, -3, 14, 0, 0, 0, 0, 3, 0, 0, 0
-8, 4, 14, 0, 0, 0, 0, 3, 0, 0, 0
1, 16, 13, 0, 0, 0, 0, 3, 0, 0, 0
3, 23, 12, 0, 0, 0, 0, 3, 0, 0, 0
5, 26, 12, 0, 0, 0, 0, 3, 7872, 176, 2112
10, 29, 11, 0, 0, 0, 0, 3, 0, 0, 0
13, 29, 10, 0, 0, 0, 0, 3, 0, 0, 0
14, 26, 9, 0, 0, 0, 0, 3, 0, 0, 0
9, 21, 8, 0, 0, 0, 0, 3, 0, 0, 0
7, 17, 8, 0, 0, 0, 0, 3, 0, 0, 0
7, 18, 7, 0, 0, 0, 0, 3, 0, 0, 0
0, 21, 6, 0, 0, 0, 0, 3, 0, 0, 0
1, 21, 6, 0, 0, 0, 0, 3, 0, 0, 0
9, 21, 5, 0, 0, 0, 0, 3, 7840, 176, 2160
12, 22, 5, 0, 0, 0, 0, 3, 0, 0, 0
6, 21, 4, 0, 0, 0, 0, 3, 0, 0, 0
2, 17, 4, 0, 0, 0, 0, 3, 0, 0, 0
0, 17, 4, 0, 0, 0, 0, 3, 0, 0, 0
-2, 22, 3, 0, 0, 0, 0, 3, 0, 0, 0
4, 27, 3, 0, 0, 0, 0, 3, 0, 0, 0
15, 27, 3, 0, 0, 0, 0, 3, 0, 0, 0
20, 27, 3, 0, 0, 0, 0, 3, 0, 0, 0
20, 29, 2, 0, 0, 0, 0, 3, 0, 0, 0
18, 29, 2, 0, 0, 0, 0, 3, 7840, 160, 0
15, 27, 1, 0, 0, 0, 0, 3, 0, 0, 2160
8, 19, 1, 0, 0, 0, 0, 3, 0, 0, 0
1, 14, 0, 0, 0, 0, 0, 3, 0, 0, 0
-3, 14, 0, 0, 0, 0, 0, 3, 0, 0, 0
-9, 12, 0, 0, 0, 0, 0, 3, 0, 0, 0
-10, 9, -1, 0, 0, 0, 0, 3, 0, 0, 0
-6, 8, -2, 0, 0, 0, 0, 3, 0, 0, 0
-4, 10, -3, 0, 0, 0, 0, 3, 0, 0, 0
-4, 10, -3, 0, 0, 0, 0, 3, 0, 0, 0
-2, 12, -4, 0, 0, 0, 0, 3, 0, 0, 0
-2, 14, -4, 0, 0, 0, 0, 3, 7856, 112, 2208
-6, 12, -5, 0, 0, 0, 0, 3, 0, 0, 0
-13, 9, -5, 0, 0, 0, 0, 3, 0, 0, 0
-10, 10, -6, 0, 0, 0, 0, 3, 0, 0, 0
0, 16, -6, 0, 0, 0, 0, 3, 0, 0, 0
2, 15, -6, 0, 0, 0, 0, 3, 0, 0, 0
-1, 13, -6, 0, 0, 0, 0, 3, 0, 0, 0
-5, 10, -6, 0, 0, 0, 0, 3, 0, 0, 0
-4, 5, -6, 0, 0, 0, 0, 3, 0, 0, 0
0, 6, -5, 0, 0, 0, 0, 3, 0, 0, 0
0, 7, -6, 0, 0, 0, 0, 3, 7824, 80, 0
-5, 8, -5, 0, 0, 0, 0, 3, 0, 0, 2176
-10, 13, -5, 0, 0, 0, 0, 3, 0, 0, 0
-12, 15, -5, 0, 0, 0, 0, 3, 0, 0, 0
-5, 13, -4, 0, 0, 0, 0, 3, 0, 0, 0
4, 12, -4, 0, 0, 0, 0, 3, 0, 0, 0
8, 13, -3, 0, 0, 0, 0, 3, 0, 0, 0
5, 9, -1, 0, 0, 0, 0, 3, 0, 0, 0
1, 8, 0, 0, 0, 0, 0, 3, 0, 0, 0
0, 11, 0, 0, 0, 0, 0, 3, 0, 0, 0
-5, 12, 1, 0, 0, 0, 0, 3, 7840, 80, 2192
-12, 8, 2, 0, 0, 0, 0, 3, 0, 0, 0
-16, 5, 3, 0, 0, 0, 0, 3, 0, 0, 0
-9, 3, 4, 0, 0, 0, 0, 3, 0, 0, 0
1, 5, 4, 0, 0, 0, 0, 3, 0, 0, 0
8, 12, 5, 0, 0, 0, 0, 3, 0, 0, 0
8, 15, 6, 0, 0, 0, 0, 3, 0, 0, 0
3, 12, 6, 0, 0, 0, 0, 3, 0, 0, 0
-5, 9, 7, 0, 0, 0, 0, 3, 0, 0, 0
-9, 8, 7, 0, 0, 0, 0, 3, 0, 0, 0
-6, 11, 8, 0, 0, 0, 0, 3, 0, 0, 0
-8, 11, 8, 0, 0, 0, 0, 3, 7808, 48, 2176
-9, 11, 8, 0, 0, 0, 0, 3, 0, 0, 0
0, 13, 8, 0, 0, 0, 0, 3, 0, 0, 0
9, 15, 8, 0, 0, 0, 0, 3, 0, 0, 0
12, 13, 7, 0, 0, 0, 0, 3, 0, 0, 0
8, 9, 7, 0, 0, 0, 0, 3, 0, 0, 0
3, 9, 6, 0, 0, 0, 0, 3, 0, 0, 0
1, 14, 6, 0, 0, 0, 0, 3, 0, 0, 0
3, 17, 6, 0, 0, 0, 0, 3, 0, 0, 0
1, 18, 6, 0, 0, 0, 0, 3, 0, 0, 0
-1, 16, 6, 0, 0, 0, 0, 3, 7888, 48, 2240
-3, 12, 6, 0, 0, 0, 0, 3, 0, 0, 0
-6, 9, 7, 0, 0, 0, 0, 3, 0, 0, 0
-5, 9, 7, 0, 0, 0, 0, 3, 0, 0, 0
0, 10, 7, 0, 0, 0, 0, 3, 0, 0, 0
3, 8, 8, 0, 0, 0, 0, 3, 0, 0, 0
-1, 5, 8, 0, 0, 0, 0, 3, 0, 0, 0
-9, 6, 8, 0, 0, 0, 0, 3, 0, 0, 0
-14, 8, 10, 0, 0, 0, 0, 3, 0, 0, 0
-13, 8, 12, 0, 0, 0, 0, 3, 0, 0, 0
-7, 2, 12, 0, 0, 0, 0, 3, 7872, 64, 2208
-2, 0, 14, 0, 0, 0, 0, 3, 0, 0, 0
-2, 2, 16, 0, 0, 0, 0, 3, 0, 0, 0
-2, 9, 17, 0, 0, 0, 0, 3, 0, 0, 0
3, 14, 19, 0, 0, 0, 0, 3, 0, 0, 0
8, 13, 21, 0, 0, 0, 0, 3, 0, 0, 0
4, 9, 23, 0, 0, 0, 0, 3, 0, 0, 0
-4, 4, 25, 0, 0, 0, 0, 3, 0, 0, 0
-10, 8, 26, 0, 0, 0, 0, 3, 0, 0, 0
-9, 9, 28, 0, 0, 0, 0, 3, 0, 0, 0
-1, 12, 29, 0, 0, 0, 0, 3, 7888, 96, 2192
5, 14, 29, 0, 0, 0, 0, 3, 0, 0, 0
8, 14, 30, 0, 0, 0, 0, 3, 0, 0, 0
4, 11, 31, 0, 0, 0, 0, 3, 0, 0, 0
0, 10, 31, 0, 0, 0, 0, 3, 0, 0, 0
1, 12, 32, 0, 0, 0, 0, 3, 0, 0, 0
0, 9, 33, 0, 0, 0, 0, 3, 0, 0, 0
-6, 7, 34, 0, 0, 0, 0, 3, 0, 0, 0
-12, 4, 36, 0, 0, 0, 0, 3, 0, 0, 0
-14, 2, 37, 0, 0, 0, 0, 3, 0, 0, 0
-12, 2, 39, 0, 0, 0, 0, 3, 0, 0, 0
-8, 4, 40, 0, 0, 0, 0, 3, 7824, 96, 0
-5, 5, 42, 0, 0, 0, 0, 3, 0, 0, 2192
-4, 6, 43, 0, 0, 0, 0, 3, 0, 0, 0
-6, 7, 44, 0, 0, 0, 0, 3, 0, 0, 0
-6, 6, 44, 0, 0, 0, 0, 3, 0, 0, 0
-8, 1, 45, 0, 0, 0, 0, 3, 0, 0, 0
-10, -2, 46, 0, 0, 0, 0, 3, 0, 0, 0
-13, -1, 46, 0, 0, 0, 0, 3, 0, 0, 0
-12, 2, 46, 0, 0, 0, 0, 3, 0, 0, 0
-8, 3, 46, 0, 0, 0, 0, 3, 0, 0, 0
-5, 4, 46, 0, 0, 0, 0, 3, 7840, 112, 2224
-2, 7, 44, 0, 0, 0, 0, 3, 0, 0, 0
-2, 9, 44, 0, 0, 0, 0, 3, 0, 0, 0
-3, 9, 42, 0, 0, 0, 0, 3, 0, 0, 0
-4, 8, 42, 0, 0, 0, 0, 3, 0, 0, 0
-7, 4, 40, 0, 0, 0, 0, 3, 0, 0, 0
-14, -3, 39, 0, 0, 0, 0, 3, 0, 0, 0
-15, -4, 37, 0, 0, 0, 0, 3, 0, 0, 0
-9, 0, 37, 0, 0, 0, 0, 3, 0, 0, 0
-4, 8, 36, 0, 0, 0, 0, 3, 0, 0, 0
-7, 8, 34, 0, 0, 0, 0, 3, 7872, 112, 0
-12, 7, 33, 0, 0, 0, 0, 3, 0, 0, 2208
-15, 5, 31, 0, 0, 0, 0, 3, 0, 0, 0
-17, 5, 30, 0, 0, 0, 0, 3, 0, 0, 0
-21, 4, 28, 0, 0, 0, 0, 3, 0, 0, 0
-29, 7, 26, 0, 0, 0, 0, 3, 0, 0, 0
-33, 11, 24, 0, 0, 0, 0, 3, 0, 0, 0
-29, 14, 22, 0, 0, 0, 0, 3, 0, 0, 0
-27, 12, 21, 0, 0, 0, 0, 3, 0, 0, 0
-28, 7, 20, 0, 0, 0, 0, 3, 0, 0, 0
-30, 0, 18, 0, 0, 0, 0, 3, 7888, 144, 2176
-35, -6, 17, 0, 0, 0, 0, 3, 0, 0, 0
-38, -6, 15, 0, 0, 0, 0, 3, 0, 0, 0
-37, -5, 14, 0, 0, 0, 0, 3, 0, 0, 0
-34, -4, 13, 0, 0, 0, 0, 3, 0, 0, 0
-31, 0, 13, 0, 0, 0, 0, 3, 0, 0, 0
-29, 0, 12, 0, 0, 0, 0, 3, 0, 0, 0
-32, 0, 12, 0, 0, 0, 0, 3, 0, 0, 0
-33, 0, 13, 0, 0, 0, 0, 3, 0, 0, 0
-31, -1, 13, 0, 0, 0, 0, 3, 0, 0, 0
-29, -3, 14, 0, 0, 0, 0, 3, 0, 0, 0
-32, -7, 15, 0, 0, 0, 0, 3, 0, 0, 0
-37, -11, 16, 0, 0, 0, 0, 3, 7872, 144, 2160
-44, -15, 16, 0, 0, 0, 0, 3, 0, 0, 0
-49, -15, 17, 0, 0, 0, 0, 3, 0, 0, 0
-48, -13, 18, 0, 0, 0, 0, 3, 0, 0, 0
-45, -13, 18, 0, 0, 0, 0, 3, 0, 0, 0
-47, -18, 19, 0, 0, 0, 0, 3, 0, 0, 0
-50, -24, 20, 0, 0, 0, 0, 3, 0, 0, 0
-49, -22, 21, 0, 0, 0, 0, 3, 0, 0, 0
-44, -18, 21, 0, 0, 0, 0, 3, 0, 0, 0
-40, -15, 21, 0, 0, 0, 0, 3, 7872, 144, 2176
-38, -13, 21, 0, 0, 0, 0, 3, 0, 0, 0
-40, -15, 21, 0, 0, 0, 0, 3, 0, 0, 0
-40, -16, 21, 0, 0, 0, 0, 3, 0, 0, 0
-37, -14, 21, 0, 0, 0, 0, 3, 0, 0, 0
-37, -12, 20, 0, 0, 0, 0, 3, 0, 0, 0
-39, -11, 20, 0, 0, 0, 0, 3, 0, 0, 0
-33, -5, 19, 0, 0, 0, 0, 3, 0, 0, 0
-25, -1, 19, 0, 0, 0, 0, 3, 0, 0, 0
-23, -1, 18, 0, 0, 0, 0, 3, 0, 0, 0
-22, -3, 17, 0, 0, 0, 0, 3, 7856, 144, 2112
-26, -4, 16, 0, 0, 0, 0, 3, 0, 0, 0
-35, -7, 16, 0, 0, 0, 0, 3, 0, 0, 0
-41, -8, 16, 0, 0, 0, 0, 3, 0, 0, 0
-36, -4, 15, 0, 0, 0, 0, 3, 0, 0, 0
-31, -3, 15, 0, 0, 0, 0, 3, 0, 0, 0
-26, -4, 14, 0, 0, 0, 0, 3, 0, 0, 0
-25, -7, 14, 0, 0, 0, 0, 3, 0, 0, 0
-30, -10, 13, 0, 0, 0, 0, 3, 0, 0, 0
-33, -7, 12, 0, 0, 0, 0, 3, 0, 0, 0
-32, -1, 12, 0, 0, 0, 0, 3, 7856, 192, 2176
-30, 0, 11, 0, 0, 0, 0, 3, 0, 0, 0
-29, -3, 10, 0, 0, 0, 0, 3, 0, 0, 0
-30, -6, 10, 0, 0, 0, 0, 3, 0, 0, 0
-29, -3, 9, 0, 0, 0, 0, 3, 0, 0, 0
-23, 4, 9, 0, 0, 0, 0, 3, 0, 0, 0
-20, 6, 9, 0, 0, 0, 0, 3, 0, 0, 0
-23, 3, 9, 0, 0, 0, 0, 3, 0, 0, 0
-25, -2, 9, 0, 0, 0, 0, 3, 0, 0, 0
-24, -4, 9, 0, 0, 0, 0, 3, 0, 0, 0
-22, 0, 10, 0, 0, 0, 0, 3, 0, 0, 0
-18, 3, 10, 0, 0, 0, 0, 3, 7872, 192, 2112
-15, 4, 10, 0, 0, 0, 0, 3, 0, 0, 0
-12, 7, 9, 0, 0, 0, 0, 3, 0, 0, 0
-5, 13, 9, 0, 0, 0, 0, 3, 0, 0, 0
-4, 16, 8, 0, 0, 0, 0, 3, 0, 0, 0
-8, 16, 8, 0, 0, 0, 0, 3, 0, 0, 0
-10, 14, 8, 0, 0, 0, 0, 3, 0, 0, 0
-13, 12, 7, 0, 0, 0, 0, 3, 0, 0, 0
-16, 10, 7, 0, 0, 0, 0, 3, 0, 0, 0
-17, 7, 6, 0, 0, 0, 0, 3, 0, 0, 0
-16, 6, 5, 0, 0, 0, 0, 3, 7840, 192, 2128
-19, 5, 4, 0, 0, 0, 0, 3, 0, 0, 0
-26, 3, 4, 0, 0, 0, 0, 3, 0, 0, 0
-28, 2, 4, 0, 0, 0, 0, 3, 0, 0, 0
-22, 2, 3, 0, 0, 0, 0, 3, 0, 0, 0
-16, 5, 1, 0, 0, 0, 0, 3, 0, 0, 0
-13, 8, 0, 0, 0, 0, 0, 3, 0, 0, 0
-15, 8, 0, 0, 0, 0, 0, 3, 0, 0, 0
-16, 6, -1, 0, 0, 0, 0, 3, 0, 0, 0
-12, 7, -2, 0, 0, 0, 0, 3, 0, 0, 0
-7, 8, -3, 0, 0, 0, 0, 3, 7808, 176, 2144
-6, 8, -4, 0, 0, 0, 0, 3, 0, 0, 0
-7, 8, -4, 0, 0, 0, 0, 3, 0, 0, 0
-11, 6, -4, 0, 0, 0, 0, 3, 0, 0, 0
-12, 3, -4, 0, 0, 0, 0, 3, 0, 0, 0
-14, 2, -4, 0, 0, 0, 0, 3, 0, 0, 0
-16, 3, -3, 0, 0, 0, 0, 3, 0, 0, 0
-16, 8, -3, 0, 0, 0, 0, 3, 0, 0, 0
-14, 13, -2, 0, 0, 0, 0, 3, 0, 0, 0
-7, 16, -1, 0, 0, 0, 0, 3, 0, 0, 0
-2, 14, -1, 0, 0, 0, 0, 3, 7824, 160, 0
-7, 14, 0, 0, 0, 0, 0, 3, 0, 0, 2080
-14, 15, 0, 0, 0, 0, 0, 3, 0, 0, 0
-12, 14, 0, 0, 0, 0, 0, 3, 0, 0, 0
-4, 14, 0, 0, 0, 0, 0, 3, 0, 0, 0
-4, 14, 0, 0, 0, 0, 0, 3, 0, 0, 0
-7, 13, 0, 0, 0, 0, 0, 3, 0, 0, 0
-8, 14, 0, 0, 0, 0, 0, 3, 0, 0, 0
-7, 13, 0, 0, 0, 0, 0, 3, 0, 0, 0
-2, 15, 0, 0, 0, 0, 0, 3, 0, 0, 0
1, 20, 0, 0, 0, 0, 0, 3, 0, 0, 0
2, 21, 0, 0, 0, 0, 0, 3, 7840, 128, 2144
-3, 20, 0, 0, 0, 0, 0, 3, 0, 0, 0
-7, 20, -1, 0, 0, 0, 0, 3, 0, 0, 0
-8, 19, -1, 0, 0, 0, 0, 3, 0, 0, 0
-4, 18, 0, 0, 0, 0, 0, 3, 0, 0, 0
0, 15, 0, 0, 0, 0, 0, 3, 0, 0, 0
1, 12, 0, 0, 0, 0, 0, 3, 0, 0, 0
0, 13, 1, 0, 0, 0, 0, 3, 0, 0, 0
-2, 15, 2, 0, 0, 0, 0, 3, 0, 0, 0
-1, 16, 3, 0, 0, 0, 0, 3, 0, 0, 0
-2, 16, 4, 0, 0, 0, 0, 3, 7888, 128, 0
-4, 16, 4, 0, 0, 0, 0, 3, 0, 0, 2176
-3, 17, 5, 0, 0, 0, 0, 3, 0, 0, 0
2, 18, 4, 0, 0, 0, 0, 3, 0, 0, 0
3, 16, 5, 0, 0, 0, 0, 3, 0, 0, 0
6, 15, 4, 0, 0, 0, 0, 3, 0, 0, 0
12, 21, 5, 0, 0, 0, 0, 3, 0, 0, 0
13, 25, 5, 0, 0, 0, 0, 3, 0, 0, 0
11, 28, 6, 0, 0, 0, 0, 3, 0, 0, 0
5, 23, 6, 0, 0, 0, 0, 3, 0, 0, 0
-3, 12, 7, 0, 0, 0, 0, 3, 7872, 112, 2224
-5, 10, 7, 0, 0, 0, 0, 3, 0, 0, 0
-2, 14, 8, 0, 0, 0, 0, 3, 0, 0, 0
0, 18, 9, 0, 0, 0, 0, 3, 0, 0, 0
3, 19, 10, 0, 0, 0, 0, 3, 0, 0, 0
5, 18, 12, 0, 0, 0, 0, 3, 0, 0, 0
4, 18, 13, 0, 0, 0, 0, 3, 0, 0, 0
1, 17, 15, 0, 0, 0, 0, 3, 0, 0, 0
0, 14, 16, 0, 0, 0, 0, 3, 0, 0, 0
-4, 12, 18, 0, 0, 0, 0, 3, 0, 0, 0
-4, 11, 21, 0, 0, 0, 0, 3, 0, 0, 0
0, 10, 23, 0, 0, 0, 0, 3, 7856, 128, 0
0, 10, 25, 0, 0, 0, 0, 3, 0, 0, 2192
-4, 11, 28, 0, 0, 0, 0, 3, 0, 0, 0
-5, 10, 29, 0, 0, 0, 0, 3, 0, 0, 0
-8, 12, 32, 0, 0, 0, 0, 3, 0, 0, 0
-5, 16, 33, 0, 0, 0, 0, 3, 0, 0, 0
-3, 17, 34, 0, 0, 0, 0, 3, 0, 0, 0
0, 16, 36, 0, 0, 0, 0, 3, 0, 0, 0
0, 16, 37, 0, 0, 0, 0, 3, 0, 0, 0
0, 12, 38, 0, 0, 0, 0, 3, 0, 0, 0
1, 9, 39, 0, 0, 0, 0, 3, 7872, 128, 2160
0, 9, 40, 0, 0, 0, 0, 3, 0, 0, 0
-1, 10, 40, 0, 0, 0, 0, 3, 0, 0, 0
0, 11, 40, 0, 0, 0, 0, 3, 0, 0, 0
0, 12, 40, 0, 0, 0, 0, 3, 0, 0, 0
1, 16, 41, 0, 0, 0, 0, 3, 0, 0, 0
0, 16, 40, 0, 0, 0, 0, 3, 0, 0, 0
0, 12, 40, 0, 0, 0, 0, 3, 0, 0, 0
4, 8, 40, 0, 0, 0, 0, 3, 0, 0, 0
4, 12, 40, 0, 0, 0, 0, 3, 0, 0, 0
6, 16, 40, 0, 0, 0, 0, 3, 7840, 128, 2176
5, 19, 41, 0, 0, 0, 0, 3, 0, 0, 0
1, 19, 42, 0, 0, 0, 0, 3, 0, 0, 0
0, 18, 42, 0, 0, 0, 0, 3, 0, 0, 0
0, 18, 43, 0, 0, 0, 0, 3, 0, 0, 0
3, 17, 43, 0, 0, 0, 0, 3, 0, 0, 0
1, 13, 43, 0, 0, 0, 0, 3, 0, 0, 0
-2, 9, 43, 0, 0, 0, 0, 3, 0, 0, 0
-4, 9, 44, 0, 0, 0, 0, 3, 0, 0, 0
-5, 12, 43, 0, 0, 0, 0, 3, 0, 0, 0
-2, 12, 43, 0, 0, 0, 0, 3, 7808, 80, 2208
1, 11, 42, 0, 0, 0, 0, 3, 0, 0, 0
3, 14, 41, 0, 0, 0, 0, 3, 0, 0, 0
6, 15, 40, 0, 0, 0, 0, 3, 0, 0, 0
8, 13, 38, 0, 0, 0, 0, 3, 0, 0, 0
8, 17, 37, 0, 0, 0, 0, 3, 0, 0, 0
10, 20, 35, 0, 0, 0, 0, 3, 0, 0, 0
10, 18, 34, 0, 0, 0, 0, 3, 0, 0, 0
8, 19, 32, 0, 0, 0, 0, 3, 0, 0, 0
6, 18, 31, 0, 0, 0, 0, 3, 0, 0, 0
3, 17, 29, 0, 0, 0, 0, 3, 0, 0, 0
1, 12, 28, 0, 0, 0, 0, 3, 0, 0, 0
-4, 8, 26, 0, 0, 0, 0, 3, 7808, 64, 2192
-5, 5, 25, 0, 0, 0, 0, 3, 0, 0, 0
0, 7, 23, 0, 0, 0, 0, 3, 0, 0, 0
6, 13, 22, 0, 0, 0, 0, 3, 0, 0, 0
6, 12, 20, 0, 0, 0, 0, 3, 0, 0, 0
1, 8, 18, 0, 0, 0, 0, 3, 0, 0, 0
-3, 11, 17, 0, 0, 0, 0, 3, 0, 0, 0
-3, 16, 16, 0, 0, 0, 0, 3, 0, 0, 0
-1, 16, 16, 0, 0, 0, 0, 3, 0, 0, 0
2, 16, 16, 0, 0, 0, 0, 3, 7808, 64, 2208
5, 13, 16, 0, 0, 0, 0, 3, 0, 0, 0
5, 10, 16, 0, 0, 0, 0, 3, 0, 0, 0
7, 13, 16, 0, 0, 0, 0, 3, 0, 0, 0
7, 18, 16, 0, 0, 0, 0, 3, 0, 0, 0
6, 18, 17, 0, 0, 0, 0, 3, 0, 0, 0
3, 17, 17, 0, 0, 0, 0, 3, 0, 0, 0
1, 16, 18, 0, 0, 0, 0, 3, 0, 0, 0
3, 15, 18, 0, 0, 0, 0, 3, 0, 0, 0
7, 15, 19, 0, 0, 0, 0, 3, 0, 0, 0
4, 16, 19, 0, 0, 0, 0, 3, 7824, 80, 2160
1, 13, 20, 0, 0, 0, 0, 3, 0, 0, 0
3, 8, 20, 0, 0, 0, 0, 3, 0, 0, 0
8, 8, 21, 0, 0, 0, 0, 3, 0, 0, 0
4, 12, 21, 0, 0, 0, 0, 3, 0, 0, 0
-4, 15, 21, 0, 0, 0, 0, 3, 0, 0, 0
1, 13, 21, 0, 0, 0, 0, 3, 0, 0, 0
12, 12, 21, 0, 0, 0, 0, 3, 0, 0, 0
14, 14, 21, 0, 0, 0, 0, 3, 0, 0, 0
4, 16, 20, 0, 0, 0, 0, 3, 0, 0, 0
0, 13, 19, 0, 0, 0, 0, 3, 0, 0, 0
0, 9, 18, 0, 0, 0, 0, 3, 7840, 112, 2192
0, 7, 18, 0, 0, 0, 0, 3, 0, 0, 0
7, 18, 17, 0, 0, 0, 0, 3, 0, 0, 0
14, 27, 16, 0, 0, 0, 0, 3, 0, 0, 0
10, 31, 16, 0, 0, 0, 0, 3, 0, 0, 0
3, 31, 16, 0, 0, 0, 0, 3, 0, 0, 0
8, 28, 15, 0, 0, 0, 0, 3, 0, 0, 0
15, 28, 14, 0, 0, 0, 0, 3, 0, 0, 0
16, 24, 14, 0, 0, 0, 0, 3, 0, 0, 0
24, 24, 13, 0, 0, 0, 0, 3, 0, 0, 0
32, 29, 13, 0, 0, 0, 0, 3, 7808, 128, 2128
29, 29, 12, 0, 0, 0, 0, 3, 0, 0, 0
22, 29, 12, 0, 0, 0, 0, 3, 0, 0, 0
16, 27, 12, 0, 0, 0, 0, 3, 0, 0, 0
15, 25, 12, 0, 0, 0, 0, 3, 0, 0, 0
15, 27, 12, 0, 0, 0, 0, 3, 0, 0, 0
9, 26, 11, 0, 0, 0, 0, 3, 0, 0, 0
1, 21, 11, 0, 0, 0, 0, 3, 0, 0, 0
0, 15, 10, 0, 0, 0, 0, 3, 0, 0, 0
2, 16, 10, 0, 0, 0, 0, 3, 0, 0, 0
4, 16, 9, 0, 0, 0, 0, 3, 0, 0, 0
6, 14, 9, 0, 0, 0, 0, 3, 7824, 112, 2080
7, 16, 8, 0, 0, 0, 0, 3, 0, 0, 0
5, 15, 8, 0, 0, 0, 0, 3, 0, 0, 0
5, 15, 8, 0, 0, 0, 0, 3, 0, 0, 0
8, 16, 8, 0, 0, 0, 0, 3, 0, 0, 0
14, 20, 7, 0, 0, 0, 0, 3, 0, 0, 0
16, 23, 6, 0, 0, 0, 0, 3, 0, 0, 0
18, 23, 6, 0, 0, 0, 0, 3, 0, 0, 0
13, 21, 5, 0, 0, 0, 0, 3, 0, 0, 0
2, 18, 5, 0, 0, 0, 0, 3, 7872, 128, 2112
1, 14, 5, 0, 0, 0, 0, 3, 0, 0, 0
4, 12, 4, 0, 0, 0, 0, 3, 0, 0, 0
4, 7, 4, 0, 0, 0, 0, 3, 0, 0, 0
-1, 0, 3, 0, 0, 0, 0, 3, 0, 0, 0
-10, -2, 2, 0, 0, 0, 0, 3, 0, 0, 0
-17, 0, 1, 0, 0, 0, 0, 3, 0, 0, 0
-19, 1, 0, 0, 0, 0, 0, 3, 0, 0, 0
-12, 2, 0, 0, 0, 0, 0, 3, 0, 0, 0
-9, 2, -1, 0, 0, 0, 0, 3, 0, 0, 0
-4, 4, -1, 0, 0, 0, 0, 3, 0, 0, 0
1, 5, -2, 0, 0, 0, 0, 3, 0, 0, 0
4, 8, -1, 0, 0, 0, 0, 3, 7872, 112, 2112
4, 13, -1, 0, 0, 0, 0, 3, 0, 0, 0
-1, 11, 0, 0, 0, 0, 0, 3, 0, 0, 0
-7, 8, 0, 0, 0, 0, 0, 3, 0, 0, 0
-1, 9, 0, 0, 0, 0, 0, 3, 0, 0, 0
5, 15, 0, 0, 0, 0, 0, 3, 0, 0, 0
6, 18, 0, 0, 0, 0, 0, 3, 0, 0, 0
8, 18, 1, 0, 0, 0, 0, 3, 0, 0, 0
10, 17, 0, 0, 0, 0, 0, 3, 0, 0, 0
8, 15, 0, 0, 0, 0, 0, 3, 7840, 128, 2096
5, 16, 0, 0, 0, 0, 0, 3, 0, 0, 0
5, 16, 0, 0, 0, 0, 0, 3, 0, 0, 0
3, 10, -1, 0, 0, 0, 0, 3, 0, 0, 0
9, 12, -1, 0, 0, 0, 0, 3, 0, 0, 0
16, 18, -2, 0, 0, 0, 0, 3, 0, 0, 0
14, 19, -3, 0, 0, 0, 0, 3, 0, 0, 0
11, 14, -3, 0, 0, 0, 0, 3, 0, 0, 0
7, 8, -2, 0, 0, 0, 0, 3, 0, 0, 0
1, 5, -1, 0, 0, 0, 0, 3, 0, 0, 0
0, 7, 0, 0, 0, 0, 0, 3, 7824, 128, 0
0, 11, 0, 0, 0, 0, 0, 3, 0, 0, 2112
4, 16, 0, 0, 0, 0, 0, 3, 0, 0, 0
7, 15, 1, 0, 0, 0, 0, 3, 0, 0, 0
7, 12, 1, 0, 0, 0, 0, 3, 0, 0, 0
9, 14, 2, 0, 0, 0, 0, 3, 0, 0, 0
8, 13, 2, 0, 0, 0, 0, 3, 0, 0, 0
3, 9, 3, 0, 0, 0, 0, 3, 0, 0, 0
0, 8, 3, 0, 0, 0, 0, 3, 0, 0, 0
0, 9, 4, 0, 0, 0, 0, 3, 0, 0, 0
3, 12, 4, 0, 0, 0, 0, 3, 7808, 128, 2080
7, 14, 4, 0, 0, 0, 0, 3, 0, 0, 0
10, 16, 4, 0, 0, 0, 0, 3, 0, 0, 0
13, 18, 4, 0, 0, 0, 0, 3, 0, 0, 0
9, 19, 4, 0, 0, 0, 0, 3, 0, 0, 0
4, 17, 4, 0, 0, 0, 0, 3, 0, 0, 0
2, 15, 4, 0, 0, 0, 0, 3, 0, 0, 0
4, 15, 4, 0, 0, 0, 0, 3, 0, 0, 0
5, 16, 4, 0, 0, 0, 0, 3, 0, 0, 0
6, 15, 4, 0, 0, 0, 0, 3, 0, 0, 0
8, 15, 5, 0, 0, 0, 0, 3, 0, 0, 0
5, 12, 6, 0, 0, 0, 0, 3, 7776, 96, 0
4, 11, 7, 0, 0, 0, 0, 3, 0, 0, 2064
1, 11, 8, 0, 0, 0, 0, 3, 0, 0, 0
-6, 6, 8, 0, 0, 0, 0, 3, 0, 0, 0
-7, 7, 10, 0, 0, 0, 0, 3, 0, 0, 0
-7, 10, 11, 0, 0, 0, 0, 3, 0, 0, 0
-4, 13, 13, 0, 0, 0, 0, 3, 0, 0, 0
1, 12, 14, 0, 0, 0, 0, 3, 0, 0, 0
3, 8, 16, 0, 0, 0, 0, 3, 0, 0, 0
4, 6, 16, 0, 0, 0, 0, 3, 0, 0, 0
4, 10, 18, 0, 0, 0, 0, 3, 7872, 144, 2112
0, 15, 20, 0, 0, 0, 0, 3, 0, 0, 0
-5, 16, 22, 0, 0, 0, 0, 3, 0, 0, 0
-6, 16, 24, 0, 0, 0, 0, 3, 0, 0, 0
0, 19, 25, 0, 0, 0, 0, 3, 0, 0, 0
7, 16, 27, 0, 0, 0, 0, 3, 0, 0, 0
7, 16, 29, 0, 0, 0, 0, 3, 0, 0, 0
7, 18, 30, 0, 0, 0, 0, 3, 0, 0, 0
7, 18, 32, 0, 0, 0, 0, 3, 0, 0, 0
7, 13, 34, 0, 0, 0, 0, 3, 0, 0, 0
3, 9, 35, 0, 0, 0, 0, 3, 7872, 112, 2128
2, 9, 37, 0, 0, 0, 0, 3, 0, 0, 0
0, 9, 37, 0, 0, 0, 0, 3, 0, 0, 0
-8, 8, 39, 0, 0, 0, 0, 3, 0, 0, 0
-10, 9, 40, 0, 0, 0, 0, 3, 0, 0, 0
-7, 14, 42, 0, 0, 0, 0, 3, 0, 0, 0
-4, 14, 42, 0, 0, 0, 0, 3, 0, 0, 0
-1, 10, 43, 0, 0, 0, 0, 3, 0, 0, 0
4, 7, 44, 0, 0, 0, 0, 3, 0, 0, 0
7, 11, 45, 0, 0, 0, 0, 3, 0, 0, 0
2, 14, 46, 0, 0, 0, 0, 3, 0, 0, 0
-4, 10, 46, 0, 0, 0, 0, 3, 7840, 96, 2224
-6, 10, 47, 0, 0, 0, 0, 3, 0, 0, 0
-3, 13, 47, 0, 0, 0, 0, 3, 0, 0, 0
-2, 16, 47, 0, 0, 0, 0, 3, 0, 0, 0
0, 15, 47, 0, 0, 0, 0, 3, 0, 0, 0
0, 10, 47, 0, 0, 0, 0, 3, 0, 0, 0
1, 9, 46, 0, 0, 0, 0, 3, 0, 0, 0
5, 9, 46, 0, 0, 0, 0, 3, 0, 0, 0
9, 13, 44, 0, 0, 0, 0, 3, 0, 0, 0
5, 17, 44, 0, 0, 0, 0, 3, 0, 0, 0
-5, 12, 44, 0, 0, 0, 0, 3, 7872, 64, 2224
-12, 7, 44, 0, 0, 0, 0, 3, 0, 0, 0
-7, 11, 44, 0, 0, 0, 0, 3, 0, 0, 0
3, 15, 44, 0, 0, 0, 0, 3, 0, 0, 0
8, 16, 45, 0, 0, 0, 0, 3, 0, 0, 0
7, 12, 45, 0, 0, 0, 0, 3, 0, 0, 0
0, 6, 45, 0, 0, 0, 0, 3, 0, 0, 0
-7, 7, 45, 0, 0, 0, 0, 3, 0, 0, 0
-9, 13, 45, 0, 0, 0, 0, 3, 0, 0, 0
-9, 16, 43, 0, 0, 0, 0, 3, 0, 0, 0
-3, 16, 43, 0, 0, 0, 0, 3, 7888, 96, 2256
8, 16, 41, 0, 0, 0, 0, 3, 0, 0, 0
12, 14, 40, 0, 0, 0, 0, 3, 0, 0, 0
11, 14, 38, 0, 0, 0, 0, 3, 0, 0, 0
8, 13, 37, 0, 0, 0, 0, 3, 0, 0, 0
5, 11, 35, 0, 0, 0, 0, 3, 0, 0, 0
1, 12, 33, 0, 0, 0, 0, 3, 0, 0, 0
-4, 10, 32, 0, 0, 0, 0, 3, 0, 0, 0
-8, 11, 30, 0, 0, 0, 0, 3, 0, 0, 0
-2, 15, 29, 0, 0, 0, 0, 3, 0, 0, 0
2, 16, 28, 0, 0, 0, 0, 3, 7856, 128, 2192
4, 14, 27, 0, 0, 0, 0, 3, 0, 0, 0
7, 14, 26, 0, 0, 0, 0, 3, 0, 0, 0
6, 12, 26, 0, 0, 0, 0, 3, 0, 0, 0
0, 13, 26, 0, 0, 0, 0, 3, 0, 0, 0
-4, 8, 26, 0, 0, 0, 0, 3, 0, 0, 0
-4, 5, 26, 0, 0, 0, 0, 3, 0, 0, 0
-4, 10, 26, 0, 0, 0, 0, 3, 0, 0, 0
-4, 13, 26, 0, 0, 0, 0, 3, 0, 0, 0
-13, 8, 26, 0, 0, 0, 0, 3, 0, 0, 0
-16, 4, 26, 0, 0, 0, 0, 3, 7840, 64, 0
-3, 9, 26, 0, 0, 0, 0, 3, 0, 0, 2160
10, 15, 27, 0, 0, 0, 0, 3, 0, 0, 0
13, 15, 27, 0, 0, 0, 0, 3, 0, 0, 0
14, 16, 26, 0, 0, 0, 0, 3, 0, 0, 0
11, 17, 26, 0, 0, 0, 0, 3, 0, 0, 0
5, 14, 26, 0, 0, 0, 0, 3, 0, 0, 0
1, 8, 26, 0, 0, 0, 0, 3, 0, 0, 0
0, 6, 26, 0, 0, 0, 0, 3, 0, 0, 0
-2, 8, 25, 0, 0, 0, 0, 3, 0, 0, 0
-3, 10, 25, 0, 0, 0, 0, 3, 0, 0, 0
0, 9, 25, 0, 0, 0, 0, 3, 7856, 32, 2144
4, 8, 24, 0, 0, 0, 0, 3, 0, 0, 0
2, 7, 23, 0, 0, 0, 0, 3, 0, 0, 0
-2, 8, 23, 0, 0, 0, 0, 3, 0, 0, 0
-7, 10, 21, 0, 0, 0, 0, 3, 0, 0, 0
-11, 9, 21, 0, 0, 0, 0, 3, 0, 0, 0
-12, 7, 19, 0, 0, 0, 0, 3, 0, 0, 0
-9, 5, 18, 0, 0, 0, 0, 3, 0, 0, 0
-5, 6, 16, 0, 0, 0, 0, 3, 0, 0, 0
-1, 8, 15, 0, 0, 0, 0, 3, 0, 0, 0
-6, 7, 14, 0, 0, 0, 0, 3, 7888, 48, 0
-12, 4, 14, 0, 0, 0, 0, 3, 0, 0, 2144
-9, 5, 14, 0, 0, 0, 0, 3, 0, 0, 0
-6, 2, 14, 0, 0, 0, 0, 3, 0, 0, 0
-4, 1, 14, 0, 0, 0, 0, 3, 0, 0, 0
0, 1, 14, 0, 0, 0, 0, 3, 0, 0, 0
-2, 0, 15, 0, 0, 0, 0, 3, 0, 0, 0
-7, 2, 14, 0, 0, 0, 0, 3, 0, 0, 0
-9, 8, 14, 0, 0, 0, 0, 3, 0, 0, 0
-13, 10, 14, 0, 0, 0, 0, 3, 0, 0, 0
-22, 4, 13, 0, 0, 0, 0, 3, 7824, 112, 2176
-22, -3, 12, 0, 0, 0, 0, 3, 0, 0, 0
-11, -2, 12, 0, 0, 0, 0, 3, 0, 0, 0
-3, 4, 12, 0, 0, 0, 0, 3, 0, 0, 0
-1, 8, 11, 0, 0, 0, 0, 3, 0, 0, 0
1, 11, 11, 0, 0, 0, 0, 3, 0, 0, 0
0, 11, 10, 0, 0, 0, 0, 3, 0, 0, 0
-1, 9, 9, 0, 0, 0, 0, 3, 0, 0, 0
-2, 6, 8, 0, 0, 0, 0, 3, 0, 0, 0
-3, 4, 8, 0, 0, 0, 0, 3, 0, 0, 0
-2, 0, 8, 0, 0, 0, 0, 3, 0, 0, 0
6, 7, 8, 0, 0, 0, 0, 3, 7856, 176, 2160
12, 19, 7, 0, 0, 0, 0, 3, 0, 0, 0
16, 25, 6, 0, 0, 0, 0, 3, 0, 0, 0
14, 28, 6, 0, 0, 0, 0, 3, 0, 0, 0
10, 31, 5, 0, 0, 0, 0, 3, 0, 0, 0
4, 31, 5, 0, 0, 0, 0, 3, 0, 0, 0
1, 22, 5, 0, 0, 0, 0, 3, 0, 0, 0
2, 10, 5, 0, 0, 0, 0, 3, 0, 0, 0
2, 3, 5, 0, 0, 0, 0, 3, 0, 0, 0
-1, 3, 4, 0, 0, 0, 0, 3, 0, 0, 0
-8, 7, 4, 0, 0, 0, 0, 3, 7904, 160, 2176
-7, 12, 4, 0, 0, 0, 0, 3, 0, 0, 0
-3, 13, 3, 0, 0, 0, 0, 3, 0, 0, 0
0, 12, 3, 0, 0, 0, 0, 3, 0, 0, 0
-1, 8, 3, 0, 0, 0, 0, 3, 0, 0, 0
-4, 8, 3, 0, 0, 0, 0, 3, 0, 0, 0
0, 12, 3, 0, 0, 0, 0, 3, 0, 0, 0
2, 12, 3, 0, 0, 0, 0, 3, 0, 0, 0
0, 11, 2, 0, 0, 0, 0, 3, 0, 0, 0
0, 11, 1, 0, 0, 0, 0, 3, 0, 0, 0
-5, 11, 1, 0, 0, 0, 0, 3, 7920, 96, 0
-10, 14, 0, 0, 0, 0, 0, 3, 0, 0, 2128
-14, 14, 0, 0, 0, 0, 0, 3, 0, 0, 0
-13, 10, 0, 0, 0, 0, 0, 3, 0, 0, 0
-7, 5, -1, 0, 0, 0, 0, 3, 0, 0, 0
1, 3, -2, 0, 0, 0, 0, 3, 0, 0, 0
4, 7, -1, 0, 0, 0, 0, 3, 0, 0, 0
-2, 9, -1, 0, 0, 0, 0, 3, 0, 0, 0
-8, 12, 0, 0, 0, 0, 0, 3, 0, 0, 0
-9, 10, 0, 0, 0, 0, 0, 3, 0, 0, 0
-12, 7, 0, 0, 0, 0, 0, 3, 7904, 96, 2128
-18, 6, 0, 0, 0, 0, 0, 3, 0, 0, 0
-20, 8, 1, 0, 0, 0, 0, 3, 0, 0, 0
-10, 7, 2, 0, 0, 0, 0, 3, 0, 0, 0
0, 8, 3, 0, 0, 0, 0, 3, 0, 0, 0
2, 11, 4, 0, 0, 0, 0, 3, 0, 0, 0
-2, 12, 4, 0, 0, 0, 0, 3, 0, 0, 0
-5, 10, 5, 0, 0, 0, 0, 3, 0, 0, 0
-4, 4, 6, 0, 0, 0, 0, 3, 0, 0, 0
-6, 5, 6, 0, 0, 0, 0, 3, 0, 0, 0
-7, 11, 6, 0, 0, 0, 0, 3, 0, 0, 0
-5, 12, 7, 0, 0, 0, 0, 3, 7872, 64, 0
-9, 6, 7, 0, 0, 0, 0, 3, 0, 0, 2128
-10, 2, 7, 0, 0, 0, 0, 3, 0, 0, 0
-3, 8, 7, 0, 0, 0, 0, 3, 0, 0, 0
-1, 11, 7, 0, 0, 0, 0, 3, 0, 0, 0
0, 10, 7, 0, 0, 0, 0, 3, 0, 0, 0
0, 11, 7, 0, 0, 0, 0, 3, 0, 0, 0
0, 11, 7, 0, 0, 0, 0, 3, 0, 0, 0
-2, 12, 7, 0, 0, 0, 0, 3, 0, 0, 0
-3, 15, 7, 0, 0, 0, 0, 3, 0, 0, 0
-1, 15, 7, 0, 0, 0, 0, 3, 7888, 80, 2144
4, 16, 7, 0, 0, 0, 0, 3, 0, 0, 0
4, 16, 6, 0, 0, 0, 0, 3, 0, 0, 0
-2, 12, 7, 0, 0, 0, 0, 3, 0, 0, 0
-6, 8, 6, 0, 0, 0, 0, 3, 0, 0, 0
-7, 8, 7, 0, 0, 0, 0, 3, 0, 0, 0
-8, 11, 7, 0, 0, 0, 0, 3, 0, 0, 0
-6, 11, 8, 0, 0, 0, 0, 3, 0, 0, 0
-5, 6, 8, 0, 0, 0, 0, 3, 0, 0, 0
-1, 3, 9, 0, 0, 0, 0, 3, 0, 0, 0
2, 4, 9, 0, 0, 0, 0, 3, 7920, 96, 0
1, 3, 10, 0, 0, 0, 0, 3, 0, 0, 2144
-5, -3, 11, 0, 0, 0, 0, 3, 0, 0, 0
-8, -3, 12, 0, 0, 0, 0, 3, 0, 0, 0
-7, 4, 12, 0, 0, 0, 0, 3, 0, 0, 0
-4, 11, 13, 0, 0, 0, 0, 3, 0, 0, 0
-6, 15, 16, 0, 0, 0, 0, 3, 0, 0, 0
-13, 8, 17, 0, 0, 0, 0, 3, 0, 0, 0
-20, 0, 20, 0, 0, 0, 0, 3, 0, 0, 0
-17, 3, 23, 0, 0, 0, 0, 3, 0, 0, 0
-15, 5, 25, 0, 0, 0, 0, 3, 7920, 64, 2208
-14, 2, 28, 0, 0, 0, 0, 3, 0, 0, 0
-11, 4, 30, 0, 0, 0, 0, 3, 0, 0, 0
-10, 7, 33, 0, 0, 0, 0, 3, 0, 0, 0
-12, 8, 35, 0, 0, 0, 0, 3, 0, 0, 0
-18, 1, 37, 0, 0, 0, 0, 3, 0, 0, 0
-26, -8, 39, 0, 0, 0, 0, 3, 0, 0, 0
-27, -5, 41, 0, 0, 0, 0, 3, 0, 0, 0
-15, 4, 42, 0, 0, 0, 0, 3, 0, 0, 0
-5, 6, 43, 0, 0, 0, 0, 3, 0, 0, 0
-2, 8, 44, 0, 0, 0, 0, 3, 0, 0, 0
-6, 9, 45, 0, 0, 0, 0, 3, 7888, 48, 0
-11, 8, 46, 0, 0, 0, 0, 3, 0, 0, 2176
-11, 6, 46, 0, 0, 0, 0, 3, 0, 0, 0
-10, 2, 46, 0, 0, 0, 0, 3, 0, 0, 0
-15, -1, 47, 0, 0, 0, 0, 3, 0, 0, 0
-17, 0, 47, 0, 0, 0, 0, 3, 0, 0, 0
-18, 5, 47, 0, 0, 0, 0, 3, 0, 0, 0
-15, 5, 47, 0, 0, 0, 0, 3, 0, 0, 0
-9, 2, 46, 0, 0, 0, 0, 3, 0, 0, 0
-6, 0, 46, 0, 0, 0, 0, 3, 0, 0, 0
-7, 2, 46, 0, 0, 0, 0, 3, 7888, 96, 2224
-8, 3, 46, 0, 0, 0, 0, 3, 0, 0, 0
-9, 4, 45, 0, 0, 0, 0, 3, 0, 0, 0
-12, 0, 44, 0, 0, 0, 0, 3, 0, 0, 0
-14, -3, 44, 0, 0, 0, 0, 3, 0, 0, 0
-12, -2, 45, 0, 0, 0, 0, 3, 0, 0, 0
-15, 0, 45, 0, 0, 0, 0, 3, 0, 0, 0
-21, -3, 46, 0, 0, 0, 0, 3, 0, 0, 0
-21, -6, 46, 0, 0, 0, 0, 3, 0, 0, 0
-16, -1, 45, 0, 0, 0, 0, 3, 0, 0, 0
-7, 4, 45, 0, 0, 0, 0, 3, 7888, 112, 2176
-5, 9, 43, 0, 0, 0, 0, 3, 0, 0, 0
-10, 9, 42, 0, 0, 0, 0, 3, 0, 0, 0
-12, 7, 41, 0, 0, 0, 0, 3, 0, 0, 0
-5, 7, 40, 0, 0, 0, 0, 3, 0, 0, 0
-4, 9, 38, 0, 0, 0, 0, 3, 0, 0, 0
-8, 6, 37, 0, 0, 0, 0, 3, 0, 0, 0
-8, 0, 36, 0, 0, 0, 0, 3, 0, 0, 0
-6, 0, 34, 0, 0, 0, 0, 3, 0, 0, 0
-6, 6, 33, 0, 0, 0, 0, 3, 0, 0, 0
-10, 11, 31, 0, 0, 0, 0, 3, 7904, 96, 2176
-21, 9, 30, 0, 0, 0, 0, 3, 0, 0, 0
-24, 6, 29, 0, 0, 0, 0, 3, 0, 0, 0
-19, 5, 29, 0, 0, 0, 0, 3, 0, 0, 0
-10, 3, 28, 0, 0, 0, 0, 3, 0, 0, 0
-2, 1, 28, 0, 0, 0, 0, 3, 0, 0, 0
-1, 4, 28, 0, 0, 0, 0, 3, 0, 0, 0
-3, 8, 28, 0, 0, 0, 0, 3, 0, 0, 0
-6, 11, 27, 0, 0, 0, 0, 3, 0, 0, 0
-7, 11, 28, 0, 0, 0, 0, 3, 0, 0, 0
-12, 2, 27, 0, 0, 0, 0, 3, 0, 0, 0
-19, -2, 28, 0, 0, 0, 0, 3, 7904, 96, 2176
-16, 2, 27, 0, 0, 0, 0, 3, 0, 0, 0
-8, 7, 27, 0, 0, 0, 0, 3, 0, 0, 0
0, 8, 27, 0, 0, 0, 0, 3, 0, 0, 0
0, 8, 26, 0, 0, 0, 0, 3, 0, 0, 0
-1, 9, 25, 0, 0, 0, 0, 3, 0, 0, 0
-7, 8, 25, 0, 0, 0, 0, 3, 0, 0, 0
-9, 5, 24, 0, 0, 0, 0, 3, 0, 0, 0
-12, 4, 24, 0, 0, 0, 0, 3, 0, 0, 0
-13, 6, 24, 0, 0, 0, 0, 3, 0, 0, 0
-10, 8, 23, 0, 0, 0, 0, 3, 7904, 96, 2160
-4, 5, 23, 0, 0, 0, 0, 3, 0, 0, 0
-2, 3, 23, 0, 0, 0, 0, 3, 0, 0, 0
2, 8, 22, 0, 0, 0, 0, 3, 0, 0, 0
7, 11, 21, 0, 0, 0, 0, 3, 0, 0, 0
5, 12, 21, 0, 0, 0, 0, 3, 0, 0, 0
-3, 14, 20, 0, 0, 0, 0, 3, 0, 0, 0
-8, 16, 20, 0, 0, 0, 0, 3, 0, 0, 0
-8, 16, 18, 0, 0, 0, 0, 3, 0, 0, 0
-4, 16, 17, 0, 0, 0, 0, 3, 0, 0, 0
0, 15, 16, 0, 0, 0, 0, 3, 7872, 96, 2160
2, 10, 15, 0, 0, 0, 0, 3, 0, 0, 0
0, 5, 14, 0, 0, 0, 0, 3, 0, 0, 0
-2, 1, 12, 0, 0, 0, 0, 3, 0, 0, 0
-4, 0, 11, 0, 0, 0, 0, 3, 0, 0, 0
-8, -1, 10, 0, 0, 0, 0, 3, 0, 0, 0
-8, 0, 10, 0, 0, 0, 0, 3, 0, 0, 0
-6, 0, 10, 0, 0, 0, 0, 3, 0, 0, 0
-5, 2, 10, 0, 0, 0, 0, 3, 0, 0, 0
-9, 2, 10, 0, 0, 0, 0, 3, 0, 0, 0
-8, 2, 10, 0, 0, 0, 0, 3, 0, 0, 0
-1, 5, 10, 0, 0, 0, 0, 3, 7824, 96, 2144
6, 7, 10, 0, 0, 0, 0, 3, 0, 0, 0
10, 10, 10, 0, 0, 0, 0, 3, 0, 0, 0
10, 17, 10, 0, 0, 0, 0, 3, 0, 0, 0
6, 21, 10, 0, 0, 0, 0, 3, 0, 0, 0
5, 19, 10, 0, 0, 0, 0, 3, 0, 0, 0
2, 17, 10, 0, 0, 0, 0, 3, 0, 0, 0
0, 18, 10, 0, 0, 0, 0, 3, 0, 0, 0
2, 17, 9, 0, 0, 0, 0, 3, 0, 0, 0
7, 14, 8, 0, 0, 0, 0, 3, 0, 0, 0
4, 11, 8, 0, 0, 0, 0, 3, 7856, 80, 2128
4, 9, 8, 0, 0, 0, 0, 3, 0, 0, 0
0, 5, 7, 0, 0, 0, 0, 3, 0, 0, 0
-3, 5, 6, 0, 0, 0, 0, 3, 0, 0, 0
-5, 5, 6, 0, 0, 0, 0, 3, 0, 0, 0
-6, 5, 5, 0, 0, 0, 0, 3, 0, 0, 0
-8, 5, 4, 0, 0, 0, 0, 3, 0, 0, 0
-9, 6, 3, 0, 0, 0, 0, 3, 0, 0, 0
-8, 5, 2, 0, 0, 0, 0, 3, 0, 0, 0
-4, 4, 1, 0, 0, 0, 0, 3, 0, 0, 0
4, 8, 0, 0, 0, 0, 0, 3, 0, 0, 0
9, 13, 0, 0, 0, 0, 0, 3, 7904, 128, 2192
4, 12, -1, 0, 0, 0, 0, 3, 0, 0, 0
-2, 10, -2, 0, 0, 0, 0, 3, 0, 0, 0
-11, 5, -2, 0, 0, 0, 0, 3, 0, 0, 0
-19, 2, -1, 0, 0, 0, 0, 3, 0, 0, 0
-19, 0, -1, 0, 0, 0, 0, 3, 0, 0, 0
-16, -5, 0, 0, 0, 0, 0, 3, 0, 0, 0
-17, -6, 0, 0, 0, 0, 0, 3, 0, 0, 0
-20, -4, 0, 0, 0, 0, 0, 3, 0, 0, 0
-20, -3, 0, 0, 0, 0, 0, 3, 7904, 96, 2176
-19, 3, 0, 0, 0, 0, 0, 3, 0, 0, 0
-17, 7, 0, 0, 0, 0, 0, 3, 0, 0, 0
-16, 7, 0, 0, 0, 0, 0, 3, 0, 0, 0
-16, 6, 0, 0, 0, 0, 0, 3, 0, 0, 0
-14, 5, 0, 0, 0, 0, 0, 3, 0, 0, 0
-11, 6, 0, 0, 0, 0, 0, 3, 0, 0, 0
-6, 4, 0, 0, 0, 0, 0, 3, 0, 0, 0
-4, 2, 0, 0, 0, 0, 0, 3, 0, 0, 0
-5, 4, 0, 0, 0, 0, 0, 3, 0, 0, 0
-8, 6, 0, 0, 0, 0, 0, 3, 0, 0, 0
-8, 4, 0, 0, 0, 0, 0, 3, 7824, 128, 0
-9, 4, 0, 0, 0, 0, 0, 3, 0, 0, 2160
-11, 7, 0, 0, 0, 0, 0, 3, 0, 0, 0
-8, 10, 0, 0, 0, 0, 0, 3, 0, 0, 0
-7, 9, 0, 0, 0, 0, 0, 3, 0, 0, 0
-4, 8, 0, 0, 0, 0, 0, 3, 0, 0, 0
-2, 7, 0, 0, 0, 0, 0, 3, 0, 0, 0
-8, 4, 0, 0, 0, 0, 0, 3, 0, 0, 0
-11, 0, 0, 0, 0, 0, 0, 3, 0, 0, 0
-11, -4, 0, 0, 0, 0, 0, 3, 0, 0, 0
-9, -2, 0, 0, 0, 0, 0, 3, 7840, 144, 2176
-11, 1, 0, 0, 0, 0, 0, 3, 0, 0, 0
-12, 4, 1, 0, 0, 0, 0, 3, 0, 0, 0
-13, 7, 1, 0, 0, 0, 0, 3, 0, 0, 0
-11, 6, 1, 0, 0, 0, 0, 3, 0, 0, 0
-8, -1, 1, 0, 0, 0, 0, 3, 0, 0, 0
-8, -4, 0, 0, 0, 0, 0, 3, 0, 0, 0
-10, 0, 0, 0, 0, 0, 0, 3, 0, 0, 0
-12, 7, 0, 0, 0, 0, 0, 3, 0, 0, 0
-12, 9, 0, 0, 0, 0, 0, 3, 0, 0, 0
-12, 6, 0, 0, 0, 0, 0, 3, 7840, 112, 2144
-12, 5, 0, 0, 0, 0, 0, 3, 0, 0, 0
-12, 4, 0, 0, 0, 0, 0, 3, 0, 0, 0
-12, 2, 1, 0, 0, 0, 0, 3, 0, 0, 0
-15, 0, 1, 0, 0, 0, 0, 3, 0, 0, 0
-16, -2, 1, 0, 0, 0, 0, 3, 0, 0, 0
-18, -4, 1, 0, 0, 0, 0, 3, 0, 0, 0
-21, -8, 1, 0, 0, 0, 0, 3, 0, 0, 0
-25, -15, 1, 0, 0, 0, 0, 3, 0, 0, 0
-27, -17, 2, 0, 0, 0, 0, 3, 0, 0, 0
-30, -21, 2, 0, 0, 0, 0, 3, 7824, 96, 2112
-32, -21, 3, 0, 0, 0, 0, 3, 0, 0, 0
-32, -16, 4, 0, 0, 0, 0, 3, 0, 0, 0
-28, -12, 4, 0, 0, 0, 0, 3, 0, 0, 0
-25, -8, 5, 0, 0, 0, 0, 3, 0, 0, 0
-25, -7, 6, 0, 0, 0, 0, 3, 0, 0, 0
-31, -10, 8, 0, 0, 0, 0, 3, 0, 0, 0
-33, -15, 8, 0, 0, 0, 0, 3, 0, 0, 0
-29, -16, 9, 0, 0, 0, 0, 3, 0, 0, 0
-23, -13, 11, 0, 0, 0, 0, 3, 0, 0, 0
-21, -8, 12, 0, 0, 0, 0, 3, 0, 0, 0
-24, -10, 14, 0, 0, 0, 0, 3, 7872, 128, 2096
-25, -16, 16, 0, 0, 0, 0, 3, 0, 0, 0
-29, -17, 17, 0, 0, 0, 0, 3, 0, 0, 0
-34, -14, 19, 0, 0, 0, 0, 3, 0, 0, 0
-29, -8, 21, 0, 0, 0, 0, 3, 0, 0, 0
-21, -3, 23, 0, 0, 0, 0, 3, 0, 0, 0
-16, -4, 25, 0, 0, 0, 0, 3, 0, 0, 0
-16, -10, 25, 0, 0, 0, 0, 3, 0, 0, 0
-17, -15, 27, 0, 0, 0, 0, 3, 0, 0, 0
-17, -14, 28, 0, 0, 0, 0, 3, 0, 0, 0
-22, -12, 29, 0, 0, 0, 0, 3, 7856, 112, 2160
-24, -10, 30, 0, 0, 0, 0, 3, 0, 0, 0
-24, -6, 32, 0, 0, 0, 0, 3, 0, 0, 0
-27, -4, 33, 0, 0, 0, 0, 3, 0, 0, 0
-27, -6, 35, 0, 0, 0, 0, 3, 0, 0, 0
-26, -8, 37, 0, 0, 0, 0, 3, 0, 0, 0
-22, -7, 39, 0, 0, 0, 0, 3, 0, 0, 0
-21, -6, 41, 0, 0, 0, 0, 3, 0, 0, 0
-23, -7, 43, 0, 0, 0, 0, 3, 0, 0, 0
-27, -8, 44, 0, 0, 0, 0, 3, 0, 0, 0
-27, -9, 45, 0, 0, 0, 0, 3, 7856, 96, 2160
-24, -10, 47, 0, 0, 0, 0, 3, 0, 0, 0
-18, -9, 47, 0, 0, 0, 0, 3, 0, 0, 0
-16, -8, 48, 0, 0, 0, 0, 3, 0, 0, 0
-20, -8, 49, 0, 0, 0, 0, 3, 0, 0, 0
-22, -10, 50, 0, 0, 0, 0, 3, 0, 0, 0
-24, -12, 50, 0, 0, 0, 0, 3, 0, 0, 0
-22, -8, 51, 0, 0, 0, 0, 3, 0, 0, 0
-20, -4, 51, 0, 0, 0, 0, 3, 0, 0, 0
-15, -2, 51, 0, 0, 0, 0, 3, 0, 0, 0
-10, -1, 50, 0, 0, 0, 0, 3, 0, 0, 0
-7, -1, 50, 0, 0, 0, 0, 3, 7856, 112, 2192
-6, 1, 49, 0, 0, 0, 0, 3, 0, 0, 0
-10, 0, 48, 0, 0, 0, 0, 3, 0, 0, 0
-16, 0, 47, 0, 0, 0, 0, 3, 0, 0, 0
-17, -1, 46, 0, 0, 0, 0, 3, 0, 0, 0
-15, 0, 46, 0, 0, 0, 0, 3, 0, 0, 0
-18, 3, 44, 0, 0, 0, 0, 3, 0, 0, 0
-18, 2, 43, 0, 0, 0, 0, 3, 0, 0, 0
-10, 3, 42, 0, 0, 0, 0, 3, 0, 0, 0
-4, 1, 40, 0, 0, 0, 0, 3, 0, 0, 0
-1, -1, 39, 0, 0, 0, 0, 3, 7904, 128, 2176
0, -1, 38, 0, 0, 0, 0, 3, 0, 0, 0
0, 1, 37, 0, 0, 0, 0, 3, 0, 0, 0
-3, 4, 35, 0, 0, 0, 0, 3, 0, 0, 0
-14, 1, 34, 0, 0, 0, 0, 3, 0, 0, 0
-23, 0, 33, 0, 0, 0, 0, 3, 0, 0, 0
-21, 2, 33, 0, 0, 0, 0, 3, 0, 0, 0
-14, 4, 32, 0, 0, 0, 0, 3, 0, 0, 0
-10, 0, 32, 0, 0, 0, 0, 3, 0, 0, 0
-9, -2, 31, 0, 0, 0, 0, 3, 0, 0, 0
-11, -2, 31, 0, 0, 0, 0, 3, 0, 0, 0
-10, 0, 30, 0, 0, 0, 0, 3, 7920, 96, 2080
-5, 3, 30, 0, 0, 0, 0, 3, 0, 0, 0
-5, 2, 29, 0, 0, 0, 0, 3, 0, 0, 0
-8, -1, 29, 0, 0, 0, 0, 3, 0, 0, 0
-8, -1, 28, 0, 0, 0, 0, 3, 0, 0, 0
-8, 3, 28, 0, 0, 0, 0, 3, 0, 0, 0
-8, 0, 27, 0, 0, 0, 0, 3, 0, 0, 0
-10, -1, 27, 0, 0, 0, 0, 3, 0, 0, 0
-8, 0, 26, 0, 0, 0, 0, 3, 0, 0, 0
-7, 3, 25, 0, 0, 0, 0, 3, 7936, 112, 2096
-10, 5, 24, 0, 0, 0, 0, 3, 0, 0, 0
-10, 3, 22, 0, 0, 0, 0, 3, 0, 0, 0
-5, 4, 21, 0, 0, 0, 0, 3, 0, 0, 0
0, 5, 20, 0, 0, 0, 0, 3, 0, 0, 0
0, 5, 20, 0, 0, 0, 0, 3, 0, 0, 0
-4, 4, 19, 0, 0, 0, 0, 3, 0, 0, 0
-3, 2, 18, 0, 0, 0, 0, 3, 0, 0, 0
1, 4, 17, 0, 0, 0, 0, 3, 0, 0, 0
0, 5, 16, 0, 0, 0, 0, 3, 0, 0, 0
-4, 1, 16, 0, 0, 0, 0, 3, 0, 0, 0
-8, 0, 15, 0, 0, 0, 0, 3, 0, 0, 0
-10, 0, 14, 0, 0, 0, 0, 3, 7920, 128, 2064
-7, 2, 13, 0, 0, 0, 0, 3, 0, 0, 0
-9, 0, 13, 0, 0, 0, 0, 3, 0, 0, 0
-5, 4, 13, 0, 0, 0, 0, 3, 0, 0, 0
0, 7, 13, 0, 0, 0, 0, 3, 0, 0, 0
0, 8, 13, 0, 0, 0, 0, 3, 0, 0, 0
-2, 4, 14, 0, 0, 0, 0, 3, 0, 0, 0
-8, 0, 15, 0, 0, 0, 0, 3, 0, 0, 0
-8, 0, 15, 0, 0, 0, 0, 3, 0, 0, 0
-8, 4, 15, 0, 0, 0, 0, 3, 7888, 128, 2144
-9, 5, 15, 0, 0, 0, 0, 3, 0, 0, 0
-12, 3, 14, 0, 0, 0, 0, 3, 0, 0, 0
-15, -1, 14, 0, 0, 0, 0, 3, 0, 0, 0
-16, -4, 13, 0, 0, 0, 0, 3, 0, 0, 0
-14, 0, 13, 0, 0, 0, 0, 3, 0, 0, 0
-12, 3, 13, 0, 0, 0, 0, 3, 0, 0, 0
-10, 3, 12, 0, 0, 0, 0, 3, 0, 0, 0
-11, 0, 11, 0, 0, 0, 0, 3, 0, 0, 0
-11, -1, 10, 0, 0, 0, 0, 3, 0, 0, 0
-13, -1, 8, 0, 0, 0, 0, 3, 7888, 128, 0
-17, 0, 7, 0, 0, 0, 0, 3, 0, 0, 2080
-22, -1, 6, 0, 0, 0, 0, 3, 0, 0, 0
-26, -9, 4, 0, 0, 0, 0, 3, 0, 0, 0
-24, -14, 4, 0, 0, 0, 0, 3, 0, 0, 0
-9, -6, 3, 0, 0, 0, 0, 3, 0, 0, 0
2, 4, 2, 0, 0, 0, 0, 3, 0, 0, 0
2, 4, 2, 0, 0, 0, 0, 3, 0, 0, 0
-4, 1, 2, 0, 0, 0, 0, 3, 0, 0, 0
-9, -3, 2, 0, 0, 0, 0, 3, 0, 0, 0
-9, -7, 3, 0, 0, 0, 0, 3, 7872, 112, 2112
-5, -5, 4, 0, 0, 0, 0, 3, 0, 0, 0
-2, -3, 4, 0, 0, 0, 0, 3, 0, 0, 0
5, -1, 5, 0, 0, 0, 0, 3, 0, 0, 0
11, 0, 6, 0, 0, 0, 0, 3, 0, 0, 0
15, 2, 6, 0, 0, 0, 0, 3, 0, 0, 0
17, 5, 7, 0, 0, 0, 0, 3, 0, 0, 0
19, 8, 7, 0, 0, 0, 0, 3, 0, 0, 0
19, 12, 6, 0, 0, 0, 0, 3, 0, 0, 0
16, 12, 7, 0, 0, 0, 0, 3, 0, 0, 0
8, 7, 6, 0, 0, 0, 0, 3, 0, 0, 0
2, 5, 6, 0, 0, 0, 0, 3, 7888, 112, 0
0, 2, 5, 0, 0, 0, 0, 3, 0, 0, 2128
0, -1, 5, 0, 0, 0, 0, 3, 0, 0, 0
2, -2, 4, 0, 0, 0, 0, 3, 0, 0, 0
2, -2, 4, 0, 0, 0, 0, 3, 0, 0, 0
2, -4, 3, 0, 0, 0, 0, 3, 0, 0, 0
1, -7, 2, 0, 0, 0, 0, 3, 0, 0, 0
-4, -8, 2, 0, 0, 0, 0, 3, 0, 0, 0
-8, -6, 1, 0, 0, 0, 0, 3, 0, 0, 0
-11, -6, 1, 0, 0, 0, 0, 3, 0, 0, 0
-10, -4, 1, 0, 0, 0, 0, 3, 7904, 80, 2160
-1, -2, 1, 0, 0, 0, 0, 3, 0, 0, 0
5, -1, 0, 0, 0, 0, 0, 3, 0, 0, 0
5, -4, 0, 0, 0, 0, 0, 3, 0, 0, 0
0, -13, 0, 0, 0, 0, 0, 3, 0, 0, 0
-5, -15, 1, 0, 0, 0, 0, 3, 0, 0, 0
-4, -12, 1, 0, 0, 0, 0, 3, 0, 0, 0
-1, -9, 0, 0, 0, 0, 0, 3, 0, 0, 0
0, -6, 0, 0, 0, 0, 0, 3, 0, 0, 0
0, -4, 0, 0, 0, 0, 0, 3, 0, 0, 0
-5, -7, 0, 0, 0, 0, 0, 3, 7840, 64, 2160
-11, -9, 0, 0, 0, 0, 0, 3, 0, 0, 0
-12, -10, 0, 0, 0, 0, 0, 3, 0, 0, 0
-8, -12, 0, 0, 0, 0, 0, 3, 0, 0, 0
-3, -11, 0, 0, 0, 0, 0, 3, 0, 0, 0
2, -9, 0, 0, 0, 0, 0, 3, 0, 0, 0
2, -9, 0, 0, 0, 0, 0, 3, 0, 0, 0
-2, -8, 0, 0, 0, 0, 0, 3, 0, 0, 0
-4, -8, 0, 0, 0, 0, 0, 3, 0, 0, 0
-4, -8, 0, 0, 0, 0, 0, 3, 0, 0, 0
-7, -7, 0, 0, 0, 0, 0, 3, 7856, 96, 2144
-5, -4, 0, 0, 0, 0, 0, 3, 0, 0, 0
-3, -7, 0, 0, 0, 0, 0, 3, 0, 0, 0
-4, -8, 0, 0, 0, 0, 0, 3, 0, 0, 0
-7, -8, 0, 0, 0, 0, 0, 3, 0, 0, 0
-7, -9, 0, 0, 0, 0, 0, 3, 0, 0, 0
-7, -12, 0, 0, 0, 0, 0, 3, 0, 0, 0
-8, -9, 1, 0, 0, 0, 0, 3, 0, 0, 0
-9, -8, 2, 0, 0, 0, 0, 3, 0, 0, 0
-12, -7, 2, 0, 0, 0, 0, 3, 0, 0, 0
-12, -4, 2, 0, 0, 0, 0, 3, 0, 0, 0
-12, -4, 3, 0, 0, 0, 0, 3, 7872, 80, 2128
-8, -6, 3, 0, 0, 0, 0, 3, 0, 0, 0
-3, -10, 3, 0, 0, 0, 0, 3, 0, 0, 0
0, -9, 3, 0, 0, 0, 0, 3, 0, 0, 0
0, -5, 4, 0, 0, 0, 0, 3, 0, 0, 0
-3, -2, 4, 0, 0, 0, 0, 3, 0, 0, 0
-6, -2, 4, 0, 0, 0, 0, 3, 0, 0, 0
-6, -3, 4, 0, 0, 0, 0, 3, 0, 0, 0
-5, -4, 4, 0, 0, 0, 0, 3, 0, 0, 0
-8, -6, 5, 0, 0, 0, 0, 3, 0, 0, 0
-12, -5, 5, 0, 0, 0, 0, 3, 7904, 96, 2144
-14, -4, 5, 0, 0, 0, 0, 3, 0, 0, 0
-12, -5, 6, 0, 0, 0, 0, 3, 0, 0, 0
-10, -8, 6, 0, 0, 0, 0, 3, 0, 0, 0
-7, -10, 7, 0, 0, 0, 0, 3, 0, 0, 0
-7, -9, 7, 0, 0, 0, 0, 3, 0, 0, 0
-9, -12, 8, 0, 0, 0, 0, 3, 0, 0, 0
-12, -13, 8, 0, 0, 0, 0, 3, 0, 0, 0
-13, -15, 8, 0, 0, 0, 0, 3, 0, 0, 0
-17, -20, 9, 0, 0, 0, 0, 3, 0, 0, 0
-25, -21, 10, 0, 0, 0, 0, 3, 7904, 80, 2144
-23, -15, 12, 0, 0, 0, 0, 3, 0, 0, 0
-15, -4, 14, 0, 0, 0, 0, 3, 0, 0, 0
-15, -2, 16, 0, 0, 0, 0, 3, 0, 0, 0
-17, -2, 19, 0, 0, 0, 0, 3, 0, 0, 0
-16, -3, 21, 0, 0, 0, 0, 3, 0, 0, 0
-16, -5, 23, 0, 0, 0, 0, 3, 0, 0, 0
-16, -6, 25, 0, 0, 0, 0, 3, 0, 0, 0
-20, -10, 27, 0, 0, 0, 0, 3, 0, 0, 0
-24, -12, 29, 0, 0, 0, 0, 3, 0, 0, 0
-24, -10, 31, 0, 0, 0, 0, 3, 7872, 80, 0
-23, -12, 33, 0, 0, 0, 0, 3, 0, 0, 2160
-23, -12, 34, 0, 0, 0, 0, 3, 0, 0, 0
-24, -12, 36, 0, 0, 0, 0, 3, 0, 0, 0
-21, -15, 37, 0, 0, 0, 0, 3, 0, 0, 0
-17, -12, 38, 0, 0, 0, 0, 3, 0, 0, 0
-17, -5, 39, 0, 0, 0, 0, 3, 0, 0, 0
-18, -3, 40, 0, 0, 0, 0, 3, 0, 0, 0
-17, -5, 40, 0, 0, 0, 0, 3, 0, 0, 0
-20, -11, 40, 0, 0, 0, 0, 3, 0, 0, 0
-23, -12, 40, 0, 0, 0, 0, 3, 0, 0, 0
-22, -8, 40, 0, 0, 0, 0, 3, 7904, 96, 2192
-22, -5, 40, 0, 0, 0, 0, 3, 0, 0, 0
-23, -8, 40, 0, 0, 0, 0, 3, 0, 0, 0
-20, -12, 40, 0, 0, 0, 0, 3, 0, 0, 0
-16, -13, 39, 0, 0, 0, 0, 3, 0, 0, 0
-16, -16, 39, 0, 0, 0, 0, 3, 0, 0, 0
-18, -17, 38, 0, 0, 0, 0, 3, 0, 0, 0
-22, -18, 38, 0, 0, 0, 0, 3, 0, 0, 0
-21, -17, 37, 0, 0, 0, 0, 3, 0, 0, 0
-18, -16, 37, 0, 0, 0, 0, 3, 0, 0, 0
-16, -12, 37, 0, 0, 0, 0, 3, 7856, 48, 2176
-16, -11, 37, 0, 0, 0, 0, 3, 0, 0, 0
-17, -10, 37, 0, 0, 0, 0, 3, 0, 0, 0
-18, -8, 36, 0, 0, 0, 0, 3, 0, 0, 0
-21, -8, 36, 0, 0, 0, 0, 3, 0, 0, 0
-21, -9, 36, 0, 0, 0, 0, 3, 0, 0, 0
-21, -9, 37, 0, 0, 0, 0, 3, 0, 0, 0
-23, -10, 37, 0, 0, 0, 0, 3, 0, 0, 0
-19, -9, 37, 0, 0, 0, 0, 3, 0, 0, 0
-15, -12, 38, 0, 0, 0, 0, 3, 0, 0, 0
-12, -12, 38, 0, 0, 0, 0, 3, 7936, 80, 2160
-12, -12, 38, 0, 0, 0, 0, 3, 0, 0, 0
-11, -10, 38, 0, 0, 0, 0, 3, 0, 0, 0
-13, -11, 38, 0, 0, 0, 0, 3, 0, 0, 0
-21, -12, 38, 0, 0, 0, 0, 3, 0, 0, 0
-29, -10, 37, 0, 0, 0, 0, 3, 0, 0, 0
-35, -9, 37, 0, 0, 0, 0, 3, 0, 0, 0
-31, -9, 37, 0, 0, 0, 0, 3, 0, 0, 0
-18, -8, 36, 0, 0, 0, 0, 3, 0, 0, 0
-9, -8, 35, 0, 0, 0, 0, 3, 0, 0, 0
-7, -8, 34, 0, 0, 0, 0, 3, 0, 0, 0
-8, -8, 33, 0, 0, 0, 0, 3, 7888, 112, 2160
-8, -8, 32, 0, 0, 0, 0, 3, 0, 0, 0
-5, -10, 31, 0, 0, 0, 0, 3, 0, 0, 0
-6, -10, 29, 0, 0, 0, 0, 3, 0, 0, 0
-9, -8, 28, 0, 0, 0, 0, 3, 0, 0, 0
-16, -6, 26, 0, 0, 0, 0, 3, 0, 0, 0
-19, -6, 25, 0, 0, 0, 0, 3, 0, 0, 0
-16, -7, 23, 0, 0, 0, 0, 3, 0, 0, 0
-13, -8, 22, 0, 0, 0, 0, 3, 0, 0, 0
-9, -7, 21, 0, 0, 0, 0, 3, 0, 0, 0
-5, -6, 20, 0, 0, 0, 0, 3, 7856, 176, 2096
-5, -8, 19, 0, 0, 0, 0, 3, 0, 0, 0
-8, -6, 18, 0, 0, 0, 0, 3, 0, 0, 0
-10, -4, 16, 0, 0, 0, 0, 3, 0, 0, 0
-10, 0, 16, 0, 0, 0, 0, 3, 0, 0, 0
-7, 2, 14, 0, 0, 0, 0, 3, 0, 0, 0
-3, 1, 13, 0, 0, 0, 0, 3, 0, 0, 0
-4, 0, 12, 0, 0, 0, 0, 3, 0, 0, 0
-10, 0, 12, 0, 0, 0, 0, 3, 0, 0, 0
-8, 0, 12, 0, 0, 0, 0, 3, 0, 0, 0
-5, 0, 12, 0, 0, 0, 0, 3, 7888, 144, 0
-4, -1, 13, 0, 0, 0, 0, 3, 0, 0, 2128
-6, -3, 13, 0, 0, 0, 0, 3, 0, 0, 0
-13, -8, 13, 0, 0, 0, 0, 3, 0, 0, 0
-18, -10, 13, 0, 0, 0, 0, 3, 0, 0, 0
-21, -11, 14, 0, 0, 0, 0, 3, 0, 0, 0
-19, -9, 14, 0, 0, 0, 0, 3, 0, 0, 0
-15, -8, 14, 0, 0, 0, 0, 3, 0, 0, 0
-13, -10, 14, 0, 0, 0, 0, 3, 0, 0, 0
-14, -12, 14, 0, 0, 0, 0, 3, 0, 0, 0
-16, -11, 14, 0, 0, 0, 0, 3, 7904, 112, 2176
-19, -8, 14, 0, 0, 0, 0, 3, 0, 0, 0
-18, -7, 13, 0, 0, 0, 0, 3, 0, 0, 0
-13, -5, 13, 0, 0, 0, 0, 3, 0, 0, 0
-10, -4, 13, 0, 0, 0, 0, 3, 0, 0, 0
-10, -2, 12, 0, 0, 0, 0, 3, 0, 0, 0
-8, -2, 12, 0, 0, 0, 0, 3, 0, 0, 0
-6, -2, 11, 0, 0, 0, 0, 3, 0, 0, 0
-9, -2, 10, 0, 0, 0, 0, 3, 0, 0, 0
-13, -4, 9, 0, 0, 0, 0, 3, 0, 0, 0
-12, -6, 8, 0, 0, 0, 0, 3, 0, 0, 0
-8, -5, 8, 0, 0, 0, 0, 3, 7872, 112, 2112
-4, -2, 8, 0, 0, 0, 0, 3, 0, 0, 0
-4, -2, 8, 0, 0, 0, 0, 3, 0, 0, 0
-5, -1, 8, 0, 0, 0, 0, 3, 0, 0, 0
-5, 0, 8, 0, 0, 0, 0, 3, 0, 0, 0
-5, 0, 8, 0, 0, 0, 0, 3, 0, 0, 0
-6, -2, 8, 0, 0, 0, 0, 3, 0, 0, 0
-9, -8, 8, 0, 0, 0, 0, 3, 0, 0, 0
-8, -9, 8, 0, 0, 0, 0, 3, 0, 0, 0
-7, -6, 8, 0, 0, 0, 0, 3, 0, 0, 0
-9, -4, 8, 0, 0, 0, 0, 3, 7856, 144, 2096
-9, -3, 8, 0, 0, 0, 0, 3, 0, 0, 0
-5, -1, 7, 0, 0, 0, 0, 3, 0, 0, 0
-3, -2, 7, 0, 0, 0, 0, 3, 0, 0, 0
-4, 0, 7, 0, 0, 0, 0, 3, 0, 0, 0
-3, 5, 6, 0, 0, 0, 0, 3, 0, 0, 0
2, 7, 6, 0, 0, 0, 0, 3, 0, 0, 0
4, 3, 6, 0, 0, 0, 0, 3, 0, 0, 0
4, -4, 5, 0, 0, 0, 0, 3, 0, 0, 0
-4, -9, 5, 0, 0, 0, 0, 3, 0, 0, 0
-15, -13, 4, 0, 0, 0, 0, 3, 7792, 160, 0
-21, -14, 4, 0, 0, 0, 0, 3, 0, 0, 2128
-25, -14, 4, 0, 0, 0, 0, 3, 0, 0, 0
-27, -13, 4, 0, 0, 0, 0, 3, 0, 0, 0
-24, -14, 4, 0, 0, 0, 0, 3, 0, 0, 0
-23, -16, 4, 0, 0, 0, 0, 3, 0, 0, 0
-21, -16, 4, 0, 0, 0, 0, 3, 0, 0, 0
-17, -12, 4, 0, 0, 0, 0, 3, 0, 0, 0
-15, -10, 4, 0, 0, 0, 0, 3, 0, 0, 0
-12, -8, 3, 0, 0, 0, 0, 3, 0, 0, 0
-8, -8, 3, 0, 0, 0, 0, 3, 7856, 208, 2112
-4, -7, 4, 0, 0, 0, 0, 3, 0, 0, 0
-4, -8, 4, 0, 0, 0, 0, 3, 0, 0, 0
-9, -9, 3, 0, 0, 0, 0, 3, 0, 0, 0
-13, -7, 3, 0, 0, 0, 0, 3, 0, 0, 0
-10, -3, 3, 0, 0, 0, 0, 3, 0, 0, 0
-6, -2, 3, 0, 0, 0, 0, 3, 0, 0, 0
-6, -4, 2, 0, 0, 0, 0, 3, 0, 0, 0
-6, -4, 3, 0, 0, 0, 0, 3, 0, 0, 0
-8, -7, 2, 0, 0, 0, 0, 3, 0, 0, 0
-10, -9, 2, 0, 0, 0, 0, 3, 0, 0, 0
-10, -9, 1, 0, 0, 0, 0, 3, 7872, 208, 0
-11, -10, 0, 0, 0, 0, 0, 3, 0, 0, 2080
-15, -12, 0, 0, 0, 0, 0, 3, 0, 0, 0
-16, -12, 0, 0, 0, 0, 0, 3, 0, 0, 0
-14, -10, -1, 0, 0, 0, 0, 3, 0, 0, 0
-13, -9, -2, 0, 0, 0, 0, 3, 0, 0, 0
-12, -10, -2, 0, 0, 0, 0, 3, 0, 0, 0
-11, -8, -2, 0, 0, 0, 0, 3, 0, 0, 0
-15, -8, -1, 0, 0, 0, 0, 3, 0, 0, 0
-21, -9, -1, 0, 0, 0, 0, 3, 0, 0, 0
-21, -8, 0, 0, 0, 0, 0, 3, 7856, 192, 2080
-13, -6, 0, 0, 0, 0, 0, 3, 0, 0, 0
-5, -4, 1, 0, 0, 0, 0, 3, 0, 0, 0
0, -3, 2, 0, 0, 0, 0, 3, 0, 0, 0
0, -1, 3, 0, 0, 0, 0, 3, 0, 0, 0
0, -1, 3, 0, 0, 0, 0, 3, 0, 0, 0
-2, -1, 3, 0, 0, 0, 0, 3, 0, 0, 0
-2, 0, 3, 0, 0, 0, 0, 3, 0, 0, 0
-4, 1, 3, 0, 0, 0, 0, 3, 0, 0, 0
-5, 0, 2, 0, 0, 0, 0, 3, 0, 0, 0
-3, -5, 2, 0, 0, 0, 0, 3, 7888, 160, 2144
-7, -12, 1, 0, 0, 0, 0, 3, 0, 0, 0
-9, -12, 0, 0, 0, 0, 0, 3, 0, 0, 0
-5, -1, 0, 0, 0, 0, 0, 3, 0, 0, 0
-3, 4, 1, 0, 0, 0, 0, 3, 0, 0, 0
-9, -1, 2, 0, 0, 0, 0, 3, 0, 0, 0
-13, -5, 2, 0, 0, 0, 0, 3, 0, 0, 0
-10, -6, 3, 0, 0, 0, 0, 3, 0, 0, 0
-11, -5, 3, 0, 0, 0, 0, 3, 0, 0, 0
-17, -8, 3, 0, 0, 0, 0, 3, 0, 0, 0
-19, -10, 4, 0, 0, 0, 0, 3, 7872, 128, 2096
-13, -10, 4, 0, 0, 0, 0, 3, 0, 0, 0
-5, -8, 5, 0, 0, 0, 0, 3, 0, 0, 0
-2, -9, 6, 0, 0, 0, 0, 3, 0, 0, 0
-8, -10, 7, 0, 0, 0, 0, 3, 0, 0, 0
-15, -9, 8, 0, 0, 0, 0, 3, 0, 0, 0
-18, -9, 9, 0, 0, 0, 0, 3, 0, 0, 0
-16, -7, 10, 0, 0, 0, 0, 3, 0, 0, 0
-13, -4, 12, 0, 0, 0, 0, 3, 0, 0, 0
-13, -4, 13, 0, 0, 0, 0, 3, 0, 0, 0
-8, -5, 15, 0, 0, 0, 0, 3, 0, 0, 0
-3, -4, 17, 0, 0, 0, 0, 3, 7888, 96, 2080
-2, -5, 19, 0, 0, 0, 0, 3, 0, 0, 0
-5, -8, 21, 0, 0, 0, 0, 3, 0, 0, 0
-12, -11, 22, 0, 0, 0, 0, 3, 0, 0, 0
-12, -12, 24, 0, 0, 0, 0, 3, 0, 0, 0
-8, -11, 26, 0, 0, 0, 0, 3, 0, 0, 0
-6, -9, 27, 0, 0, 0, 0, 3, 0, 0, 0
-7, -7, 28, 0, 0, 0, 0, 3, 0, 0, 0
-12, -4, 29, 0, 0, 0, 0, 3, 0, 0, 0
-15, -4, 29, 0, 0, 0, 0, 3, 0, 0, 0
-17, -4, 30, 0, 0, 0, 0, 3, 7872, 144, 2128
-18, -7, 32, 0, 0, 0, 0, 3, 0, 0, 0
-19, -8, 33, 0, 0, 0, 0, 3, 0, 0, 0
-15, -5, 34, 0, 0, 0, 0, 3, 0, 0, 0
-6, -1, 35, 0, 0, 0, 0, 3, 0, 0, 0
-1, -1, 37, 0, 0, 0, 0, 3, 0, 0, 0
-1, -4, 37, 0, 0, 0, 0, 3, 0, 0, 0
0, -3, 37, 0, 0, 0, 0, 3, 0, 0, 0
0, -1, 38, 0, 0, 0, 0, 3, 0, 0, 0
0, -4, 38, 0, 0, 0, 0, 3, 0, 0, 0
-2, -5, 39, 0, 0, 0, 0, 3, 7872, 112, 2096
-6, -6, 40, 0, 0, 0, 0, 3, 0, 0, 0
-11, -8, 40, 0, 0, 0, 0, 3, 0, 0, 0
-11, -6, 40, 0, 0, 0, 0, 3, 0, 0, 0
-9, -6, 39, 0, 0, 0, 0, 3, 0, 0, 0
-7, -9, 40, 0, 0, 0, 0, 3, 0, 0, 0
0, -9, 40, 0, 0, 0, 0, 3, 0, 0, 0
1, -10, 41, 0, 0, 0, 0, 3, 0, 0, 0
1, -10, 41, 0, 0, 0, 0, 3, 0, 0, 0
-6, -10, 42, 0, 0, 0, 0, 3, 0, 0, 0
-10, -10, 42, 0, 0, 0, 0, 3, 0, 0, 0
-6, -9, 42, 0, 0, 0, 0, 3, 7888, 48, 2160
-5, -6, 42, 0, 0, 0, 0, 3, 0, 0, 0
-7, -1, 42, 0, 0, 0, 0, 3, 0, 0, 0
-10, 0, 42, 0, 0, 0, 0, 3, 0, 0, 0
-12, -2, 42, 0, 0, 0, 0, 3, 0, 0, 0
-8, -4, 42, 0, 0, 0, 0, 3, 0, 0, 0
-6, -6, 41, 0, 0, 0, 0, 3, 0, 0, 0
-2, -4, 41, 0, 0, 0, 0, 3, 0, 0, 0
0, -5, 40, 0, 0, 0, 0, 3, 0, 0, 0
-2, -6, 39, 0, 0, 0, 0, 3, 0, 0, 0
-5, -8, 37, 0, 0, 0, 0, 3, 7872, 64, 2144
-8, -9, 37, 0, 0, 0, 0, 3, 0, 0, 0
-11, -12, 35, 0, 0, 0, 0, 3, 0, 0, 0
-15, -16, 33, 0, 0, 0, 0, 3, 0, 0, 0
-16, -17, 32, 0, 0, 0, 0, 3, 0, 0, 0
-17, -16, 30, 0, 0, 0, 0, 3, 0, 0, 0
-17, -13, 28, 0, 0, 0, 0, 3, 0, 0, 0
-17, -13, 26, 0, 0, 0, 0, 3, 0, 0, 0
-19, -15, 25, 0, 0, 0, 0, 3, 0, 0, 0
-20, -16, 22, 0, 0, 0, 0, 3, 0, 0, 0
-18, -15, 21, 0, 0, 0, 0, 3, 0, 0, 0
-13, -13, 20, 0, 0, 0, 0, 3, 7824, 48, 2160
-12, -12, 19, 0, 0, 0, 0, 3, 0, 0, 0
-16, -13, 19, 0, 0, 0, 0, 3, 0, 0, 0
-17, -14, 19, 0, 0, 0, 0, 3, 0, 0, 0
-12, -14, 19, 0, 0, 0, 0, 3, 0, 0, 0
-7, -12, 20, 0, 0, 0, 0, 3, 0, 0, 0
-7, -11, 20, 0, 0, 0, 0, 3, 0, 0, 0
-10, -10, 20, 0, 0, 0, 0, 3, 0, 0, 0
-10, -10, 21, 0, 0, 0, 0, 3, 0, 0, 0
-10, -9, 20, 0, 0, 0, 0, 3, 7888, 48, 2176
-17, -10, 20, 0, 0, 0, 0, 3, 0, 0, 0
-17, -13, 19, 0, 0, 0, 0, 3, 0, 0, 0
-11, -13, 19, 0, 0, 0, 0, 3, 0, 0, 0
-6, -12, 17, 0, 0, 0, 0, 3, 0, 0, 0
-4, -10, 16, 0, 0, 0, 0, 3, 0, 0, 0
-6, -11, 15, 0, 0, 0, 0, 3, 0, 0, 0
-9, -12, 13, 0, 0, 0, 0, 3, 0, 0, 0
-8, -10, 12, 0, 0, 0, 0, 3, 0, 0, 0
-8, -9, 12, 0, 0, 0, 0, 3, 0, 0, 0
-11, -8, 12, 0, 0, 0, 0, 3, 0, 0, 0
-13, -8, 12, 0, 0, 0, 0, 3, 7904, 80, 0
-18, -12, 12, 0, 0, 0, 0, 3, 0, 0, 2192
-25, -16, 12, 0, 0, 0, 0, 3, 0, 0, 0
-27, -18, 12, 0, 0, 0, 0, 3, 0, 0, 0
-22, -19, 12, 0, 0, 0, 0, 3, 0, 0, 0
-20, -19, 12, 0, 0, 0, 0, 3, 0, 0, 0
-15, -18, 12, 0, 0, 0, 0, 3, 0, 0, 0
-7, -14, 12, 0, 0, 0, 0, 3, 0, 0, 0
-4, -12, 12, 0, 0, 0, 0, 3, 0, 0, 0
-7, -13, 12, 0, 0, 0, 0, 3, 0, 0, 0
-10, -12, 12, 0, 0, 0, 0, 3, 7872, 96, 2192
-13, -12, 12, 0, 0, 0, 0, 3, 0, 0, 0
-16, -12, 12, 0, 0, 0, 0, 3, 0, 0, 0
-16, -15, 11, 0, 0, 0, 0, 3, 0, 0, 0
-12, -17, 11, 0, 0, 0, 0, 3, 0, 0, 0
-8, -15, 10, 0, 0, 0, 0, 3, 0, 0, 0
-11, -11, 9, 0, 0, 0, 0, 3, 0, 0, 0
-14, -6, 8, 0, 0, 0, 0, 3, 0, 0, 0
-12, -3, 7, 0, 0, 0, 0, 3, 0, 0, 0
-11, -6, 5, 0, 0, 0, 0, 3, 0, 0, 0
-6, -9, 4, 0, 0, 0, 0, 3, 7824, 112, 2144
-1, -9, 4, 0, 0, 0, 0, 3, 0, 0, 0
0, -11, 4, 0, 0, 0, 0, 3, 0, 0, 0
-3, -10, 4, 0, 0, 0, 0, 3, 0, 0, 0
-5, -10, 4, 0, 0, 0, 0, 3, 0, 0, 0
-8, -12, 5, 0, 0, 0, 0, 3, 0, 0, 0
-11, -13, 5, 0, 0, 0, 0, 3, 0, 0, 0
-13, -12, 6, 0, 0, 0, 0, 3, 0, 0, 0
-16, -8, 6, 0, 0, 0, 0, 3, 0, 0, 0
-7, -3, 7, 0, 0, 0, 0, 3, 0, 0, 0
2, -1, 7, 0, 0, 0, 0, 3, 7840, 80, 2160
5, -2, 7, 0, 0, 0, 0, 3, 0, 0, 0
2, -4, 7, 0, 0, 0, 0, 3, 0, 0, 0
-3, -8, 8, 0, 0, 0, 0, 3, 0, 0, 0
-8, -12, 7, 0, 0, 0, 0, 3, 0, 0, 0
-11, -14, 7, 0, 0, 0, 0, 3, 0, 0, 0
-13, -16, 7, 0, 0, 0, 0, 3, 0, 0, 0
-17, -16, 7, 0, 0, 0, 0, 3, 0, 0, 0
-21, -17, 7, 0, 0, 0, 0, 3, 0, 0, 0
-21, -16, 7, 0, 0, 0, 0, 3, 0, 0, 0
-17, -14, 7, 0, 0, 0, 0, 3, 0, 0, 0
-16, -13, 6, 0, 0, 0, 0, 3, 7904, 48, 2192
-12, -13, 6, 0, 0, 0, 0, 3, 0, 0, 0
-7, -13, 5, 0, 0, 0, 0, 3, 0, 0, 0
-4, -9, 4, 0, 0, 0, 0, 3, 0, 0, 0
-1, -4, 4, 0, 0, 0, 0, 3, 0, 0, 0
0, 0, 4, 0, 0, 0, 0, 3, 0, 0, 0
1, 2, 4, 0, 0, 0, 0, 3, 0, 0, 0
3, 4, 4, 0, 0, 0, 0, 3, 0, 0, 0
5, 3, 2, 0, 0, 0, 0, 3, 0, 0, 0
8, 1, 2, 0, 0, 0, 0, 3, 0, 0, 0
8, 1, 2, 0, 0, 0, 0, 3, 7872, 96, 2112
5, 1, 2, 0, 0, 0, 0, 3, 0, 0, 0
4, 2, 2, 0, 0, 0, 0, 3, 0, 0, 0
1, 4, 2, 0, 0, 0, 0, 3, 0, 0, 0
-1, 1, 2, 0, 0, 0, 0, 3, 0, 0, 0
-6, -2, 2, 0, 0, 0, 0, 3, 0, 0, 0
-6, -4, 2, 0, 0, 0, 0, 3, 0, 0, 0
-1, -3, 2, 0, 0, 0, 0, 3, 0, 0, 0
-2, -4, 2, 0, 0, 0, 0, 3, 0, 0, 0
-6, -4, 2, 0, 0, 0, 0, 3, 0, 0, 0
-11, -6, 2, 0, 0, 0, 0, 3, 7872, 80, 2144
-13, -7, 2, 0, 0, 0, 0, 3, 0, 0, 0
-9, -6, 2, 0, 0, 0, 0, 3, 0, 0, 0
-4, -4, 1, 0, 0, 0, 0, 3, 0, 0, 0
-6, -4, 1, 0, 0, 0, 0, 3, 0, 0, 0
-9, -6, 0, 0, 0, 0, 0, 3, 0, 0, 0
-7, -8, 0, 0, 0, 0, 0, 3, 0, 0, 0
-2, -6, 0, 0, 0, 0, 0, 3, 0, 0, 0
0, -3, 0, 0, 0, 0, 0, 3, 0, 0, 0
-1, -2, 0, 0, 0, 0, 0, 3, 0, 0, 0
-7, 0, 0, 0, 0, 0, 0, 3, 0, 0, 0
-5, 0, 0, 0, 0, 0, 0, 3, 7856, 96, 2128
0, 0, 0, 0, 0, 0, 0, 3, 0, 0, 0
1, 0, 0, 0, 0, 0, 0, 3, 0, 0, 0
2, 0, 0, 0, 0, 0, 0, 3, 0, 0, 0
1, 1, 0, 0, 0, 0, 0, 3, 0, 0, 0
0, 0, 0, 0, 0, 0, 0, 3, 0, 0, 0
0, 0, 1, 0, 0, 0, 0, 3, 0, 0, 0
0, 1, 1, 0, 0, 0, 0, 3, 0, 0, 0
0, 0, 2, 0, 0, 0, 0, 3, 0, 0, 0
-3, 0, 3, 0, 0, 0, 0, 3, 0, 0, 0
-3, 1, 3, 0, 0, 0, 0, 3, 7888, 80, 2128
0, 4, 4, 0, 0, 0, 0, 3, 0, 0, 0
2, 6, 4, 0, 0, 0, 0, 3, 0, 0, 0
4, 8, 4, 0, 0, 0, 0, 3, 0, 0, 0
7, 8, 3, 0, 0, 0, 0, 3, 0, 0, 0
9, 7, 3, 0, 0, 0, 0, 3, 0, 0, 0
9, 4, 3, 0, 0, 0, 0, 3, 0, 0, 0
10, 5, 3, 0, 0, 0, 0, 3, 0, 0, 0
12, 7, 4, 0, 0, 0, 0, 3, 0, 0, 0
10, 6, 5, 0, 0, 0, 0, 3, 0, 0, 0
9, 5, 7, 0, 0, 0, 0, 3, 0, 0, 0
9, 8, 8, 0, 0, 0, 0, 3, 7888, 96, 2128
5, 9, 11, 0, 0, 0, 0, 3, 0, 0, 0
2, 8, 13, 0, 0, 0, 0, 3, 0, 0, 0
-3, 6, 16, 0, 0, 0, 0, 3, 0, 0, 0
-1, 5, 18, 0, 0, 0, 0, 3, 0, 0, 0
6, 5, 21, 0, 0, 0, 0, 3, 0, 0, 0
9, 4, 23, 0, 0, 0, 0, 3, 0, 0, 0
8, 1, 25, 0, 0, 0, 0, 3, 0, 0, 0
8, 4, 27, 0, 0, 0, 0, 3, 0, 0, 0
9, 6, 30, 0, 0, 0, 0, 3, 7888, 80, 2144
7, 8, 31, 0, 0, 0, 0, 3, 0, 0, 0
1, 5, 34, 0, 0, 0, 0, 3, 0, 0, 0
0, 1, 35, 0, 0, 0, 0, 3, 0, 0, 0
-1, 0, 37, 0, 0, 0, 0, 3, 0, 0, 0
0, 2, 37, 0, 0, 0, 0, 3, 0, 0, 0
-3, 3, 38, 0, 0, 0, 0, 3, 0, 0, 0
-6, 2, 39, 0, 0, 0, 0, 3, 0, 0, 0
-6, 3, 39, 0, 0, 0, 0, 3, 0, 0, 0
0, 4, 40, 0, 0, 0, 0, 3, 0, 0, 0
5, 6, 41, 0, 0, 0, 0, 3, 0, 0, 0
8, 7, 41, 0, 0, 0, 0, 3, 7872, 64, 2128
8, 9, 42, 0, 0, 0, 0, 3, 0, 0, 0
4, 10, 42, 0, 0, 0, 0, 3, 0, 0, 0
2, 8, 42, 0, 0, 0, 0, 3, 0, 0, 0
2, 8, 42, 0, 0, 0, 0, 3, 0, 0, 0
0, 7, 43, 0, 0, 0, 0, 3, 0, 0, 0
-5, 4, 44, 0, 0, 0, 0, 3, 0, 0, 0
-3, 1, 44, 0, 0, 0, 0, 3, 0, 0, 0
0, 1, 46, 0, 0, 0, 0, 3, 0, 0, 0
4, 4, 46, 0, 0, 0, 0, 3, 0, 0, 0
3, 6, 48, 0, 0, 0, 0, 3, 7904, 64, 2112
0, 7, 49, 0, 0, 0, 0, 3, 0, 0, 0
-4, 3, 50, 0, 0, 0, 0, 3, 0, 0, 0
-3, -1, 50, 0, 0, 0, 0, 3, 0, 0, 0
-2, -3, 50, 0, 0, 0, 0, 3, 0, 0, 0
-2, -3, 51, 0, 0, 0, 0, 3, 0, 0, 0
-1, -3, 51, 0, 0, 0, 0, 3, 0, 0, 0
-1, -2, 51, 0, 0, 0, 0, 3, 0, 0, 0
0, 0, 50, 0, 0, 0, 0, 3, 0, 0, 0
-1, 3, 50, 0, 0, 0, 0, 3, 0, 0, 0
-1, 5, 48, 0, 0, 0, 0, 3, 7904, 64, 0
2, 6, 47, 0, 0, 0, 0, 3, 0, 0, 2112
0, 7, 46, 0, 0, 0, 0, 3, 0, 0, 0
-4, 4, 45, 0, 0, 0, 0, 3, 0, 0, 0
-2, 2, 43, 0, 0, 0, 0, 3, 0, 0, 0
1, 2, 41, 0, 0, 0, 0, 3, 0, 0, 0
-2, 1, 38, 0, 0, 0, 0, 3, 0, 0, 0
-4, 2, 36, 0, 0, 0, 0, 3, 0, 0, 0
1, 3, 34, 0, 0, 0, 0, 3, 0, 0, 0
2, 3, 33, 0, 0, 0, 0, 3, 0, 0, 0
2, 6, 31, 0, 0, 0, 0, 3, 7888, 32, 2032
2, 7, 30, 0, 0, 0, 0, 3, 0, 0, 0
3, 4, 29, 0, 0, 0, 0, 3, 0, 0, 0
3, 5, 29, 0, 0, 0, 0, 3, 0, 0, 0
0, 6, 29, 0, 0, 0, 0, 3, 0, 0, 0
-3, 6, 28, 0, 0, 0, 0, 3, 0, 0, 0
-6, 7, 28, 0, 0, 0, 0, 3, 0, 0, 0
-9, 3, 28, 0, 0, 0, 0, 3, 0, 0, 0
-9, 0, 27, 0, 0, 0, 0, 3, 0, 0, 0
-6, 0, 27, 0, 0, 0, 0, 3, 0, 0, 0
-5, 0, 27, 0, 0, 0, 0, 3, 0, 0, 0
0, 2, 26, 0, 0, 0, 0, 3, 7904, 48, 2096
4, 6, 25, 0, 0, 0, 0, 3, 0, 0, 0
4, 10, 25, 0, 0, 0, 0, 3, 0, 0, 0
0, 11, 24, 0, 0, 0, 0, 3, 0, 0, 0
-5, 10, 23, 0, 0, 0, 0, 3, 0, 0, 0
-6, 6, 22, 0, 0, 0, 0, 3, 0, 0, 0
-6, 5, 21, 0, 0, 0, 0, 3, 0, 0, 0
-6, 2, 21, 0, 0, 0, 0, 3, 0, 0, 0
-4, 0, 20, 0, 0, 0, 0, 3, 0, 0, 0
-3, 3, 19, 0, 0, 0, 0, 3, 0, 0, 0
1, 9, 19, 0, 0, 0, 0, 3, 7888, 48, 2112
7, 11, 18, 0, 0, 0, 0, 3, 0, 0, 0
6, 11, 18, 0, 0, 0, 0, 3, 0, 0, 0
0, 10, 16, 0, 0, 0, 0, 3, 0, 0, 0
-6, 8, 16, 0, 0, 0, 0, 3, 0, 0, 0
-6, 8, 15, 0, 0, 0, 0, 3, 0, 0, 0
-4, 5, 13, 0, 0, 0, 0, 3, 0, 0, 0
-2, 1, 12, 0, 0, 0, 0, 3, 0, 0, 0
-3, 0, 12, 0, 0, 0, 0, 3, 0, 0, 0
-10, 0, 12, 0, 0, 0, 0, 3, 0, 0, 0
-9, 4, 12, 0, 0, 0, 0, 3, 7840, 32, 2112
0, 9, 12, 0, 0, 0, 0, 3, 0, 0, 0
1, 11, 13, 0, 0, 0, 0, 3, 0, 0, 0
-2, 9, 13, 0, 0, 0, 0, 3, 0, 0, 0
-4, 9, 13, 0, 0, 0, 0, 3, 0, 0, 0
-2, 10, 14, 0, 0, 0, 0, 3, 0, 0, 0
-1, 12, 13, 0, 0, 0, 0, 3, 0, 0, 0
0, 10, 13, 0, 0, 0, 0, 3, 0, 0, 0
0, 9, 13, 0, 0, 0, 0, 3, 0, 0, 0
2, 10, 13, 0, 0, 0, 0, 3, 0, 0, 0
0, 13, 13, 0, 0, 0, 0, 3, 0, 0, 0
0, 19, 12, 0, 0, 0, 0, 3, 7872, 48, 2096
0, 21, 12, 0, 0, 0, 0, 3, 0, 0, 0
0, 18, 12, 0, 0, 0, 0, 3, 0, 0, 0
6, 15, 11, 0, 0, 0, 0, 3, 0, 0, 0
8, 11, 10, 0, 0, 0, 0, 3, 0, 0, 0
3, 8, 10, 0, 0, 0, 0, 3, 0, 0, 0
0, 11, 9, 0, 0, 0, 0, 3, 0, 0, 0
0, 12, 8, 0, 0, 0, 0, 3, 0, 0, 0
-1, 10, 8, 0, 0, 0, 0, 3, 0, 0, 0
-4, 9, 8, 0, 0, 0, 0, 3, 0, 0, 0
-14, 11, 7, 0, 0, 0, 0, 3, 7840, 48, 2016
-14, 13, 7, 0, 0, 0, 0, 3, 0, 0, 0
-3, 13, 7, 0, 0, 0, 0, 3, 0, 0, 0
4, 10, 6, 0, 0, 0, 0, 3, 0, 0, 0
2, 10, 6, 0, 0, 0, 0, 3, 0, 0, 0
2, 19, 5, 0, 0, 0, 0, 3, 0, 0, 0
5, 26, 5, 0, 0, 0, 0, 3, 0, 0, 0
8, 26, 5, 0, 0, 0, 0, 3, 0, 0, 0
9, 26, 5, 0, 0, 0, 0, 3, 0, 0, 0
13, 27, 4, 0, 0, 0, 0, 3, 0, 0, 0
13, 27, 4, 0, 0, 0, 0, 3, 7872, 80, 2016
7, 20, 4, 0, 0, 0, 0, 3, 0, 0, 0
3, 15, 3, 0, 0, 0, 0, 3, 0, 0, 0
-1, 15, 3, 0, 0, 0, 0, 3, 0, 0, 0
-7, 13, 3, 0, 0, 0, 0, 3, 0, 0, 0
-8, 13, 3, 0, 0, 0, 0, 3, 0, 0, 0
-5, 16, 2, 0, 0, 0, 0, 3, 0, 0, 0
0, 18, 2, 0, 0, 0, 0, 3, 0, 0, 0
4, 19, 1, 0, 0, 0, 0, 3, 0, 0, 0
4, 18, 0, 0, 0, 0, 0, 3, 0, 0, 0
3, 16, 0, 0, 0, 0, 0, 3, 7888, 80, 2096
0, 14, 0, 0, 0, 0, 0, 3, 0, 0, 0
-8, 10, -1, 0, 0, 0, 0, 3, 0, 0, 0
-11, 9, -1, 0, 0, 0, 0, 3, 0, 0, 0
-9, 8, -1, 0, 0, 0, 0, 3, 0, 0, 0
-7, 10, 0, 0, 0, 0, 0, 3, 0, 0, 0
-1, 14, 0, 0, 0, 0, 0, 3, 0, 0, 0
-2, 16, 0, 0, 0, 0, 0, 3, 0, 0, 0
-10, 13, 0, 0, 0, 0, 0, 3, 0, 0, 0
-16, 8, 1, 0, 0, 0, 0, 3, 0, 0, 0
-11, 7, 1, 0, 0, 0, 0, 3, 7840, 64, 2096
-5, 7, 2, 0, 0, 0, 0, 3, 0, 0, 0
-4, 10, 2, 0, 0, 0, 0, 3, 0, 0, 0
-4, 14, 2, 0, 0, 0, 0, 3, 0, 0, 0
-4, 17, 2, 0, 0, 0, 0, 3, 0, 0, 0
-2, 17, 1, 0, 0, 0, 0, 3, 0, 0, 0
-3, 17, 2, 0, 0, 0, 0, 3, 0, 0, 0
-8, 16, 1, 0, 0, 0, 0, 3, 0, 0, 0
-12, 14, 1, 0, 0, 0, 0, 3, 0, 0, 0
-12, 12, 0, 0, 0, 0, 0, 3, 0, 0, 0
-10, 10, 0, 0, 0, 0, 0, 3, 0, 0, 0
-4, 9, 0, 0, 0, 0, 0, 3, 7888, 80, 2128
0, 15, 0, 0, 0, 0, 0, 3, 0, 0, 0
-2, 20, 0, 0, 0, 0, 0, 3, 0, 0, 0
-4, 21, -1, 0, 0, 0, 0, 3, 0, 0, 0
-5, 21, -2, 0, 0, 0, 0, 3, 0, 0, 0
-6, 20, -3, 0, 0, 0, 0, 3, 0, 0, 0
-12, 14, -3, 0, 0, 0, 0, 3, 0, 0, 0
-14, 8, -3, 0, 0, 0, 0, 3, 0, 0, 0
-7, 8, -2, 0, 0, 0, 0, 3, 0, 0, 0
-1, 15, -2, 0, 0, 0, 0, 3, 0, 0, 0
0, 21, 0, 0, 0, 0, 0, 3, 7920, 80, 2128
3, 23, 0, 0, 0, 0, 0, 3, 0, 0, 0
2, 21, 0, 0, 0, 0, 0, 3, 0, 0, 0
-2, 19, 1, 0, 0, 0, 0, 3, 0, 0, 0
-6, 18, 2, 0, 0, 0, 0, 3, 0, 0, 0
-11, 18, 2, 0, 0, 0, 0, 3, 0, 0, 0
-16, 19, 3, 0, 0, 0, 0, 3, 0, 0, 0
-15, 16, 4, 0, 0, 0, 0, 3, 0, 0, 0
-10, 12, 4, 0, 0, 0, 0, 3, 0, 0, 0
-10, 6, 4, 0, 0, 0, 0, 3, 0, 0, 0
-15, 7, 4, 0, 0, 0, 0, 3, 7936, 80, 2112
-16, 12, 5, 0, 0, 0, 0, 3, 0, 0, 0
-9, 16, 5, 0, 0, 0, 0, 3, 0, 0, 0
-5, 16, 6, 0, 0, 0, 0, 3, 0, 0, 0
-6, 16, 7, 0, 0, 0, 0, 3, 0, 0, 0
-6, 16, 8, 0, 0, 0, 0, 3, 0, 0, 0
-2, 16, 8, 0, 0, 0, 0, 3, 0, 0, 0
0, 16, 10, 0, 0, 0, 0, 3, 0, 0, 0
-2, 16, 11, 0, 0, 0, 0, 3, 0, 0, 0
-8, 17, 12, 0, 0, 0, 0, 3, 0, 0, 0
-15, 20, 14, 0, 0, 0, 0, 3, 7872, 80, 2144
-16, 21, 16, 0, 0, 0, 0, 3, 0, 0, 0
-6, 20, 19, 0, 0, 0, 0, 3, 0, 0, 0
4, 23, 21, 0, 0, 0, 0, 3, 0, 0, 0
6, 29, 24, 0, 0, 0, 0, 3, 0, 0, 0
1, 26, 26, 0, 0, 0, 0, 3, 0, 0, 0
-4, 16, 28, 0, 0, 0, 0, 3, 0, 0, 0
-8, 8, 29, 0, 0, 0, 0, 3, 0, 0, 0
-10, 9, 31, 0, 0, 0, 0, 3, 0, 0, 0
-13, 13, 32, 0, 0, 0, 0, 3, 0, 0, 0
-11, 20, 34, 0, 0, 0, 0, 3, 0, 0, 0
-4, 24, 35, 0, 0, 0, 0, 3, 7888, 48, 2160
-2, 22, 37, 0, 0, 0, 0, 3, 0, 0, 0
-3, 20, 37, 0, 0, 0, 0, 3, 0, 0, 0
-1, 19, 38, 0, 0, 0, 0, 3, 0, 0, 0
-1, 19, 39, 0, 0, 0, 0, 3, 0, 0, 0
-5, 16, 40, 0, 0, 0, 0, 3, 0, 0, 0
-8, 14, 42, 0, 0, 0, 0, 3, 0, 0, 0
-13, 14, 42, 0, 0, 0, 0, 3, 0, 0, 0
-15, 16, 45, 0, 0, 0, 0, 3, 0, 0, 0
-8, 16, 46, 0, 0, 0, 0, 3, 0, 0, 0
-3, 16, 48, 0, 0, 0, 0, 3, 7824, 48, 2176
-4, 19, 49, 0, 0, 0, 0, 3, 0, 0, 0
-7, 22, 50, 0, 0, 0, 0, 3, 0, 0, 0
-6, 21, 52, 0, 0, 0, 0, 3, 0, 0, 0
-6, 16, 53, 0, 0, 0, 0, 3, 0, 0, 0
-11, 14, 54, 0, 0, 0, 0, 3, 0, 0, 0
-14, 16, 54, 0, 0, 0, 0, 3, 0, 0, 0
-9, 18, 55, 0, 0, 0, 0, 3, 0, 0, 0
-2, 16, 55, 0, 0, 0, 0, 3, 0, 0, 0
1, 14, 56, 0, 0, 0, 0, 3, 0, 0, 0
0, 18, 55, 0, 0, 0, 0, 3, 7856, 32, 2208
-2, 23, 55, 0, 0, 0, 0, 3, 0, 0, 0
-3, 25, 55, 0, 0, 0, 0, 3, 0, 0, 0
-4, 23, 55, 0, 0, 0, 0, 3, 0, 0, 0
-5, 21, 54, 0, 0, 0, 0, 3, 0, 0, 0
-4, 21, 54, 0, 0, 0, 0, 3, 0, 0, 0
-2, 17, 53, 0, 0, 0, 0, 3, 0, 0, 0
-3, 16, 52, 0, 0, 0, 0, 3, 0, 0, 0
-6, 15, 50, 0, 0, 0, 0, 3, 0, 0, 0
-5, 16, 49, 0, 0, 0, 0, 3, 0, 0, 0
-5, 14, 47, 0, 0, 0, 0, 3, 0, 0, 0
-3, 11, 45, 0, 0, 0, 0, 3, 7840, 64, 2128
-6, 11, 43, 0, 0, 0, 0, 3, 0, 0, 0
-10, 15, 41, 0, 0, 0, 0, 3, 0, 0, 0
-10, 20, 39, 0, 0, 0, 0, 3, 0, 0, 0
-9, 22, 38, 0, 0, 0, 0, 3, 0, 0, 0
-7, 21, 37, 0, 0, 0, 0, 3, 0, 0, 0
-5, 17, 36, 0, 0, 0, 0, 3, 0, 0, 0
-1, 16, 35, 0, 0, 0, 0, 3, 0, 0, 0
1, 17, 35, 0, 0, 0, 0, 3, 0, 0, 0
0, 16, 34, 0, 0, 0, 0, 3, 0, 0, 0
-3, 14, 33, 0, 0, 0, 0, 3, 7840, 32, 2128
-8, 13, 33, 0, 0, 0, 0, 3, 0, 0, 0
-9, 17, 32, 0, 0, 0, 0, 3, 0, 0, 0
-9, 22, 32, 0, 0, 0, 0, 3, 0, 0, 0
-11, 21, 31, 0, 0, 0, 0, 3, 0, 0, 0
-10, 16, 29, 0, 0, 0, 0, 3, 0, 0, 0
-3, 16, 28, 0, 0, 0, 0, 3, 0, 0, 0
2, 19, 27, 0, 0, 0, 0, 3, 0, 0, 0
4, 19, 25, 0, 0, 0, 0, 3, 0, 0, 0
3, 19, 23, 0, 0, 0, 0, 3, 0, 0, 0
1, 20, 22, 0, 0, 0, 0, 3, 7872, 32, 0
0, 21, 21, 0, 0, 0, 0, 3, 0, 0, 2112
0, 23, 21, 0, 0, 0, 0, 3, 0, 0, 0
-1, 25, 20, 0, 0, 0, 0, 3, 0, 0, 0
0, 21, 20, 0, 0, 0, 0, 3, 0, 0, 0
0, 16, 20, 0, 0, 0, 0, 3, 0, 0, 0
-6, 16, 20, 0, 0, 0, 0, 3, 0, 0, 0
-9, 18, 20, 0, 0, 0, 0, 3, 0, 0, 0
-8, 19, 20, 0, 0, 0, 0, 3, 0, 0, 0
-6, 21, 20, 0, 0, 0, 0, 3, 0, 0, 0
-3, 17, 19, 0, 0, 0, 0, 3, 7856, 48, 2144
-3, 15, 19, 0, 0, 0, 0, 3, 0, 0, 0
-3, 14, 19, 0, 0, 0, 0, 3, 0, 0, 0
-3, 13, 19, 0, 0, 0, 0, 3, 0, 0, 0
-4, 14, 18, 0, 0, 0, 0, 3, 0, 0, 0
-6, 16, 18, 0, 0, 0, 0, 3, 0, 0, 0
-7, 18, 16, 0, 0, 0, 0, 3, 0, 0, 0
-5, 17, 16, 0, 0, 0, 0, 3, 0, 0, 0
-3, 15, 16, 0, 0, 0, 0, 3, 0, 0, 0
-6, 13, 15, 0, 0, 0, 0, 3, 0, 0, 0
-9, 14, 14, 0, 0, 0, 0, 3, 0, 0, 0
-11, 15, 14, 0, 0, 0, 0, 3, 0, 0, 0
-10, 15, 13, 0, 0, 0, 0, 3, 7808, 64, 2128
-7, 16, 12, 0, 0, 0, 0, 3, 0, 0, 0
-1, 19, 12, 0, 0, 0, 0, 3, 0, 0, 0
3, 21, 11, 0, 0, 0, 0, 3, 0, 0, 0
0, 20, 10, 0, 0, 0, 0, 3, 0, 0, 0
-2, 21, 9, 0, 0, 0, 0, 3, 0, 0, 0
-5, 21, 9, 0, 0, 0, 0, 3, 0, 0, 0
-7, 18, 8, 0, 0, 0, 0, 3, 0, 0, 0
-3, 15, 8, 0, 0, 0, 0, 3, 0, 0, 0
0, 16, 8, 0, 0, 0, 0, 3, 7856, 64, 2128
-5, 14, 8, 0, 0, 0, 0, 3, 0, 0, 0
-10, 15, 9, 0, 0, 0, 0, 3, 0, 0, 0
-12, 18, 9, 0, 0, 0, 0, 3, 0, 0, 0
-12, 14, 10, 0, 0, 0, 0, 3, 0, 0, 0
-8, 10, 9, 0, 0, 0, 0, 3, 0, 0, 0
-8, 9, 10, 0, 0, 0, 0, 3, 0, 0, 0
-12, 9, 10, 0, 0, 0, 0, 3, 0, 0, 0
-18, 7, 10, 0, 0, 0, 0, 3, 0, 0, 0
-14, 10, 9, 0, 0, 0, 0, 3, 0, 0, 0
-7, 17, 9, 0, 0, 0, 0, 3, 7888, 80, 2144
-4, 19, 8, 0, 0, 0, 0, 3, 0, 0, 0
-4, 18, 8, 0, 0, 0, 0, 3, 0, 0, 0
0, 21, 7, 0, 0, 0, 0, 3, 0, 0, 0
8, 28, 7, 0, 0, 0, 0, 3, 0, 0, 0
15, 35, 7, 0, 0, 0, 0, 3, 0, 0, 0
19, 39, 7, 0, 0, 0, 0, 3, 0, 0, 0
22, 40, 6, 0, 0, 0, 0, 3, 0, 0, 0
20, 37, 6, 0, 0, 0, 0, 3, 0, 0, 0
16, 33, 5, 0, 0, 0, 0, 3, 0, 0, 0
13, 33, 4, 0, 0, 0, 0, 3, 7856, 96, 2096
10, 29, 4, 0, 0, 0, 0, 3, 0, 0, 0
6, 25, 3, 0, 0, 0, 0, 3, 0, 0, 0
4, 28, 2, 0, 0, 0, 0, 3, 0, 0, 0
14, 43, 2, 0, 0, 0, 0, 3, 0, 0, 0
29, 60, 2, 0, 0, 0, 0, 3, 0, 0, 0
44, 71, 2, 0, 0, 0, 0, 3, 0, 0, 0
63, 80, 1, 0, 0, 0, 0, 3, 0, 0, 0
85, 100, 0, 0, 0, 0, 0, 3, 0, 0, 0
100, 120, 0, 0, 0, 0, 0, 3, 0, 0, 0
115, 137, 0, 0, 0, 0, 0, 3, 0, 0, 0
131, 156, -2, 0, 0, 0, 0, 3, 7920, 32, 2160
146, 172, -3, 0, 0, 0, 0, 3, 0, 0, 0
160, 191, -4, 0, 0, 0, 0, 3, 0, 0, 0
169, 206, -4, 0, 0, 0, 0, 3, 0, 0, 0
179, 219, -4, 0, 0, 0, 0, 3, 0, 0, 0
190, 231, -4, 0, 0, 0, 0, 3, 0, 0, 0
198, 240, -3, 0, 0, 0, 0, 3, 0, 0, 0
206, 247, -3, 0, 0, 0, 0, 3, 0, 0, 0
215, 253, -3, 0, 0, 0, 0, 3, 0, 0, 0
219, 251, -2, 0, 0, 0, 0, 3, 0, 0, 0
218, 252, -2, 0, 0, 0, 0, 3, 7856, 16, 2144
217, 257, -1, 0, 0, 0, 0, 3, 0, 0, 0
213, 257, 0, 0, 0, 0, 0, 3, 0, 0, 0
204, 249, 0, 0, 0, 0, 0, 3, 0, 0, 0
192, 238, 0, 0, 0, 0, 0, 3, 0, 0, 0
185, 227, 0, 0, 0, 0, 0, 3, 0, 0, 0
175, 217, 0, 0, 0, 0, 0, 3, 0, 0, 0
163, 203, 0, 0, 0, 0, 0, 3, 0, 0, 0
151, 185, 0, 0, 0, 0, 0, 3, 0, 0, 0
140, 168, 0, 0, 0, 0, 0, 3, 0, 0, 0
131, 160, 0, 0, 0, 0, 0, 3, 7904, 48, 2128
121, 152, 0, 0, 0, 0, 0, 3, 0, 0, 0
111, 143, 1, 0, 0, 0, 0, 3, 0, 0, 0
97, 130, 1, 0, 0, 0, 0, 3, 0, 0, 0
78, 116, 1, 0, 0, 0, 0, 3, 0, 0, 0
63, 103, 1, 0, 0, 0, 0, 3, 0, 0, 0
60, 93, 1, 0, 0, 0, 0, 3, 0, 0, 0
59, 83, 1, 0, 0, 0, 0, 3, 0, 0, 0
56, 74, 1, 0, 0, 0, 0, 3, 0, 0, 0
51, 65, 1, 0, 0, 0, 0, 3, 0, 0, 0
44, 59, 1, 0, 0, 0, 0, 3, 7888, 32, 0
35, 55, 1, 0, 0, 0, 0, 3, 0, 0, 2112
25, 51, 0, 0, 0, 0, 0, 3, 0, 0, 0
20, 44, 0, 0, 0, 0, 0, 3, 0, 0, 0
18, 33, 0, 0, 0, 0, 0, 3, 0, 0, 0
14, 29, 0, 0, 0, 0, 0, 3, 0, 0, 0
7, 24, -1, 0, 0, 0, 0, 3, 0, 0, 0
-2, 15, -1, 0, 0, 0, 0, 3, 0, 0, 0
-7, 7, -1, 0, 0, 0, 0, 3, 0, 0, 0
-8, 0, 0, 0, 0, 0, 0, 3, 0, 0, 0
-12, -8, 0, 0, 0, 0, 0, 3, 0, 0, 0
-20, -18, 2, 0, 0, 0, 0, 3, 7872, 16, 2096
-28, -22, 4, 0, 0, 0, 0, 3, 0, 0, 0
-38, -24, 5, 0, 0, 0, 0, 3, 0, 0, 0
-45, -30, 7, 0, 0, 0, 0, 3, 0, 0, 0
-47, -37, 9, 0, 0, 0, 0, 3, 0, 0, 0
-50, -42, 11, 0, 0, 0, 0, 3, 0, 0, 0
-54, -51, 12, 0, 0, 0, 0, 3, 0, 0, 0
-58, -52, 13, 0, 0, 0, 0, 3, 0, 0, 0
-59, -53, 14, 0, 0, 0, 0, 3, 0, 0, 0
-61, -57, 16, 0, 0, 0, 0, 3, 0, 0, 0
-65, -63, 17, 0, 0, 0, 0, 3, 7904, 80, 0
-70, -65, 19, 0, 0, 0, 0, 3, 0, 0, 2128
-77, -67, 21, 0, 0, 0, 0, 3, 0, 0, 0
-80, -69, 22, 0, 0, 0, 0, 3, 0, 0, 0
-80, -72, 24, 0, 0, 0, 0, 3, 0, 0, 0
-79, -79, 26, 0, 0, 0, 0, 3, 0, 0, 0
-80, -84, 27, 0, 0, 0, 0, 3, 0, 0, 0
-84, -87, 29, 0, 0, 0, 0, 3, 0, 0, 0
-88, -90, 31, 0, 0, 0, 0, 3, 0, 0, 0
-90, -90, 33, 0, 0, 0, 0, 3, 0, 0, 0
-96, -92, 35, 0, 0, 0, 0, 3, 7888, 48, 2144
-103, -97, 37, 0, 0, 0, 0, 3, 0, 0, 0
-110, -102, 40, 0, 0, 0, 0, 3, 0, 0, 0
-111, -105, 42, 0, 0, 0, 0, 3, 0, 0, 0
-110, -104, 44, 0, 0, 0, 0, 3, 0, 0, 0
-108, -103, 46, 0, 0, 0, 0, 3, 0, 0, 0
-105, -100, 48, 0, 0, 0, 0, 3, 0, 0, 0
-103, -97, 50, 0, 0, 0, 0, 3, 0, 0, 0
-101, -98, 51, 0, 0, 0, 0, 3, 0, 0, 0
-101, -100, 52, 0, 0, 0, 0, 3, 0, 0, 0
-105, -101, 54, 0, 0, 0, 0, 3, 0, 0, 0
-109, -100, 54, 0, 0, 0, 0, 3, 7840, 16, 2240
-108, -99, 54, 0, 0, 0, 0, 3, 0, 0, 0
-107, -97, 55, 0, 0, 0, 0, 3, 0, 0, 0
-103, -96, 55, 0, 0, 0, 0, 3, 0, 0, 0
-102, -97, 55, 0, 0, 0, 0, 3, 0, 0, 0
-103, -99, 55, 0, 0, 0, 0, 3, 0, 0, 0
-104, -103, 55, 0, 0, 0, 0, 3, 0, 0, 0
-101, -102, 54, 0, 0, 0, 0, 3, 0, 0, 0
-100, -97, 54, 0, 0, 0, 0, 3, 0, 0, 0
-99, -92, 52, 0, 0, 0, 0, 3, 0, 0, 0
-98, -88, 51, 0, 0, 0, 0, 3, 7856, 64, 2192
-99, -86, 49, 0, 0, 0, 0, 3, 0, 0, 0
-97, -89, 48, 0, 0, 0, 0, 3, 0, 0, 0
-91, -89, 47, 0, 0, 0, 0, 3, 0, 0, 0
-83, -81, 46, 0, 0, 0, 0, 3, 0, 0, 0
-79, -76, 46, 0, 0, 0, 0, 3, 0, 0, 0
-82, -75, 45, 0, 0, 0, 0, 3, 0, 0, 0
-85, -74, 44, 0, 0, 0, 0, 3, 0, 0, 0
-84, -76, 43, 0, 0, 0, 0, 3, 0, 0, 0
-80, -79, 42, 0, 0, 0, 0, 3, 0, 0, 0
-79, -81, 41, 0, 0, 0, 0, 3, 7920, 48, 0
-83, -81, 41, 0, 0, 0, 0, 3, 0, 0, 2112
-85, -78, 39, 0, 0, 0, 0, 3, 0, 0, 0
-82, -74, 38, 0, 0, 0, 0, 3, 0, 0, 0
-77, -70, 36, 0, 0, 0, 0, 3, 0, 0, 0
-75, -67, 34, 0, 0, 0, 0, 3, 0, 0, 0
-75, -67, 32, 0, 0, 0, 0, 3, 0, 0, 0
-71, -67, 30, 0, 0, 0, 0, 3, 0, 0, 0
-69, -68, 29, 0, 0, 0, 0, 3, 0, 0, 0
-67, -70, 26, 0, 0, 0, 0, 3, 0, 0, 0
-68, -68, 25, 0, 0, 0, 0, 3, 7856, 80, 2112
-69, -62, 25, 0, 0, 0, 0, 3, 0, 0, 0
-66, -57, 24, 0, 0, 0, 0, 3, 0, 0, 0
-61, -57, 23, 0, 0, 0, 0, 3, 0, 0, 0
-64, -63, 23, 0, 0, 0, 0, 3, 0, 0, 0
-71, -65, 23, 0, 0, 0, 0, 3, 0, 0, 0
-70, -63, 23, 0, 0, 0, 0, 3, 0, 0, 0
-65, -60, 22, 0, 0, 0, 0, 3, 0, 0, 0
-61, -59, 22, 0, 0, 0, 0, 3, 0, 0, 0
-59, -60, 21, 0, 0, 0, 0, 3, 0, 0, 0
-58, -59, 21, 0, 0, 0, 0, 3, 0, 0, 0
-59, -54, 20, 0, 0, 0, 0, 3, 7840, 64, 2096
-60, -48, 20, 0, 0, 0, 0, 3, 0, 0, 0
-58, -46, 20, 0, 0, 0, 0, 3, 0, 0, 0
-56, -47, 19, 0, 0, 0, 0, 3, 0, 0, 0
-55, -48, 19, 0, 0, 0, 0, 3, 0, 0, 0
-54, -48, 19, 0, 0, 0, 0, 3, 0, 0, 0
-50, -47, 19, 0, 0, 0, 0, 3, 0, 0, 0
-44, -48, 18, 0, 0, 0, 0, 3, 0, 0, 0
-42, -49, 17, 0, 0, 0, 0, 3, 0, 0, 0
-43, -47, 16, 0, 0, 0, 0, 3, 0, 0, 0
-45, -44, 16, 0, 0, 0, 0, 3, 7840, 80, 2176
-47, -39, 15, 0, 0, 0, 0, 3, 0, 0, 0
-46, -36, 14, 0, 0, 0, 0, 3, 0, 0, 0
-43, -36, 13, 0, 0, 0, 0, 3, 0, 0, 0
-38, -36, 12, 0, 0, 0, 0, 3, 0, 0, 0
-41, -35, 11, 0, 0, 0, 0, 3, 0, 0, 0
-46, -38, 9, 0, 0, 0, 0, 3, 0, 0, 0
-52, -48, 9, 0, 0, 0, 0, 3, 0, 0, 0
-56, -53, 8, 0, 0, 0, 0, 3, 0, 0, 0
-55, -47, 8, 0, 0, 0, 0, 3, 0, 0, 0
-48, -36, 8, 0, 0, 0, 0, 3, 7872, 64, 2192
-45, -32, 9, 0, 0, 0, 0, 3, 0, 0, 0
-48, -31, 9, 0, 0, 0, 0, 3, 0, 0, 0
-50, -31, 10, 0, 0, 0, 0, 3, 0, 0, 0
-49, -31, 9, 0, 0, 0, 0, 3, 0, 0, 0
-46, -29, 10, 0, 0, 0, 0, 3, 0, 0, 0
-44, -28, 10, 0, 0, 0, 0, 3, 0, 0, 0
-43, -28, 9, 0, 0, 0, 0, 3, 0, 0, 0
-43, -26, 9, 0, 0, 0, 0, 3, 0, 0, 0
-44, -25, 9, 0, 0, 0, 0, 3, 0, 0, 0
-43, -25, 9, 0, 0, 0, 0, 3, 0, 0, 0
-43, -28, 9, 0, 0, 0, 0, 3, 7904, 80, 2160
-46, -29, 9, 0, 0, 0, 0, 3, 0, 0, 0
-48, -27, 8, 0, 0, 0, 0, 3, 0, 0, 0
-49, -26, 8, 0, 0, 0, 0, 3, 0, 0, 0
-44, -28, 8, 0, 0, 0, 0, 3, 0, 0, 0
-39, -28, 8, 0, 0, 0, 0, 3, 0, 0, 0
-35, -25, 8, 0, 0, 0, 0, 3, 0, 0, 0
-32, -24, 7, 0, 0, 0, 0, 3, 0, 0, 0
-33, -23, 7, 0, 0, 0, 0, 3, 0, 0, 0
-32, -21, 6, 0, 0, 0, 0, 3, 0, 0, 0
-32, -19, 5, 0, 0, 0, 0, 3, 7920, 80, 2128
-39, -21, 4, 0, 0, 0, 0, 3, 0, 0, 0
-42, -22, 4, 0, 0, 0, 0, 3, 0, 0, 0
-38, -17, 4, 0, 0, 0, 0, 3, 0, 0, 0
-29, -13, 3, 0, 0, 0, 0, 3, 0, 0, 0
-21, -12, 2, 0, 0, 0, 0, 3, 0, 0, 0
-15, -10, 2, 0, 0, 0, 0, 3, 0, 0, 0
-12, -8, 1, 0, 0, 0, 0, 3, 0, 0, 0
-15, -8, 1, 0, 0, 0, 0, 3, 0, 0, 0
-21, -11, 0, 0, 0, 0, 0, 3, 0, 0, 0
-25, -13, 0, 0, 0, 0, 0, 3, 0, 0, 0
-30, -16, 0, 0, 0, 0, 0, 3, 7904, 96, 2176
-39, -22, 0, 0, 0, 0, 0, 3, 0, 0, 0
-45, -24, -1, 0, 0, 0, 0, 3, 0, 0, 0
-44, -22, -2, 0, 0, 0, 0, 3, 0, 0, 0
-39, -19, -3, 0, 0, 0, 0, 3, 0, 0, 0
-32, -15, -3, 0, 0, 0, 0, 3, 0, 0, 0
-29, -11, -4, 0, 0, 0, 0, 3, 0, 0, 0
-29, -9, -4, 0, 0, 0, 0, 3, 0, 0, 0
-29, -8, -3, 0, 0, 0, 0, 3, 0, 0, 0
-29, -10, -3, 0, 0, 0, 0, 3, 7840, 64, 2144
-31, -14, -2, 0, 0, 0, 0, 3, 0, 0, 0
-32, -18, -1, 0, 0, 0, 0, 3, 0, 0, 0
-25, -15, 0, 0, 0, 0, 0, 3, 0, 0, 0
-16, -7, 0, 0, 0, 0, 0, 3, 0, 0, 0
-11, -4, 1, 0, 0, 0, 0, 3, 0, 0, 0
-11, -5, 1, 0, 0, 0, 0, 3, 0, 0, 0
-14, -10, 1, 0, 0, 0, 0, 3, 0, 0, 0
-18, -12, 1, 0, 0, 0, 0, 3, 0, 0, 0
-21, -14, 1, 0, 0, 0, 0, 3, 0, 0, 0
-21, -14, 1, 0, 0, 0, 0, 3, 7840, 48, 0
-19, -11, 1, 0, 0, 0, 0, 3, 0, 0, 2192
-22, -8, 1, 0, 0, 0, 0, 3, 0, 0, 0
-25, -9, 0, 0, 0, 0, 0, 3, 0, 0, 0
-23, -11, 0, 0, 0, 0, 0, 3, 0, 0, 0
-17, -8, 0, 0, 0, 0, 0, 3, 0, 0, 0
-13, -5, 1, 0, 0, 0, 0, 3, 0, 0, 0
-11, -3, 1, 0, 0, 0, 0, 3, 0, 0, 0
-11, -2, 0, 0, 0, 0, 0, 3, 0, 0, 0
-15, -3, 0, 0, 0, 0, 0, 3, 0, 0, 0
-19, -7, 0, 0, 0, 0, 0, 3, 0, 0, 0
-20, -11, 0, 0, 0, 0, 0, 3, 7840, 32, 2224
-20, -13, 0, 0, 0, 0, 0, 3, 0, 0, 0
-19, -10, 0, 0, 0, 0, 0, 3, 0, 0, 0
-17, -7, -1, 0, 0, 0, 0, 3, 0, 0, 0
-16, -6, -1, 0, 0, 0, 0, 3, 0, 0, 0
-15, -6, -2, 0, 0, 0, 0, 3, 0, 0, 0
-14, -4, -2, 0, 0, 0, 0, 3, 0, 0, 0
-11, -2, -2, 0, 0, 0, 0, 3, 0, 0, 0
-9, -2, 0, 0, 0, 0, 0, 3, 0, 0, 0
-8, -4, 0, 0, 0, 0, 0, 3, 0, 0, 0
-7, -5, 0, 0, 0, 0, 0, 3, 7872, 0, 0
-10, -4, 0, 0, 0, 0, 0, 3, 0, 0, 2256
-16, -4, 1, 0, 0, 0, 0, 3, 0, 0, 0
-20, -8, 1, 0, 0, 0, 0, 3, 0, 0, 0
-17, -8, 2, 0, 0, 0, 0, 3, 0, 0, 0
-14, -8, 2, 0, 0, 0, 0, 3, 0, 0, 0
-13, -7, 2, 0, 0, 0, 0, 3, 0, 0, 0
-13, -5, 3, 0, 0, 0, 0, 3, 0, 0, 0
-9, -2, 2, 0, 0, 0, 0, 3, 0, 0, 0
-6, -1, 3, 0, 0, 0, 0, 3, 0, 0, 0
-4, -1, 2, 0, 0, 0, 0, 3, 7872, 0, 2240
-1, -1, 2, 0, 0, 0, 0, 3, 0, 0, 0
0, 0, 2, 0, 0, 0, 0, 3, 0, 0, 0
0, 1, 3, 0, 0, 0, 0, 3, 0, 0, 0
0, 3, 4, 0, 0, 0, 0, 3, 0, 0, 0
0, 2, 4, 0, 0, 0, 0, 3, 0, 0, 0
0, 1, 6, 0, 0, 0, 0, 3, 0, 0, 0
-1, 2, 6, 0, 0, 0, 0, 3, 0, 0, 0
-6, 5, 8, 0, 0, 0, 0, 3, 0, 0, 0
-6, 7, 9, 0, 0, 0, 0, 3, 0, 0, 0
-1, 5, 12, 0, 0, 0, 0, 3, 7872, 0, 2208
4, 0, 14, 0, 0, 0, 0, 3, 0, 0, 0
5, 0, 16, 0, 0, 0, 0, 3, 0, 0, 0
2, 0, 19, 0, 0, 0, 0, 3, 0, 0, 0
1, 0, 23, 0, 0, 0, 0, 3, 0, 0, 0
0, 1, 25, 0, 0, 0, 0, 3, 0, 0, 0
-1, 1, 28, 0, 0, 0, 0, 3, 0, 0, 0
0, 1, 30, 0, 0, 0, 0, 3, 0, 0, 0
0, 3, 33, 0, 0, 0, 0, 3, 0, 0, 0
0, 6, 34, 0, 0, 0, 0, 3, 0, 0, 0
-3, 3, 36, 0, 0, 0, 0, 3, 0, 0, 0
-1, 0, 37, 0, 0, 0, 0, 3, 7840, -16, 2176
2, 0, 40, 0, 0, 0, 0, 3, 0, 0, 0
4, 2, 41, 0, 0, 0, 0, 3, 0, 0, 0
4, 4, 42, 0, 0, 0, 0, 3, 0, 0, 0
0, 3, 44, 0, 0, 0, 0, 3, 0, 0, 0
0, 5, 45, 0, 0, 0, 0, 3, 0, 0, 0
3, 7, 46, 0, 0, 0, 0, 3, 0, 0, 0
6, 5, 47, 0, 0, 0, 0, 3, 0, 0, 0
7, 2, 48, 0, 0, 0, 0, 3, 0, 0, 0
4, 3, 48, 0, 0, 0, 0, 3, 0, 0, 0
2, 7, 48, 0, 0, 0, 0, 3, 7872, 48, 2160
0, 12, 48, 0, 0, 0, 0, 3, 0, 0, 0
0, 13, 49, 0, 0, 0, 0, 3, 0, 0, 0
4, 12, 50, 0, 0, 0, 0, 3, 0, 0, 0
8, 13, 50, 0, 0, 0, 0, 3, 0, 0, 0
8, 13, 50, 0, 0, 0, 0, 3, 0, 0, 0
4, 12, 50, 0, 0, 0, 0, 3, 0, 0, 0
5, 11, 50, 0, 0, 0, 0, 3, 0, 0, 0
7, 12, 50, 0, 0, 0, 0, 3, 0, 0, 0
8, 12, 50, 0, 0, 0, 0, 3, 0, 0, 0
6, 11, 50, 0, 0, 0, 0, 3, 7904, 32, 2160
3, 11, 49, 0, 0, 0, 0, 3, 0, 0, 0
5, 10, 48, 0, 0, 0, 0, 3, 0, 0, 0
4, 8, 47, 0, 0, 0, 0, 3, 0, 0, 0
3, 8, 46, 0, 0, 0, 0, 3, 0, 0, 0
3, 7, 46, 0, 0, 0, 0, 3, 0, 0, 0
3, 7, 44, 0, 0, 0, 0, 3, 0, 0, 0
4, 8, 43, 0, 0, 0, 0, 3, 0, 0, 0
9, 10, 42, 0, 0, 0, 0, 3, 0, 0, 0
11, 9, 41, 0, 0, 0, 0, 3, 0, 0, 0
8, 11, 39, 0, 0, 0, 0, 3, 0, 0, 0
5, 10, 38, 0, 0, 0, 0, 3, 7904, 0, 2240
7, 9, 37, 0, 0, 0, 0, 3, 0, 0, 0
11, 8, 35, 0, 0, 0, 0, 3, 0, 0, 0
11, 6, 33, 0, 0, 0, 0, 3, 0, 0, 0
6, 5, 31, 0, 0, 0, 0, 3, 0, 0, 0
2, 8, 30, 0, 0, 0, 0, 3, 0, 0, 0
1, 7, 28, 0, 0, 0, 0, 3, 0, 0, 0
2, 6, 27, 0, 0, 0, 0, 3, 0, 0, 0
4, 7, 25, 0, 0, 0, 0, 3, 0, 0, 0
8, 7, 24, 0, 0, 0, 0, 3, 0, 0, 0
9, 8, 22, 0, 0, 0, 0, 3, 7840, 16, 2192
4, 4, 21, 0, 0, 0, 0, 3, 0, 0, 0
3, 4, 21, 0, 0, 0, 0, 3, 0, 0, 0
3, 6, 20, 0, 0, 0, 0, 3, 0, 0, 0
5, 9, 19, 0, 0, 0, 0, 3, 0, 0, 0
8, 11, 18, 0, 0, 0, 0, 3, 0, 0, 0
6, 9, 19, 0, 0, 0, 0, 3, 0, 0, 0
4, 8, 18, 0, 0, 0, 0, 3, 0, 0, 0
7, 11, 18, 0, 0, 0, 0, 3, 0, 0, 0
13, 20, 18, 0, 0, 0, 0, 3, 0, 0, 0
15, 24, 17, 0, 0, 0, 0, 3, 7840, 32, 2192
20, 26, 17, 0, 0, 0, 0, 3, 0, 0, 0
25, 29, 16, 0, 0, 0, 0, 3, 0, 0, 0
29, 32, 16, 0, 0, 0, 0, 3, 0, 0, 0
27, 31, 16, 0, 0, 0, 0, 3, 0, 0, 0
23, 27, 16, 0, 0, 0, 0, 3, 0, 0, 0
20, 26, 15, 0, 0, 0, 0, 3, 0, 0, 0
15, 25, 15, 0, 0, 0, 0, 3, 0, 0, 0
17, 25, 15, 0, 0, 0, 0, 3, 0, 0, 0
17, 25, 16, 0, 0, 0, 0, 3, 0, 0, 0
16, 22, 15, 0, 0, 0, 0, 3, 7856, 32, 2192
16, 21, 15, 0, 0, 0, 0, 3, 0, 0, 0
16, 22, 14, 0, 0, 0, 0, 3, 0, 0, 0
13, 20, 14, 0, 0, 0, 0, 3, 0, 0, 0
9, 17, 14, 0, 0, 0, 0, 3, 0, 0, 0
5, 14, 14, 0, 0, 0, 0, 3, 0, 0, 0
5, 13, 13, 0, 0, 0, 0, 3, 0, 0, 0
8, 13, 13, 0, 0, 0, 0, 3, 0, 0, 0
6, 13, 13, 0, 0, 0, 0, 3, 0, 0, 0
3, 11, 12, 0, 0, 0, 0, 3, 0, 0, 0
2, 9, 12, 0, 0, 0, 0, 3, 0, 0, 0
4, 7, 12, 0, 0, 0, 0, 3, 7872, 64, 2208
2, 4, 12, 0, 0, 0, 0, 3, 0, 0, 0
0, 7, 11, 0, 0, 0, 0, 3, 0, 0, 0
0, 11, 11, 0, 0, 0, 0, 3, 0, 0, 0
4, 12, 10, 0, 0, 0, 0, 3, 0, 0, 0
9, 12, 10, 0, 0, 0, 0, 3, 0, 0, 0
10, 12, 9, 0, 0, 0, 0, 3, 0, 0, 0
7, 10, 8, 0, 0, 0, 0, 3, 0, 0, 0
3, 8, 8, 0, 0, 0, 0, 3, 0, 0, 0
0, 8, 7, 0, 0, 0, 0, 3, 0, 0, 0
-1, 8, 7, 0, 0, 0, 0, 3, 7840, 80, 2192
-2, 9, 7, 0, 0, 0, 0, 3, 0, 0, 0
-1, 8, 7, 0, 0, 0, 0, 3, 0, 0, 0
0, 6, 6, 0, 0, 0, 0, 3, 0, 0, 0
6, 8, 6, 0, 0, 0, 0, 3, 0, 0, 0
12, 10, 6, 0, 0, 0, 0, 3, 0, 0, 0
12, 11, 6, 0, 0, 0, 0, 3, 0, 0, 0
9, 12, 6, 0, 0, 0, 0, 3, 0, 0, 0
4, 11, 7, 0, 0, 0, 0, 3, 0, 0, 0
2, 14, 6, 0, 0, 0, 0, 3, 0, 0, 0
2, 15, 6, 0, 0, 0, 0, 3, 7856, 96, 2192
7, 15, 5, 0, 0, 0, 0, 3, 0, 0, 0
13, 18, 4, 0, 0, 0, 0, 3, 0, 0, 0
12, 20, 4, 0, 0, 0, 0, 3, 0, 0, 0
7, 19, 3, 0, 0, 0, 0, 3, 0, 0, 0
4, 18, 1, 0, 0, 0, 0, 3, 0, 0, 0
8, 18, 0, 0, 0, 0, 0, 3, 0, 0, 0
11, 17, 0, 0, 0, 0, 0, 3, 0, 0, 0
7, 12, 0, 0, 0, 0, 0, 3, 0, 0, 0
-1, 5, 1, 0, 0, 0, 0, 3, 0, 0, 0
-10, -3, 1, 0, 0, 0, 0, 3, 7856, 80, 0
-13, -4, 2, 0, 0, 0, 0, 3, 0, 0, 2192
-14, -3, 2, 0, 0, 0, 0, 3, 0, 0, 0
-16, -4, 2, 0, 0, 0, 0, 3, 0, 0, 0
-17, -4, 2, 0, 0, 0, 0, 3, 0, 0, 0
-14, -4, 2, 0, 0, 0, 0, 3, 0, 0, 0
-15, -4, 1, 0, 0, 0, 0, 3, 0, 0, 0
-16, -4, 1, 0, 0, 0, 0, 3, 0, 0, 0
-14, -2, 0, 0, 0, 0, 0, 3, 0, 0, 0
-11, 0, 0, 0, 0, 0, 0, 3, 0, 0, 0
-11, 1, 0, 0, 0, 0, 0, 3, 0, 0, 0
-15, 1, 0, 0, 0, 0, 0, 3, 7888, 64, 2160
-14, 1, 0, 0, 0, 0, 0, 3, 0, 0, 0
-7, 1, 0, 0, 0, 0, 0, 3, 0, 0, 0
-1, 3, 0, 0, 0, 0, 0, 3, 0, 0, 0
-1, 4, -1, 0, 0, 0, 0, 3, 0, 0, 0
-4, 0, -1, 0, 0, 0, 0, 3, 0, 0, 0
-5, -2, -3, 0, 0, 0, 0, 3, 0, 0, 0
-3, 1, -4, 0, 0, 0, 0, 3, 0, 0, 0
0, 7, -5, 0, 0, 0, 0, 3, 0, 0, 0
1, 12, -5, 0, 0, 0, 0, 3, 0, 0, 0
0, 13, -6, 0, 0, 0, 0, 3, 7872, 96, 2096
-1, 12, -5, 0, 0, 0, 0, 3, 0, 0, 0
1, 9, -5, 0, 0, 0, 0, 3, 0, 0, 0
6, 9, -5, 0, 0, 0, 0, 3, 0, 0, 0
8, 12, -4, 0, 0, 0, 0, 3, 0, 0, 0
5, 11, -4, 0, 0, 0, 0, 3, 0, 0, 0
-3, 8, -3, 0, 0, 0, 0, 3, 0, 0, 0
-4, 3, -3, 0, 0, 0, 0, 3, 0, 0, 0
-1, 1, -2, 0, 0, 0, 0, 3, 0, 0, 0
2, 4, -2, 0, 0, 0, 0, 3, 0, 0, 0
0, 4, -2, 0, 0, 0, 0, 3, 7824, 96, 2160
-5, 3, -2, 0, 0, 0, 0, 3, 0, 0, 0
-6, 4, -1, 0, 0, 0, 0, 3, 0, 0, 0
-2, 8, -1, 0, 0, 0, 0, 3, 0, 0, 0
-1, 8, -1, 0, 0, 0, 0, 3, 0, 0, 0
-2, 5, 0, 0, 0, 0, 0, 3, 0, 0, 0
0, 4, 0, 0, 0, 0, 0, 3, 0, 0, 0
0, 8, 0, 0, 0, 0, 0, 3, 0, 0, 0
-4, 8, 0, 0, 0, 0, 0, 3, 0, 0, 0
-7, 8, 0, 0, 0, 0, 0, 3, 0, 0, 0
-4, 10, 0, 0, 0, 0, 0, 3, 7808, 112, 0
2, 10, 0, 0, 0, 0, 0, 3, 0, 0, 2224
6, 9, 0, 0, 0, 0, 0, 3, 0, 0, 0
8, 9, 0, 0, 0, 0, 0, 3, 0, 0, 0
7, 9, 0, 0, 0, 0, 0, 3, 0, 0, 0
4, 7, 0, 0, 0, 0, 0, 3, 0, 0, 0
3, 6, 0, 0, 0, 0, 0, 3, 0, 0, 0
4, 6, 0, 0, 0, 0, 0, 3, 0, 0, 0
5, 8, 0, 0, 0, 0, 0, 3, 0, 0, 0
4, 11, 0, 0, 0, 0, 0, 3, 0, 0, 0
0, 12, 0, 0, 0, 0, 0, 3, 0, 0, 0
0, 12, 0, 0, 0, 0, 0, 3, 7808, 96, 2224
0, 12, 2, 0, 0, 0, 0, 3, 0, 0, 0
-1, 12, 3, 0, 0, 0, 0, 3, 0, 0, 0
0, 11, 5, 0, 0, 0, 0, 3, 0, 0, 0
0, 9, 6, 0, 0, 0, 0, 3, 0, 0, 0
0, 7, 8, 0, 0, 0, 0, 3, 0, 0, 0
0, 4, 10, 0, 0, 0, 0, 3, 0, 0, 0
-3, 1, 12, 0, 0, 0, 0, 3, 0, 0, 0
-4, 1, 14, 0, 0, 0, 0, 3, 0, 0, 0
-4, 3, 16, 0, 0, 0, 0, 3, 0, 0, 0
-8, 2, 18, 0, 0, 0, 0, 3, 0, 0, 0
-15, 0, 21, 0, 0, 0, 0, 3, 7824, 64, 2224
-15, -1, 22, 0, 0, 0, 0, 3, 0, 0, 0
-13, -2, 25, 0, 0, 0, 0, 3, 0, 0, 0
-14, -4, 27, 0, 0, 0, 0, 3, 0, 0, 0
-15, -2, 29, 0, 0, 0, 0, 3, 0, 0, 0
-12, 1, 30, 0, 0, 0, 0, 3, 0, 0, 0
-6, 2, 32, 0, 0, 0, 0, 3, 0, 0, 0
-2, 2, 33, 0, 0, 0, 0, 3, 0, 0, 0
0, 4, 34, 0, 0, 0, 0, 3, 0, 0, 0
-1, 3, 36, 0, 0, 0, 0, 3, 7840, 64, 2192
-7, 3, 37, 0, 0, 0, 0, 3, 0, 0, 0
-12, 6, 38, 0, 0, 0, 0, 3, 0, 0, 0
-10, 8, 39, 0, 0, 0, 0, 3, 0, 0, 0
-10, 9, 40, 0, 0, 0, 0, 3, 0, 0, 0
-9, 9, 40, 0, 0, 0, 0, 3, 0, 0, 0
-7, 8, 41, 0, 0, 0, 0, 3, 0, 0, 0
-4, 7, 42, 0, 0, 0, 0, 3, 0, 0, 0
-2, 6, 42, 0, 0, 0, 0, 3, 0, 0, 0
-1, 5, 42, 0, 0, 0, 0, 3, 0, 0, 0
-3, 5, 42, 0, 0, 0, 0, 3, 0, 0, 0
-4, 3, 42, 0, 0, 0, 0, 3, 0, 0, 0
-4, 0, 42, 0, 0, 0, 0, 3, 7856, 32, 2144
-6, 0, 42, 0, 0, 0, 0, 3, 0, 0, 0
-9, 3, 42, 0, 0, 0, 0, 3, 0, 0, 0
-9, 6, 42, 0, 0, 0, 0, 3, 0, 0, 0
-11, 7, 42, 0, 0, 0, 0, 3, 0, 0, 0
-12, 4, 42, 0, 0, 0, 0, 3, 0, 0, 0
-11, 0, 42, 0, 0, 0, 0, 3, 0, 0, 0
-10, 1, 42, 0, 0, 0, 0, 3, 0, 0, 0
-10, 4, 41, 0, 0, 0, 0, 3, 0, 0, 0
-9, 7, 41, 0, 0, 0, 0, 3, 7856, 0, 2176
-11, 8, 40, 0, 0, 0, 0, 3, 0, 0, 0
-12, 2, 40, 0, 0, 0, 0, 3, 0, 0, 0
-8, -2, 38, 0, 0, 0, 0, 3, 0, 0, 0
-7, -3, 37, 0, 0, 0, 0, 3, 0, 0, 0
-7, 0, 36, 0, 0, 0, 0, 3, 0, 0, 0
-8, 5, 35, 0, 0, 0, 0, 3, 0, 0, 0
-8, 8, 34, 0, 0, 0, 0, 3, 0, 0, 0
-7, 11, 32, 0, 0, 0, 0, 3, 0, 0, 0
-5, 12, 31, 0, 0, 0, 0, 3, 0, 0, 0
-5, 12, 30, 0, 0, 0, 0, 3, 7888, -16, 2176
-6, 11, 29, 0, 0, 0, 0, 3, 0, 0, 0
-5, 8, 28, 0, 0, 0, 0, 3, 0, 0, 0
-4, 6, 27, 0, 0, 0, 0, 3, 0, 0, 0
-5, 5, 25, 0, 0, 0, 0, 3, 0, 0, 0
-5, 6, 24, 0, 0, 0, 0, 3, 0, 0, 0
-5, 8, 23, 0, 0, 0, 0, 3, 0, 0, 0
-3, 11, 22, 0, 0, 0, 0, 3, 0, 0, 0
0, 12, 22, 0, 0, 0, 0, 3, 0, 0, 0
1, 14, 21, 0, 0, 0, 0, 3, 0, 0, 0
0, 13, 21, 0, 0, 0, 0, 3, 7920, 0, 2128
-4, 11, 20, 0, 0, 0, 0, 3, 0, 0, 0
-8, 9, 20, 0, 0, 0, 0, 3, 0, 0, 0
-9, 7, 19, 0, 0, 0, 0, 3, 0, 0, 0
-9, 4, 19, 0, 0, 0, 0, 3, 0, 0, 0
-11, 2, 19, 0, 0, 0, 0, 3, 0, 0, 0
-14, 2, 18, 0, 0, 0, 0, 3, 0, 0, 0
-19, -1, 17, 0, 0, 0, 0, 3, 0, 0, 0
-21, -4, 16, 0, 0, 0, 0, 3, 0, 0, 0
-17, 0, 15, 0, 0, 0, 0, 3, 0, 0, 0
-13, 5, 14, 0, 0, 0, 0, 3, 0, 0, 0
-14, 5, 14, 0, 0, 0, 0, 3, 7904, -16, 2192
-17, 4, 13, 0, 0, 0, 0, 3, 0, 0, 0
-13, 4, 14, 0, 0, 0, 0, 3, 0, 0, 0
-7, 4, 14, 0, 0, 0, 0, 3, 0, 0, 0
-6, 4, 15, 0, 0, 0, 0, 3, 0, 0, 0
-9, 3, 15, 0, 0, 0, 0, 3, 0, 0, 0
-11, 4, 16, 0, 0, 0, 0, 3, 0, 0, 0
-12, 3, 16, 0, 0, 0, 0, 3, 0, 0, 0
-16, -1, 16, 0, 0, 0, 0, 3, 0, 0, 0
-16, -2, 17, 0, 0, 0, 0, 3, 0, 0, 0
-11, 2, 17, 0, 0, 0, 0, 3, 7840, 16, 2144
-8, 4, 17, 0, 0, 0, 0, 3, 0, 0, 0
-8, 2, 16, 0, 0, 0, 0, 3, 0, 0, 0
-8, 2, 16, 0, 0, 0, 0, 3, 0, 0, 0
-10, 1, 16, 0, 0, 0, 0, 3, 0, 0, 0
-16, 1, 15, 0, 0, 0, 0, 3, 0, 0, 0
-24, 1, 14, 0, 0, 0, 0, 3, 0, 0, 0
-28, 0, 14, 0, 0, 0, 0, 3, 0, 0, 0
-21, 0, 13, 0, 0, 0, 0, 3, 0, 0, 0
-14, -3, 13, 0, 0, 0, 0, 3, 0, 0, 0
-11, -5, 12, 0, 0, 0, 0, 3, 7856, 48, 2144
-7, -2, 12, 0, 0, 0, 0, 3, 0, 0, 0
-5, 1, 11, 0, 0, 0, 0, 3, 0, 0, 0
-11, 3, 11, 0, 0, 0, 0, 3, 0, 0, 0
-16, 0, 11, 0, 0, 0, 0, 3, 0, 0, 0
-16, -4, 11, 0, 0, 0, 0, 3, 0, 0, 0
-16, -2, 10, 0, 0, 0, 0, 3, 0, 0, 0
-17, 0, 10, 0, 0, 0, 0, 3, 0, 0, 0
-19, 0, 10, 0, 0, 0, 0, 3, 0, 0, 0
-20, -1, 9, 0, 0, 0, 0, 3, 0, 0, 0
-17, -1, 9, 0, 0, 0, 0, 3, 7872, 64, 0
-15, -1, 8, 0, 0, 0, 0, 3, 0, 0, 2144
-15, -2, 7, 0, 0, 0, 0, 3, 0, 0, 0
-16, -5, 5, 0, 0, 0, 0, 3, 0, 0, 0
-17, -11, 4, 0, 0, 0, 0, 3, 0, 0, 0
-16, -7, 3, 0, 0, 0, 0, 3, 0, 0, 0
-8, 3, 2, 0, 0, 0, 0, 3, 0, 0, 0
-4, 12, 2, 0, 0, 0, 0, 3, 0, 0, 0
-9, 16, 2, 0, 0, 0, 0, 3, 0, 0, 0
-11, 18, 2, 0, 0, 0, 0, 3, 0, 0, 0
-2, 22, 3, 0, 0, 0, 0, 3, 0, 0, 0
2, 21, 3, 0, 0, 0, 0, 3, 7888, 64, 2128
5, 23, 3, 0, 0, 0, 0, 3, 0, 0, 0
7, 30, 3, 0, 0, 0, 0, 3, 0, 0, 0
8, 33, 3, 0, 0, 0, 0, 3, 0, 0, 0
8, 29, 3, 0, 0, 0, 0, 3, 0, 0, 0
0, 25, 3, 0, 0, 0, 0, 3, 0, 0, 0
-7, 21, 3, 0, 0, 0, 0, 3, 0, 0, 0
-14, 14, 3, 0, 0, 0, 0, 3, 0, 0, 0
-17, 7, 3, 0, 0, 0, 0, 3, 0, 0, 0
-22, 2, 3, 0, 0, 0, 0, 3, 0, 0, 0
-27, -4, 2, 0, 0, 0, 0, 3, 7920, 64, 0
-28, -5, 2, 0, 0, 0, 0, 3, 0, 0, 2144
-24, 0, 1, 0, 0, 0, 0, 3, 0, 0, 0
-19, 6, 1, 0, 0, 0, 0, 3, 0, 0, 0
-17, 5, 1, 0, 0, 0, 0, 3, 0, 0, 0
-18, 3, 1, 0, 0, 0, 0, 3, 0, 0, 0
-25, 3, 1, 0, 0, 0, 0, 3, 0, 0, 0
-29, 1, 1, 0, 0, 0, 0, 3, 0, 0, 0
-21, 0, 0, 0, 0, 0, 0, 3, 0, 0, 0
-13, 1, 1, 0, 0, 0, 0, 3, 0, 0, 0
-12, 3, 1, 0, 0, 0, 0, 3, 7872, 80, 2144
-13, 5, 1, 0, 0, 0, 0, 3, 0, 0, 0
-13, 5, 1, 0, 0, 0, 0, 3, 0, 0, 0
-15, 2, 1, 0, 0, 0, 0, 3, 0, 0, 0
-17, 3, 1, 0, 0, 0, 0, 3, 0, 0, 0
-15, 6, 2, 0, 0, 0, 0, 3, 0, 0, 0
-12, 10, 2, 0, 0, 0, 0, 3, 0, 0, 0
-11, 13, 2, 0, 0, 0, 0, 3, 0, 0, 0
-11, 14, 3, 0, 0, 0, 0, 3, 0, 0, 0
-12, 12, 3, 0, 0, 0, 0, 3, 0, 0, 0
-14, 9, 3, 0, 0, 0, 0, 3, 0, 0, 0
-15, 3, 3, 0, 0, 0, 0, 3, 7904, 48, 2128
-10, 2, 3, 0, 0, 0, 0, 3, 0, 0, 0
-6, 5, 3, 0, 0, 0, 0, 3, 0, 0, 0
-8, 7, 4, 0, 0, 0, 0, 3, 0, 0, 0
-11, 7, 3, 0, 0, 0, 0, 3, 0, 0, 0
-18, 5, 3, 0, 0, 0, 0, 3, 0, 0, 0
-21, 2, 3, 0, 0, 0, 0, 3, 0, 0, 0
-18, -2, 3, 0, 0, 0, 0, 3, 0, 0, 0
-16, 1, 3, 0, 0, 0, 0, 3, 0, 0, 0
-13, 9, 2, 0, 0, 0, 0, 3, 0, 0, 0
-7, 16, 2, 0, 0, 0, 0, 3, 7872, 80, 2112
-8, 16, 1, 0, 0, 0, 0, 3, 0, 0, 0
-8, 14, 0, 0, 0, 0, 0, 3, 0, 0, 0
-10, 10, 0, 0, 0, 0, 0, 3, 0, 0, 0
-19, 2, 0, 0, 0, 0, 0, 3, 0, 0, 0
-18, 1, 0, 0, 0, 0, 0, 3, 0, 0, 0
-15, 7, 0, 0, 0, 0, 0, 3, 0, 0, 0
-11, 13, 0, 0, 0, 0, 0, 3, 0, 0, 0
-12, 15, 0, 0, 0, 0, 0, 3, 0, 0, 0
-17, 12, 0, 0, 0, 0, 0, 3, 0, 0, 0
-19, 7, 0, 0, 0, 0, 0, 3, 7872, 64, 2128
-12, 12, 0, 0, 0, 0, 0, 3, 0, 0, 0
-4, 19, 0, 0, 0, 0, 0, 3, 0, 0, 0
-2, 19, 0, 0, 0, 0, 0, 3, 0, 0, 0
-6, 17, 1, 0, 0, 0, 0, 3, 0, 0, 0
-7, 16, 2, 0, 0, 0, 0, 3, 0, 0, 0
-9, 11, 3, 0, 0, 0, 0, 3, 0, 0, 0
-14, 8, 5, 0, 0, 0, 0, 3, 0, 0, 0
-21, 1, 7, 0, 0, 0, 0, 3, 0, 0, 0
-25, 2, 9, 0, 0, 0, 0, 3, 0, 0, 0
-22, 10, 11, 0, 0, 0, 0, 3, 7856, 48, 2128
-19, 14, 12, 0, 0, 0, 0, 3, 0, 0, 0
-21, 12, 15, 0, 0, 0, 0, 3, 0, 0, 0
-20, 9, 16, 0, 0, 0, 0, 3, 0, 0, 0
-19, 8, 18, 0, 0, 0, 0, 3, 0, 0, 0
-23, 6, 20, 0, 0, 0, 0, 3, 0, 0, 0
-25, 2, 21, 0, 0, 0, 0, 3, 0, 0, 0
-26, 2, 23, 0, 0, 0, 0, 3, 0, 0, 0
-29, -1, 25, 0, 0, 0, 0, 3, 0, 0, 0
-22, -3, 26, 0, 0, 0, 0, 3, 0, 0, 0
-17, 5, 28, 0, 0, 0, 0, 3, 0, 0, 0
-16, 13, 30, 0, 0, 0, 0, 3, 7856, 48, 2256
-16, 14, 32, 0, 0, 0, 0, 3, 0, 0, 0
-18, 12, 33, 0, 0, 0, 0, 3, 0, 0, 0
-17, 9, 35, 0, 0, 0, 0, 3, 0, 0, 0
-14, 6, 36, 0, 0, 0, 0, 3, 0, 0, 0
-15, 10, 38, 0, 0, 0, 0, 3, 0, 0, 0
-15, 17, 39, 0, 0, 0, 0, 3, 0, 0, 0
-11, 19, 41, 0, 0, 0, 0, 3, 0, 0, 0
-12, 17, 42, 0, 0, 0, 0, 3, 0, 0, 0
-12, 22, 43, 0, 0, 0, 0, 3, 0, 0, 0
-10, 24, 44, 0, 0, 0, 0, 3, 7872, 48, 2208
-9, 21, 45, 0, 0, 0, 0, 3, 0, 0, 0
-8, 21, 46, 0, 0, 0, 0, 3, 0, 0, 0
-6, 23, 46, 0, 0, 0, 0, 3, 0, 0, 0
-9, 24, 46, 0, 0, 0, 0, 3, 0, 0, 0
-12, 20, 47, 0, 0, 0, 0, 3, 0, 0, 0
-9, 24, 47, 0, 0, 0, 0, 3, 0, 0, 0
-7, 23, 47, 0, 0, 0, 0, 3, 0, 0, 0
-5, 20, 47, 0, 0, 0, 0, 3, 0, 0, 0
-4, 21, 47, 0, 0, 0, 0, 3, 0, 0, 0
-7, 23, 47, 0, 0, 0, 0, 3, 7904, 48, 2208
-16, 26, 47, 0, 0, 0, 0, 3, 0, 0, 0
-21, 23, 46, 0, 0, 0, 0, 3, 0, 0, 0
-22, 22, 46, 0, 0, 0, 0, 3, 0, 0, 0
-19, 20, 46, 0, 0, 0, 0, 3, 0, 0, 0
-14, 17, 46, 0, 0, 0, 0, 3, 0, 0, 0
-8, 19, 45, 0, 0, 0, 0, 3, 0, 0, 0
-7, 25, 45, 0, 0, 0, 0, 3, 0, 0, 0
-13, 28, 44, 0, 0, 0, 0, 3, 0, 0, 0
-16, 29, 44, 0, 0, 0, 0, 3, 0, 0, 0
-12, 31, 43, 0, 0, 0, 0, 3, 0, 0, 0
-8, 32, 42, 0, 0, 0, 0, 3, 7920, 48, 2192
-12, 27, 42, 0, 0, 0, 0, 3, 0, 0, 0
-11, 24, 41, 0, 0, 0, 0, 3, 0, 0, 0
-7, 29, 40, 0, 0, 0, 0, 3, 0, 0, 0
0, 37, 39, 0, 0, 0, 0, 3, 0, 0, 0
3, 45, 38, 0, 0, 0, 0, 3, 0, 0, 0
0, 45, 37, 0, 0, 0, 0, 3, 0, 0, 0
-9, 39, 36, 0, 0, 0, 0, 3, 0, 0, 0
-8, 42, 34, 0, 0, 0, 0, 3, 0, 0, 0
1, 49, 33, 0, 0, 0, 0, 3, 0, 0, 0
5, 52, 32, 0, 0, 0, 0, 3, 7904, 32, 2256
6, 53, 31, 0, 0, 0, 0, 3, 0, 0, 0
2, 49, 29, 0, 0, 0, 0, 3, 0, 0, 0
1, 43, 29, 0, 0, 0, 0, 3, 0, 0, 0
7, 43, 27, 0, 0, 0, 0, 3, 0, 0, 0
8, 47, 26, 0, 0, 0, 0, 3, 0, 0, 0
7, 50, 25, 0, 0, 0, 0, 3, 0, 0, 0
4, 49, 24, 0, 0, 0, 0, 3, 0, 0, 0
5, 50, 23, 0, 0, 0, 0, 3, 0, 0, 0
5, 50, 22, 0, 0, 0, 0, 3, 0, 0, 0
4, 46, 21, 0, 0, 0, 0, 3, 0, 0, 0
2, 44, 20, 0, 0, 0, 0, 3, 7904, 32, 2176
-6, 39, 19, 0, 0, 0, 0, 3, 0, 0, 0
-4, 43, 18, 0, 0, 0, 0, 3, 0, 0, 0
3, 50, 18, 0, 0, 0, 0, 3, 0, 0, 0
8, 53, 17, 0, 0, 0, 0, 3, 0, 0, 0
8, 54, 16, 0, 0, 0, 0, 3, 0, 0, 0
10, 53, 16, 0, 0, 0, 0, 3, 0, 0, 0
10, 50, 15, 0, 0, 0, 0, 3, 0, 0, 0
9, 48, 14, 0, 0, 0, 0, 3, 0, 0, 0
3, 48, 14, 0, 0, 0, 0, 3, 7936, 32, 2176
-2, 48, 13, 0, 0, 0, 0, 3, 0, 0, 0
-4, 52, 12, 0, 0, 0, 0, 3, 0, 0, 0
-4, 52, 12, 0, 0, 0, 0, 3, 0, 0, 0
2, 52, 12, 0, 0, 0, 0, 3, 0, 0, 0
4, 50, 11, 0, 0, 0, 0, 3, 0, 0, 0
3, 50, 11, 0, 0, 0, 0, 3, 0, 0, 0
2, 51, 11, 0, 0, 0, 0, 3, 0, 0, 0
-2, 49, 11, 0, 0, 0, 0, 3, 0, 0, 0
-6, 44, 12, 0, 0, 0, 0, 3, 0, 0, 0
-6, 43, 11, 0, 0, 0, 0, 3, 7888, 16, 0
-1, 47, 12, 0, 0, 0, 0, 3, 0, 0, 2112
1, 48, 12, 0, 0, 0, 0, 3, 0, 0, 0
-3, 45, 12, 0, 0, 0, 0, 3, 0, 0, 0
-3, 42, 11, 0, 0, 0, 0, 3, 0, 0, 0
0, 42, 11, 0, 0, 0, 0, 3, 0, 0, 0
7, 49, 11, 0, 0, 0, 0, 3, 0, 0, 0
8, 52, 11, 0, 0, 0, 0, 3, 0, 0, 0
6, 52, 11, 0, 0, 0, 0, 3, 0, 0, 0
9, 52, 11, 0, 0, 0, 0, 3, 0, 0, 0
13, 51, 10, 0, 0, 0, 0, 3, 0, 0, 0
10, 50, 10, 0, 0, 0, 0, 3, 7920, 48, 2064
3, 44, 10, 0, 0, 0, 0, 3, 0, 0, 0
0, 36, 10, 0, 0, 0, 0, 3, 0, 0, 0
0, 39, 10, 0, 0, 0, 0, 3, 0, 0, 0
7, 50, 9, 0, 0, 0, 0, 3, 0, 0, 0
8, 53, 10, 0, 0, 0, 0, 3, 0, 0, 0
8, 51, 9, 0, 0, 0, 0, 3, 0, 0, 0
8, 51, 9, 0, 0, 0, 0, 3, 0, 0, 0
11, 51, 9, 0, 0, 0, 0, 3, 0, 0, 0
6, 48, 9, 0, 0, 0, 0, 3, 0, 0, 0
2, 46, 9, 0, 0, 0, 0, 3, 7920, 64, 0
4, 46, 8, 0, 0, 0, 0, 3, 0, 0, 2160
5, 44, 8, 0, 0, 0, 0, 3, 0, 0, 0
5, 40, 8, 0, 0, 0, 0, 3, 0, 0, 0
6, 37, 8, 0, 0, 0, 0, 3, 0, 0, 0
6, 39, 7, 0, 0, 0, 0, 3, 0, 0, 0
8, 44, 7, 0, 0, 0, 0, 3, 0, 0, 0
10, 50, 7, 0, 0, 0, 0, 3, 0, 0, 0
14, 56, 7, 0, 0, 0, 0, 3, 0, 0, 0
19, 62, 6, 0, 0, 0, 0, 3, 0, 0, 0
26, 65, 7, 0, 0, 0, 0, 3, 7888, 48, 2208
31, 61, 6, 0, 0, 0, 0, 3, 0, 0, 0
27, 58, 6, 0, 0, 0, 0, 3, 0, 0, 0
17, 49, 6, 0, 0, 0, 0, 3, 0, 0, 0
4, 43, 5, 0, 0, 0, 0, 3, 0, 0, 0
0, 42, 5, 0, 0, 0, 0, 3, 0, 0, 0
0, 40, 4, 0, 0, 0, 0, 3, 0, 0, 0
-1, 33, 4, 0, 0, 0, 0, 3, 0, 0, 0
-2, 26, 4, 0, 0, 0, 0, 3, 0, 0, 0
-8, 25, 3, 0, 0, 0, 0, 3, 0, 0, 0
-6, 29, 3, 0, 0, 0, 0, 3, 7888, 64, 2144
-7, 31, 2, 0, 0, 0, 0, 3, 0, 0, 0
-6, 30, 1, 0, 0, 0, 0, 3, 0, 0, 0
-2, 36, 1, 0, 0, 0, 0, 3, 0, 0, 0
4, 43, 1, 0, 0, 0, 0, 3, 0, 0, 0
4, 41, 1, 0, 0, 0, 0, 3, 0, 0, 0
0, 35, 0, 0, 0, 0, 0, 3, 0, 0, 0
-3, 31, 0, 0, 0, 0, 0, 3, 0, 0, 0
-2, 28, 0, 0, 0, 0, 0, 3, 0, 0, 0
0, 27, 0, 0, 0, 0, 0, 3, 0, 0, 0
-4, 27, 0, 0, 0, 0, 0, 3, 0, 0, 0
-7, 26, 0, 0, 0, 0, 0, 3, 7872, 32, 2128
-9, 28, 0, 0, 0, 0, 0, 3, 0, 0, 0
-10, 32, 0, 0, 0, 0, 0, 3, 0, 0, 0
-8, 33, 0, 0, 0, 0, 0, 3, 0, 0, 0
-8, 29, 0, 0, 0, 0, 0, 3, 0, 0, 0
-9, 25, 0, 0, 0, 0, 0, 3, 0, 0, 0
-9, 22, 0, 0, 0, 0, 0, 3, 0, 0, 0
-7, 22, 0, 0, 0, 0, 0, 3, 0, 0, 0
0, 25, 0, 0, 0, 0, 0, 3, 0, 0, 0
4, 29, 0, 0, 0, 0, 0, 3, 0, 0, 0
5, 29, 0, 0, 0, 0, 0, 3, 7840, 48, 2160
6, 31, 0, 0, 0, 0, 0, 3, 0, 0, 0
4, 32, 0, 0, 0, 0, 0, 3, 0, 0, 0
-2, 30, 0, 0, 0, 0, 0, 3, 0, 0, 0
-5, 27, 0, 0, 0, 0, 0, 3, 0, 0, 0
-4, 24, -1, 0, 0, 0, 0, 3, 0, 0, 0
-3, 26, -1, 0, 0, 0, 0, 3, 0, 0, 0
0, 32, -1, 0, 0, 0, 0, 3, 0, 0, 0
2, 33, -1, 0, 0, 0, 0, 3, 0, 0, 0
5, 33, -1, 0, 0, 0, 0, 3, 0, 0, 0
6, 31, -1, 0, 0, 0, 0, 3, 7856, 64, 2112
3, 25, -1, 0, 0, 0, 0, 3, 0, 0, 0
-1, 22, -1, 0, 0, 0, 0, 3, 0, 0, 0
-6, 20, -1, 0, 0, 0, 0, 3, 0, 0, 0
-7, 20, 0, 0, 0, 0, 0, 3, 0, 0, 0
-8, 21, 0, 0, 0, 0, 0, 3, 0, 0, 0
-12, 21, 0, 0, 0, 0, 0, 3, 0, 0, 0
-11, 21, 1, 0, 0, 0, 0, 3, 0, 0, 0
-11, 19, 3, 0, 0, 0, 0, 3, 0, 0, 0
-9, 15, 4, 0, 0, 0, 0, 3, 0, 0, 0
-3, 16, 5, 0, 0, 0, 0, 3, 0, 0, 0
-3, 21, 7, 0, 0, 0, 0, 3, 7840, 48, 2144
-1, 22, 8, 0, 0, 0, 0, 3, 0, 0, 0
-2, 22, 10, 0, 0, 0, 0, 3, 0, 0, 0
-8, 21, 11, 0, 0, 0, 0, 3, 0, 0, 0
-10, 21, 12, 0, 0, 0, 0, 3, 0, 0, 0
-5, 22, 13, 0, 0, 0, 0, 3, 0, 0, 0
-2, 21, 15, 0, 0, 0, 0, 3, 0, 0, 0
0, 18, 16, 0, 0, 0, 0, 3, 0, 0, 0
-3, 16, 17, 0, 0, 0, 0, 3, 0, 0, 0
-11, 10, 18, 0, 0, 0, 0, 3, 0, 0, 0
-20, 2, 19, 0, 0, 0, 0, 3, 0, 0, 0
-30, -4, 21, 0, 0, 0, 0, 3, 7840, 48, 2128
-31, -3, 22, 0, 0, 0, 0, 3, 0, 0, 0
-15, 8, 23, 0, 0, 0, 0, 3, 0, 0, 0
3, 19, 24, 0, 0, 0, 0, 3, 0, 0, 0
12, 22, 25, 0, 0, 0, 0, 3, 0, 0, 0
11, 16, 26, 0, 0, 0, 0, 3, 0, 0, 0
12, 13, 28, 0, 0, 0, 0, 3, 0, 0, 0
15, 15, 29, 0, 0, 0, 0, 3, 0, 0, 0
20, 19, 30, 0, 0, 0, 0, 3, 0, 0, 0
23, 19, 31, 0, 0, 0, 0, 3, 7840, 0, 2144
20, 18, 32, 0, 0, 0, 0, 3, 0, 0, 0
16, 15, 33, 0, 0, 0, 0, 3, 0, 0, 0
12, 12, 34, 0, 0, 0, 0, 3, 0, 0, 0
5, 8, 35, 0, 0, 0, 0, 3, 0, 0, 0
6, 8, 36, 0, 0, 0, 0, 3, 0, 0, 0
8, 9, 37, 0, 0, 0, 0, 3, 0, 0, 0
13, 7, 38, 0, 0, 0, 0, 3, 0, 0, 0
15, 3, 39, 0, 0, 0, 0, 3, 0, 0, 0
14, 3, 40, 0, 0, 0, 0, 3, 0, 0, 0
13, 6, 41, 0, 0, 0, 0, 3, 7824, 16, 0
13, 11, 41, 0, 0, 0, 0, 3, 0, 0, 2080
10, 12, 42, 0, 0, 0, 0, 3, 0, 0, 0
2, 8, 42, 0, 0, 0, 0, 3, 0, 0, 0
-2, 4, 42, 0, 0, 0, 0, 3, 0, 0, 0
0, 1, 43, 0, 0, 0, 0, 3, 0, 0, 0
8, 2, 43, 0, 0, 0, 0, 3, 0, 0, 0
15, 3, 43, 0, 0, 0, 0, 3, 0, 0, 0
13, 0, 43, 0, 0, 0, 0, 3, 0, 0, 0
11, 3, 43, 0, 0, 0, 0, 3, 0, 0, 0
7, 5, 42, 0, 0, 0, 0, 3, 0, 0, 0
1, 3, 42, 0, 0, 0, 0, 3, 7840, 16, 2160
-1, 0, 41, 0, 0, 0, 0, 3, 0, 0, 0
-3, -2, 41, 0, 0, 0, 0, 3, 0, 0, 0
-3, -3, 40, 0, 0, 0, 0, 3, 0, 0, 0
-4, -5, 40, 0, 0, 0, 0, 3, 0, 0, 0
-5, -6, 39, 0, 0, 0, 0, 3, 0, 0, 0
-1, -7, 39, 0, 0, 0, 0, 3, 0, 0, 0
1, -8, 39, 0, 0, 0, 0, 3, 0, 0, 0
0, -8, 39, 0, 0, 0, 0, 3, 0, 0, 0
-2, -11, 40, 0, 0, 0, 0, 3, 0, 0, 0
-7, -12, 40, 0, 0, 0, 0, 3, 7888, 16, 0
-13, -11, 40, 0, 0, 0, 0, 3, 0, 0, 2192
-14, -9, 40, 0, 0, 0, 0, 3, 0, 0, 0
-9, -10, 40, 0, 0, 0, 0, 3, 0, 0, 0
-4, -9, 39, 0, 0, 0, 0, 3, 0, 0, 0
1, -5, 39, 0, 0, 0, 0, 3, 0, 0, 0
5, -6, 37, 0, 0, 0, 0, 3, 0, 0, 0
4, -10, 37, 0, 0, 0, 0, 3, 0, 0, 0
0, -12, 36, 0, 0, 0, 0, 3, 0, 0, 0
-1, -9, 34, 0, 0, 0, 0, 3, 0, 0, 0
-8, -8, 33, 0, 0, 0, 0, 3, 7856, 32, 2160
-10, -12, 31, 0, 0, 0, 0, 3, 0, 0, 0
-7, -10, 29, 0, 0, 0, 0, 3, 0, 0, 0
-7, -6, 27, 0, 0, 0, 0, 3, 0, 0, 0
-6, -7, 25, 0, 0, 0, 0, 3, 0, 0, 0
-4, -9, 23, 0, 0, 0, 0, 3, 0, 0, 0
-6, -14, 21, 0, 0, 0, 0, 3, 0, 0, 0
-5, -15, 20, 0, 0, 0, 0, 3, 0, 0, 0
0, -13, 20, 0, 0, 0, 0, 3, 0, 0, 0
1, -9, 19, 0, 0, 0, 0, 3, 0, 0, 0
5, -5, 19, 0, 0, 0, 0, 3, 7824, 0, 2176
9, -6, 18, 0, 0, 0, 0, 3, 0, 0, 0
9, -9, 18, 0, 0, 0, 0, 3, 0, 0, 0
4, -10, 18, 0, 0, 0, 0, 3, 0, 0, 0
0, -8, 18, 0, 0, 0, 0, 3, 0, 0, 0
-2, -7, 19, 0, 0, 0, 0, 3, 0, 0, 0
-5, -5, 19, 0, 0, 0, 0, 3, 0, 0, 0
-4, -4, 19, 0, 0, 0, 0, 3, 0, 0, 0
-6, -6, 19, 0, 0, 0, 0, 3, 0, 0, 0
-8, -9, 19, 0, 0, 0, 0, 3, 0, 0, 0
-6, -9, 18, 0, 0, 0, 0, 3, 0, 0, 0
-4, -9, 18, 0, 0, 0, 0, 3, 7872, 0, 2208
-2, -11, 17, 0, 0, 0, 0, 3, 0, 0, 0
-5, -14, 17, 0, 0, 0, 0, 3, 0, 0, 0
-7, -15, 16, 0, 0, 0, 0, 3, 0, 0, 0
-10, -13, 16, 0, 0, 0, 0, 3, 0, 0, 0
-16, -13, 16, 0, 0, 0, 0, 3, 0, 0, 0
-18, -15, 16, 0, 0, 0, 0, 3, 0, 0, 0
-12, -15, 15, 0, 0, 0, 0, 3, 0, 0, 0
-12, -20, 15, 0, 0, 0, 0, 3, 0, 0, 0
-14, -25, 14, 0, 0, 0, 0, 3, 0, 0, 0
-10, -20, 13, 0, 0, 0, 0, 3, 7856, 0, 0
-6, -11, 12, 0, 0, 0, 0, 3, 0, 0, 2160
-5, -6, 12, 0, 0, 0, 0, 3, 0, 0, 0
-8, -6, 11, 0, 0, 0, 0, 3, 0, 0, 0
-12, -8, 11, 0, 0, 0, 0, 3, 0, 0, 0
-11, -14, 10, 0, 0, 0, 0, 3, 0, 0, 0
-10, -17, 9, 0, 0, 0, 0, 3, 0, 0, 0
-10, -14, 9, 0, 0, 0, 0, 3, 0, 0, 0
-7, -11, 8, 0, 0, 0, 0, 3, 0, 0, 0
-5, -11, 8, 0, 0, 0, 0, 3, 0, 0, 0
-5, -11, 7, 0, 0, 0, 0, 3, 7840, 32, 2160
-3, -9, 7, 0, 0, 0, 0, 3, 0, 0, 0
-7, -9, 6, 0, 0, 0, 0, 3, 0, 0, 0
-12, -10, 5, 0, 0, 0, 0, 3, 0, 0, 0
-11, -9, 5, 0, 0, 0, 0, 3, 0, 0, 0
-10, -9, 4, 0, 0, 0, 0, 3, 0, 0, 0
-7, -10, 4, 0, 0, 0, 0, 3, 0, 0, 0
0, -10, 4, 0, 0, 0, 0, 3, 0, 0, 0
-1, -13, 4, 0, 0, 0, 0, 3, 0, 0, 0
-2, -14, 3, 0, 0, 0, 0, 3, 0, 0, 0
-5, -10, 3, 0, 0, 0, 0, 3, 7808, 64, 0
-10, -5, 3, 0, 0, 0, 0, 3, 0, 0, 2128
-14, -5, 3, 0, 0, 0, 0, 3, 0, 0, 0
-16, -7, 3, 0, 0, 0, 0, 3, 0, 0, 0
-19, -10, 3, 0, 0, 0, 0, 3, 0, 0, 0
-18, -12, 4, 0, 0, 0, 0, 3, 0, 0, 0
-10, -8, 4, 0, 0, 0, 0, 3, 0, 0, 0
1, -2, 4, 0, 0, 0, 0, 3, 0, 0, 0
12, 3, 4, 0, 0, 0, 0, 3, 0, 0, 0
12, 4, 4, 0, 0, 0, 0, 3, 0, 0, 0
8, 6, 4, 0, 0, 0, 0, 3, 0, 0, 0
6, 4, 4, 0, 0, 0, 0, 3, 7856, 48, 2064
-3, 0, 4, 0, 0, 0, 0, 3, 0, 0, 0
-16, -8, 4, 0, 0, 0, 0, 3, 0, 0, 0
-27, -17, 3, 0, 0, 0, 0, 3, 0, 0, 0
-24, -22, 3, 0, 0, 0, 0, 3, 0, 0, 0
-16, -22, 2, 0, 0, 0, 0, 3, 0, 0, 0
-17, -19, 2, 0, 0, 0, 0, 3, 0, 0, 0
-17, -12, 2, 0, 0, 0, 0, 3, 0, 0, 0
-14, -8, 1, 0, 0, 0, 0, 3, 0, 0, 0
-11, -8, 1, 0, 0, 0, 0, 3, 0, 0, 0
-10, -9, 0, 0, 0, 0, 0, 3, 0, 0, 0
-12, -7, 0, 0, 0, 0, 0, 3, 7840, 32, 2144
-18, -4, 0, 0, 0, 0, 0, 3, 0, 0, 0
-20, -7, 0, 0, 0, 0, 0, 3, 0, 0, 0
-16, -9, 0, 0, 0, 0, 0, 3, 0, 0, 0
-12, -9, 0, 0, 0, 0, 0, 3, 0, 0, 0
-12, -8, 0, 0, 0, 0, 0, 3, 0, 0, 0
-10, -3, 0, 0, 0, 0, 0, 3, 0, 0, 0
-9, -2, 0, 0, 0, 0, 0, 3, 0, 0, 0
-12, -4, 0, 0, 0, 0, 0, 3, 0, 0, 0
-14, -4, 0, 0, 0, 0, 0, 3, 7872, 32, 2144
-18, -7, 0, 0, 0, 0, 0, 3, 0, 0, 0
-19, -6, 0, 0, 0, 0, 0, 3, 0, 0, 0
-16, -3, 0, 0, 0, 0, 0, 3, 0, 0, 0
-13, -4, -1, 0, 0, 0, 0, 3, 0, 0, 0
-11, -4, -2, 0, 0, 0, 0, 3, 0, 0, 0
-10, -3, -2, 0, 0, 0, 0, 3, 0, 0, 0
-8, -4, -3, 0, 0, 0, 0, 3, 0, 0, 0
-8, -4, -3, 0, 0, 0, 0, 3, 0, 0, 0
-12, -5, -4, 0, 0, 0, 0, 3, 0, 0, 0
-12, -8, -4, 0, 0, 0, 0, 3, 0, 0, 0
-10, -6, -4, 0, 0, 0, 0, 3, 7840, 16, 2160
-5, 1, -4, 0, 0, 0, 0, 3, 0, 0, 0
-1, 7, -4, 0, 0, 0, 0, 3, 0, 0, 0
-2, 5, -4, 0, 0, 0, 0, 3, 0, 0, 0
-3, 2, -4, 0, 0, 0, 0, 3, 0, 0, 0
-1, 4, -4, 0, 0, 0, 0, 3, 0, 0, 0
0, 5, -4, 0, 0, 0, 0, 3, 0, 0, 0
-4, 2, -4, 0, 0, 0, 0, 3, 0, 0, 0
-11, 1, -3, 0, 0, 0, 0, 3, 0, 0, 0
-17, 0, -2, 0, 0, 0, 0, 3, 0, 0, 0
-18, -2, -1, 0, 0, 0, 0, 3, 7888, 32, 2176
-16, -8, 0, 0, 0, 0, 0, 3, 0, 0, 0
-16, -10, 0, 0, 0, 0, 0, 3, 0, 0, 0
-15, -10, 1, 0, 0, 0, 0, 3, 0, 0, 0
-15, -8, 2, 0, 0, 0, 0, 3, 0, 0, 0
-17, -8, 3, 0, 0, 0, 0, 3, 0, 0, 0
-16, -7, 4, 0, 0, 0, 0, 3, 0, 0, 0
-16, -6, 5, 0, 0, 0, 0, 3, 0, 0, 0
-20, -6, 6, 0, 0, 0, 0, 3, 0, 0, 0
-21, -7, 7, 0, 0, 0, 0, 3, 0, 0, 0
-20, -6, 8, 0, 0, 0, 0, 3, 7856, 0, 2208
-17, -4, 8, 0, 0, 0, 0, 3, 0, 0, 0
-17, -4, 9, 0, 0, 0, 0, 3, 0, 0, 0
-14, -4, 10, 0, 0, 0, 0, 3, 0, 0, 0
-11, -4, 11, 0, 0, 0, 0, 3, 0, 0, 0
-8, -4, 12, 0, 0, 0, 0, 3, 0, 0, 0
-5, -1, 12, 0, 0, 0, 0, 3, 0, 0, 0
-7, -3, 13, 0, 0, 0, 0, 3, 0, 0, 0
-19, -15, 14, 0, 0, 0, 0, 3, 0, 0, 0
-27, -15, 16, 0, 0, 0, 0, 3, 0, 0, 0
-23, 0, 18, 0, 0, 0, 0, 3, 7904, 16, 2240
-15, 10, 20, 0, 0, 0, 0, 3, 0, 0, 0
-10, 10, 21, 0, 0, 0, 0, 3, 0, 0, 0
-13, 3, 24, 0, 0, 0, 0, 3, 0, 0, 0
-15, 0, 25, 0, 0, 0, 0, 3, 0, 0, 0
-13, 1, 26, 0, 0, 0, 0, 3, 0, 0, 0
-13, 1, 28, 0, 0, 0, 0, 3, 0, 0, 0
-17, -3, 29, 0, 0, 0, 0, 3, 0, 0, 0
-21, -6, 31, 0, 0, 0, 0, 3, 0, 0, 0
-30, -10, 32, 0, 0, 0, 0, 3, 0, 0, 0
-33, -8, 33, 0, 0, 0, 0, 3, 0, 0, 0
-31, -4, 34, 0, 0, 0, 0, 3, 7888, 16, 2144
-29, -3, 36, 0, 0, 0, 0, 3, 0, 0, 0
-26, -6, 36, 0, 0, 0, 0, 3, 0, 0, 0
-26, -9, 37, 0, 0, 0, 0, 3, 0, 0, 0
-28, -11, 37, 0, 0, 0, 0, 3, 0, 0, 0
-28, -10, 37, 0, 0, 0, 0, 3, 0, 0, 0
-31, -12, 38, 0, 0, 0, 0, 3, 0, 0, 0
-34, -16, 39, 0, 0, 0, 0, 3, 0, 0, 0
-37, -18, 40, 0, 0, 0, 0, 3, 0, 0, 0
-42, -17, 41, 0, 0, 0, 0, 3, 0, 0, 0
-43, -16, 42, 0, 0, 0, 0, 3, 7872, 32, 2096
-40, -15, 43, 0, 0, 0, 0, 3, 0, 0, 0
-37, -13, 44, 0, 0, 0, 0, 3, 0, 0, 0
-33, -13, 45, 0, 0, 0, 0, 3, 0, 0, 0
-29, -12, 46, 0, 0, 0, 0, 3, 0, 0, 0
-29, -9, 46, 0, 0, 0, 0, 3, 0, 0, 0
-31, -5, 47, 0, 0, 0, 0, 3, 0, 0, 0
-35, -9, 48, 0, 0, 0, 0, 3, 0, 0, 0
-32, -12, 48, 0, 0, 0, 0, 3, 0, 0, 0
-34, -15, 48, 0, 0, 0, 0, 3, 0, 0, 0
-33, -14, 48, 0, 0, 0, 0, 3, 7856, 0, 2160
-24, -5, 49, 0, 0, 0, 0, 3, 0, 0, 0
-22, -3, 48, 0, 0, 0, 0, 3, 0, 0, 0
-21, -5, 47, 0, 0, 0, 0, 3, 0, 0, 0
-16, -5, 46, 0, 0, 0, 0, 3, 0, 0, 0
-13, -3, 46, 0, 0, 0, 0, 3, 0, 0, 0
-17, -3, 44, 0, 0, 0, 0, 3, 0, 0, 0
-25, -8, 43, 0, 0, 0, 0, 3, 0, 0, 0
-29, -8, 41, 0, 0, 0, 0, 3, 0, 0, 0
-31, -6, 40, 0, 0, 0, 0, 3, 0, 0, 0
-26, -4, 39, 0, 0, 0, 0, 3, 7936, 32, 0
-16, -2, 38, 0, 0, 0, 0, 3, 0, 0, 2128
-8, 0, 37, 0, 0, 0, 0, 3, 0, 0, 0
-7, 2, 37, 0, 0, 0, 0, 3, 0, 0, 0
-10, 1, 36, 0, 0, 0, 0, 3, 0, 0, 0
-17, -4, 36, 0, 0, 0, 0, 3, 0, 0, 0
-23, -8, 35, 0, 0, 0, 0, 3, 0, 0, 0
-26, -7, 34, 0, 0, 0, 0, 3, 0, 0, 0
-31, -9, 33, 0, 0, 0, 0, 3, 0, 0, 0
-33, -10, 33, 0, 0, 0, 0, 3, 0, 0, 0
-27, -8, 32, 0, 0, 0, 0, 3, 0, 0, 0
-19, -6, 30, 0, 0, 0, 0, 3, 7904, 16, 2144
-12, -1, 29, 0, 0, 0, 0, 3, 0, 0, 0
-10, -1, 28, 0, 0, 0, 0, 3, 0, 0, 0
-14, -4, 28, 0, 0, 0, 0, 3, 0, 0, 0
-19, -9, 26, 0, 0, 0, 0, 3, 0, 0, 0
-25, -13, 25, 0, 0, 0, 0, 3, 0, 0, 0
-31, -16, 24, 0, 0, 0, 0, 3, 0, 0, 0
-31, -13, 23, 0, 0, 0, 0, 3, 0, 0, 0
-29, -6, 22, 0, 0, 0, 0, 3, 0, 0, 0
-26, 0, 22, 0, 0, 0, 0, 3, 0, 0, 0
-21, 0, 21, 0, 0, 0, 0, 3, 7856, 48, 0
-17, -1, 20, 0, 0, 0, 0, 3, 0, 0, 2192
-17, -5, 19, 0, 0, 0, 0, 3, 0, 0, 0
-17, -7, 17, 0, 0, 0, 0, 3, 0, 0, 0
-16, -7, 16, 0, 0, 0, 0, 3, 0, 0, 0
-23, -8, 15, 0, 0, 0, 0, 3, 0, 0, 0
-24, -4, 14, 0, 0, 0, 0, 3, 0, 0, 0
-19, -1, 13, 0, 0, 0, 0, 3, 0, 0, 0
-14, 1, 13, 0, 0, 0, 0, 3, 0, 0, 0
-14, 2, 12, 0, 0, 0, 0, 3, 0, 0, 0
-20, 0, 12, 0, 0, 0, 0, 3, 7888, 32, 2224
-22, -6, 12, 0, 0, 0, 0, 3, 0, 0, 0
-22, -4, 13, 0, 0, 0, 0, 3, 0, 0, 0
-18, -2, 13, 0, 0, 0, 0, 3, 0, 0, 0
-12, 0, 14, 0, 0, 0, 0, 3, 0, 0, 0
-13, 2, 14, 0, 0, 0, 0, 3, 0, 0, 0
-13, 0, 15, 0, 0, 0, 0, 3, 0, 0, 0
-14, -1, 15, 0, 0, 0, 0, 3, 0, 0, 0
-20, -4, 15, 0, 0, 0, 0, 3, 0, 0, 0
-22, -6, 15, 0, 0, 0, 0, 3, 0, 0, 0
-24, -8, 14, 0, 0, 0, 0, 3, 7888, 32, 2176
-26, -9, 14, 0, 0, 0, 0, 3, 0, 0, 0
-27, -11, 14, 0, 0, 0, 0, 3, 0, 0, 0
-33, -14, 13, 0, 0, 0, 0, 3, 0, 0, 0
-34, -15, 13, 0, 0, 0, 0, 3, 0, 0, 0
-31, -14, 12, 0, 0, 0, 0, 3, 0, 0, 0
-31, -12, 12, 0, 0, 0, 0, 3, 0, 0, 0
-32, -10, 11, 0, 0, 0, 0, 3, 0, 0, 0
-36, -8, 11, 0, 0, 0, 0, 3, 0, 0, 0
-37, -12, 10, 0, 0, 0, 0, 3, 0, 0, 0
-33, -12, 10, 0, 0, 0, 0, 3, 0, 0, 0
-28, -12, 9, 0, 0, 0, 0, 3, 7856, 16, 2176
-26, -13, 9, 0, 0, 0, 0, 3, 0, 0, 0
-26, -15, 8, 0, 0, 0, 0, 3, 0, 0, 0
-20, -9, 8, 0, 0, 0, 0, 3, 0, 0, 0
-16, -4, 7, 0, 0, 0, 0, 3, 0, 0, 0
-20, -4, 6, 0, 0, 0, 0, 3, 0, 0, 0
-21, -5, 5, 0, 0, 0, 0, 3, 0, 0, 0
-18, -3, 4, 0, 0, 0, 0, 3, 0, 0, 0
-15, 2, 4, 0, 0, 0, 0, 3, 0, 0, 0
-16, 2, 4, 0, 0, 0, 0, 3, 0, 0, 0
-21, -1, 3, 0, 0, 0, 0, 3, 0, 0, 0
-24, -5, 2, 0, 0, 0, 0, 3, 7888, 16, 2144
-21, -8, 1, 0, 0, 0, 0, 3, 0, 0, 0
-15, -2, 0, 0, 0, 0, 0, 3, 0, 0, 0
-12, 2, 0, 0, 0, 0, 0, 3, 0, 0, 0
-7, 4, 0, 0, 0, 0, 0, 3, 0, 0, 0
0, 11, -1, 0, 0, 0, 0, 3, 0, 0, 0
4, 17, -3, 0, 0, 0, 0, 3, 0, 0, 0
6, 18, -2, 0, 0, 0, 0, 3, 0, 0, 0
0, 13, -2, 0, 0, 0, 0, 3, 0, 0, 0
-9, 6, -1, 0, 0, 0, 0, 3, 7888, 48, 2128
-16, 1, -1, 0, 0, 0, 0, 3, 0, 0, 0
-17, -3, -1, 0, 0, 0, 0, 3, 0, 0, 0
-20, -5, 0, 0, 0, 0, 0, 3, 0, 0, 0
-24, -7, 0, 0, 0, 0, 0, 3, 0, 0, 0
-28, -9, 0, 0, 0, 0, 0, 3, 0, 0, 0
-32, -10, 1, 0, 0, 0, 0, 3, 0, 0, 0
-37, -10, 2, 0, 0, 0, 0, 3, 0, 0, 0
-35, -7, 2, 0, 0, 0, 0, 3, 0, 0, 0
-26, -4, 3, 0, 0, 0, 0, 3, 0, 0, 0
-16, 0, 3, 0, 0, 0, 0, 3, 7872, 32, 2208
-11, 0, 3, 0, 0, 0, 0, 3, 0, 0, 0
-9, 0, 3, 0, 0, 0, 0, 3, 0, 0, 0
-10, 0, 2, 0, 0, 0, 0, 3, 0, 0, 0
-15, -5, 1, 0, 0, 0, 0, 3, 0, 0, 0
-20, -8, 0, 0, 0, 0, 0, 3, 0, 0, 0
-19, -4, 0, 0, 0, 0, 0, 3, 0, 0, 0
-16, 4, -1, 0, 0, 0, 0, 3, 0, 0, 0
-15, 8, -1, 0, 0, 0, 0, 3, 0, 0, 0
-13, 6, -2, 0, 0, 0, 0, 3, 0, 0, 0
-7, 4, -3, 0, 0, 0, 0, 3, 0, 0, 0
0, 6, -4, 0, 0, 0, 0, 3, 7904, 32, 2256
1, 11, -4, 0, 0, 0, 0, 3, 0, 0, 0
1, 11, -5, 0, 0, 0, 0, 3, 0, 0, 0
-2, 5, -5, 0, 0, 0, 0, 3, 0, 0, 0
-8, 0, -6, 0, 0, 0, 0, 3, 0, 0, 0
-9, 0, -6, 0, 0, 0, 0, 3, 0, 0, 0
-16, 2, -7, 0, 0, 0, 0, 3, 0, 0, 0
-21, 2, -6, 0, 0, 0, 0, 3, 0, 0, 0
-17, 3, -6, 0, 0, 0, 0, 3, 0, 0, 0
-11, 5, -5, 0, 0, 0, 0, 3, 0, 0, 0
-5, 8, -4, 0, 0, 0, 0, 3, 7856, 16, 2256
-3, 4, -4, 0, 0, 0, 0, 3, 0, 0, 0
-2, 0, -2, 0, 0, 0, 0, 3, 0, 0, 0
0, 3, -1, 0, 0, 0, 0, 3, 0, 0, 0
0, 5, 0, 0, 0, 0, 0, 3, 0, 0, 0
-4, 8, 0, 0, 0, 0, 0, 3, 0, 0, 0
-8, 9, 0, 0, 0, 0, 0, 3, 0, 0, 0
-8, 8, 1, 0, 0, 0, 0, 3, 0, 0, 0
-7, 8, 1, 0, 0, 0, 0, 3, 0, 0, 0
-7, 2, 2, 0, 0, 0, 0, 3, 0, 0, 0
-2, 2, 2, 0, 0, 0, 0, 3, 0, 0, 0
1, 6, 2, 0, 0, 0, 0, 3, 7888, 48, 2192
-1, 8, 2, 0, 0, 0, 0, 3, 0, 0, 0
-6, 7, 2, 0, 0, 0, 0, 3, 0, 0, 0
-11, 6, 2, 0, 0, 0, 0, 3, 0, 0, 0
-14, 6, 1, 0, 0, 0, 0, 3, 0, 0, 0
-11, 4, 0, 0, 0, 0, 0, 3, 0, 0, 0
-3, 5, 0, 0, 0, 0, 0, 3, 0, 0, 0
0, 6, 0, 0, 0, 0, 0, 3, 0, 0, 0
0, 7, 0, 0, 0, 0, 0, 3, 0, 0, 0
1, 10, 0, 0, 0, 0, 0, 3, 0, 0, 0
2, 13, 1, 0, 0, 0, 0, 3, 7904, 16, 2256
4, 16, 2, 0, 0, 0, 0, 3, 0, 0, 0
0, 16, 4, 0, 0, 0, 0, 3, 0, 0, 0
-3, 13, 5, 0, 0, 0, 0, 3, 0, 0, 0
-4, 11, 7, 0, 0, 0, 0, 3, 0, 0, 0
-5, 7, 8, 0, 0, 0, 0, 3, 0, 0, 0
-3, 4, 10, 0, 0, 0, 0, 3, 0, 0, 0
-2, 3, 12, 0, 0, 0, 0, 3, 0, 0, 0
-3, 2, 14, 0, 0, 0, 0, 3, 0, 0, 0
-3, 4, 16, 0, 0, 0, 0, 3, 0, 0, 0
-4, 4, 18, 0, 0, 0, 0, 3, 0, 0, 0
-10, 2, 21, 0, 0, 0, 0, 3, 7840, 0, 2240
-15, 1, 23, 0, 0, 0, 0, 3, 0, 0, 0
-14, 0, 25, 0, 0, 0, 0, 3, 0, 0, 0
-13, -2, 26, 0, 0, 0, 0, 3, 0, 0, 0
-18, -4, 29, 0, 0, 0, 0, 3, 0, 0, 0
-15, -2, 29, 0, 0, 0, 0, 3, 0, 0, 0
-9, 3, 31, 0, 0, 0, 0, 3, 0, 0, 0
-8, 4, 33, 0, 0, 0, 0, 3, 0, 0, 0
-10, 5, 33, 0, 0, 0, 0, 3, 0, 0, 0
-11, 6, 34, 0, 0, 0, 0, 3, 7824, 0, 2208
-12, 5, 35, 0, 0, 0, 0, 3, 0, 0, 0
-6, 6, 36, 0, 0, 0, 0, 3, 0, 0, 0
1, 8, 36, 0, 0, 0, 0, 3, 0, 0, 0
9, 13, 36, 0, 0, 0, 0, 3, 0, 0, 0
10, 16, 36, 0, 0, 0, 0, 3, 0, 0, 0
5, 16, 36, 0, 0, 0, 0, 3, 0, 0, 0
3, 13, 36, 0, 0, 0, 0, 3, 0, 0, 0
0, 8, 37, 0, 0, 0, 0, 3, 0, 0, 0
-5, 5, 37, 0, 0, 0, 0, 3, 0, 0, 0
-6, 3, 39, 0, 0, 0, 0, 3, 0, 0, 0
-10, 0, 40, 0, 0, 0, 0, 3, 7824, 32, 2176
-16, 0, 41, 0, 0, 0, 0, 3, 0, 0, 0
-16, 2, 42, 0, 0, 0, 0, 3, 0, 0, 0
-10, 1, 42, 0, 0, 0, 0, 3, 0, 0, 0
-7, -2, 43, 0, 0, 0, 0, 3, 0, 0, 0
-15, -8, 43, 0, 0, 0, 0, 3, 0, 0, 0
-18, -12, 44, 0, 0, 0, 0, 3, 0, 0, 0
-8, -2, 44, 0, 0, 0, 0, 3, 0, 0, 0
0, 8, 44, 0, 0, 0, 0, 3, 0, 0, 0
6, 15, 44, 0, 0, 0, 0, 3, 0, 0, 0
7, 18, 43, 0, 0, 0, 0, 3, 7840, 16, 2176
8, 18, 42, 0, 0, 0, 0, 3, 0, 0, 0
6, 15, 42, 0, 0, 0, 0, 3, 0, 0, 0
0, 9, 40, 0, 0, 0, 0, 3, 0, 0, 0
-5, 5, 38, 0, 0, 0, 0, 3, 0, 0, 0
-4, 8, 36, 0, 0, 0, 0, 3, 0, 0, 0
0, 12, 35, 0, 0, 0, 0, 3, 0, 0, 0
0, 11, 33, 0, 0, 0, 0, 3, 0, 0, 0
-2, 4, 32, 0, 0, 0, 0, 3, 0, 0, 0
-5, 0, 31, 0, 0, 0, 0, 3, 0, 0, 0
-7, 1, 30, 0, 0, 0, 0, 3, 7856, 32, 0
-10, 3, 30, 0, 0, 0, 0, 3, 0, 0, 2192
-12, 4, 29, 0, 0, 0, 0, 3, 0, 0, 0
-7, 4, 29, 0, 0, 0, 0, 3, 0, 0, 0
-7, 1, 28, 0, 0, 0, 0, 3, 0, 0, 0
-8, 0, 28, 0, 0, 0, 0, 3, 0, 0, 0
-4, 3, 26, 0, 0, 0, 0, 3, 0, 0, 0
0, 7, 26, 0, 0, 0, 0, 3, 0, 0, 0
4, 8, 25, 0, 0, 0, 0, 3, 0, 0, 0
4, 8, 25, 0, 0, 0, 0, 3, 0, 0, 0
3, 10, 23, 0, 0, 0, 0, 3, 7840, 32, 2176
3, 15, 22, 0, 0, 0, 0, 3, 0, 0, 0
0, 15, 21, 0, 0, 0, 0, 3, 0, 0, 0
0, 14, 19, 0, 0, 0, 0, 3, 0, 0, 0
1, 12, 18, 0, 0, 0, 0, 3, 0, 0, 0
0, 8, 16, 0, 0, 0, 0, 3, 0, 0, 0
0, 6, 15, 0, 0, 0, 0, 3, 0, 0, 0
1, 6, 14, 0, 0, 0, 0, 3, 0, 0, 0
-1, 7, 13, 0, 0, 0, 0, 3, 0, 0, 0
-6, 8, 13, 0, 0, 0, 0, 3, 0, 0, 0
-8, 10, 14, 0, 0, 0, 0, 3, 7840, 32, 2144
-11, 9, 14, 0, 0, 0, 0, 3, 0, 0, 0
-8, 8, 15, 0, 0, 0, 0, 3, 0, 0, 0
-2, 6, 15, 0, 0, 0, 0, 3, 0, 0, 0
0, 4, 16, 0, 0, 0, 0, 3, 0, 0, 0
-1, 7, 16, 0, 0, 0, 0, 3, 0, 0, 0
-2, 8, 16, 0, 0, 0, 0, 3, 0, 0, 0
-1, 11, 16, 0, 0, 0, 0, 3, 0, 0, 0
-6, 12, 16, 0, 0, 0, 0, 3, 0, 0, 0
-13, 8, 16, 0, 0, 0, 0, 3, 0, 0, 0
-15, 6, 16, 0, 0, 0, 0, 3, 0, 0, 0
-11, 3, 16, 0, 0, 0, 0, 3, 7840, 0, 2176
-4, 1, 16, 0, 0, 0, 0, 3, 0, 0, 0
0, 6, 16, 0, 0, 0, 0, 3, 0, 0, 0
1, 12, 15, 0, 0, 0, 0, 3, 0, 0, 0
-3, 10, 15, 0, 0, 0, 0, 3, 0, 0, 0
-3, 10, 15, 0, 0, 0, 0, 3, 0, 0, 0
-1, 6, 15, 0, 0, 0, 0, 3, 0, 0, 0
-4, 0, 14, 0, 0, 0, 0, 3, 0, 0, 0
-10, -4, 14, 0, 0, 0, 0, 3, 0, 0, 0
-13, -1, 13, 0, 0, 0, 0, 3, 0, 0, 0
-6, 7, 12, 0, 0, 0, 0, 3, 7808, 48, 2144
-3, 8, 12, 0, 0, 0, 0, 3, 0, 0, 0
-4, 8, 12, 0, 0, 0, 0, 3, 0, 0, 0
-9, 8, 12, 0, 0, 0, 0, 3, 0, 0, 0
-16, 8, 11, 0, 0, 0, 0, 3, 0, 0, 0
-19, 7, 11, 0, 0, 0, 0, 3, 0, 0, 0
-24, 7, 10, 0, 0, 0, 0, 3, 0, 0, 0
-26, 10, 10, 0, 0, 0, 0, 3, 0, 0, 0
-28, 7, 10, 0, 0, 0, 0, 3, 0, 0, 0
-29, -3, 10, 0, 0, 0, 0, 3, 0, 0, 0
-36, -9, 10, 0, 0, 0, 0, 3, 0, 0, 0
-41, -7, 9, 0, 0, 0, 0, 3, 7840, 48, 2144
-34, -2, 9, 0, 0, 0, 0, 3, 0, 0, 0
-26, -2, 9, 0, 0, 0, 0, 3, 0, 0, 0
-25, -3, 8, 0, 0, 0, 0, 3, 0, 0, 0
-26, 0, 8, 0, 0, 0, 0, 3, 0, 0, 0
-25, 3, 8, 0, 0, 0, 0, 3, 0, 0, 0
-25, 7, 7, 0, 0, 0, 0, 3, 0, 0, 0
-25, 8, 7, 0, 0, 0, 0, 3, 0, 0, 0
-23, 4, 7, 0, 0, 0, 0, 3, 0, 0, 0
-16, 4, 6, 0, 0, 0, 0, 3, 7872, 64, 0
-13, 8, 5, 0, 0, 0, 0, 3, 0, 0, 2192
-11, 15, 5, 0, 0, 0, 0, 3, 0, 0, 0
-6, 24, 4, 0, 0, 0, 0, 3, 0, 0, 0
-9, 21, 4, 0, 0, 0, 0, 3, 0, 0, 0
-15, 13, 4, 0, 0, 0, 0, 3, 0, 0, 0
-21, 4, 4, 0, 0, 0, 0, 3, 0, 0, 0
-27, -7, 4, 0, 0, 0, 0, 3, 0, 0, 0
-24, -6, 3, 0, 0, 0, 0, 3, 0, 0, 0
-21, 0, 3, 0, 0, 0, 0, 3, 0, 0, 0
-24, 0, 3, 0, 0, 0, 0, 3, 0, 0, 0
-26, -2, 3, 0, 0, 0, 0, 3, 7856, 64, 2224
-29, -2, 3, 0, 0, 0, 0, 3, 0, 0, 0
-29, 0, 2, 0, 0, 0, 0, 3, 0, 0, 0
-24, 0, 1, 0, 0, 0, 0, 3, 0, 0, 0
-22, 0, 1, 0, 0, 0, 0, 3, 0, 0, 0
-26, 0, 0, 0, 0, 0, 0, 3, 0, 0, 0
-24, -2, 0, 0, 0, 0, 0, 3, 0, 0, 0
-17, 0, 0, 0, 0, 0, 0, 3, 0, 0, 0
-16, 0, -1, 0, 0, 0, 0, 3, 0, 0, 0
-15, 0, -1, 0, 0, 0, 0, 3, 0, 0, 0
-11, 2, -1, 0, 0, 0, 0, 3, 7872, 48, 2192
-12, 5, -2, 0, 0, 0, 0, 3, 0, 0, 0
-15, 5, -3, 0, 0, 0, 0, 3, 0, 0, 0
-18, 2, -3, 0, 0, 0, 0, 3, 0, 0, 0
-16, 2, -3, 0, 0, 0, 0, 3, 0, 0, 0
-13, 8, -3, 0, 0, 0, 0, 3, 0, 0, 0
-10, 9, -3, 0, 0, 0, 0, 3, 0, 0, 0
-10, 5, -2, 0, 0, 0, 0, 3, 0, 0, 0
-16, 0, -2, 0, 0, 0, 0, 3, 0, 0, 0
-21, -4, -1, 0, 0, 0, 0, 3, 0, 0, 0
-21, -6, 0, 0, 0, 0, 0, 3, 7856, 64, 2224
-21, -4, 0, 0, 0, 0, 0, 3, 0, 0, 0
-20, -3, 1, 0, 0, 0, 0, 3, 0, 0, 0
-17, -7, 2, 0, 0, 0, 0, 3, 0, 0, 0
-21, -7, 3, 0, 0, 0, 0, 3, 0, 0, 0
-30, -6, 4, 0, 0, 0, 0, 3, 0, 0, 0
-30, -5, 4, 0, 0, 0, 0, 3, 0, 0, 0
-28, -5, 5, 0, 0, 0, 0, 3, 0, 0, 0
-27, -6, 6, 0, 0, 0, 0, 3, 0, 0, 0
-25, -5, 6, 0, 0, 0, 0, 3, 0, 0, 0
-18, -2, 7, 0, 0, 0, 0, 3, 0, 0, 0
-11, 0, 7, 0, 0, 0, 0, 3, 7776, 64, 2256
-5, 2, 8, 0, 0, 0, 0, 3, 0, 0, 0
-4, 3, 7, 0, 0, 0, 0, 3, 0, 0, 0
-5, 6, 7, 0, 0, 0, 0, 3, 0, 0, 0
-13, 4, 7, 0, 0, 0, 0, 3, 0, 0, 0
-20, 3, 7, 0, 0, 0, 0, 3, 0, 0, 0
-20, 3, 7, 0, 0, 0, 0, 3, 0, 0, 0
-18, 4, 7, 0, 0, 0, 0, 3, 0, 0, 0
-16, 1, 6, 0, 0, 0, 0, 3, 0, 0, 0
-8, 3, 7, 0, 0, 0, 0, 3, 0, 0, 0
-4, 8, 7, 0, 0, 0, 0, 3, 7744, 48, 2208
-2, 12, 6, 0, 0, 0, 0, 3, 0, 0, 0
-4, 11, 6, 0, 0, 0, 0, 3, 0, 0, 0
-12, 8, 5, 0, 0, 0, 0, 3, 0, 0, 0
-21, 5, 5, 0, 0, 0, 0, 3, 0, 0, 0
-20, 5, 5, 0, 0, 0, 0, 3, 0, 0, 0
-13, 8, 6, 0, 0, 0, 0, 3, 0, 0, 0
-6, 5, 5, 0, 0, 0, 0, 3, 0, 0, 0
-6, 0, 6, 0, 0, 0, 0, 3, 0, 0, 0
-7, 2, 6, 0, 0, 0, 0, 3, 0, 0, 0
-9, 8, 6, 0, 0, 0, 0, 3, 7824, 48, 2176
-12, 9, 7, 0, 0, 0, 0, 3, 0, 0, 0
-7, 10, 7, 0, 0, 0, 0, 3, 0, 0, 0
-3, 9, 8, 0, 0, 0, 0, 3, 0, 0, 0
-4, 3, 9, 0, 0, 0, 0, 3, 0, 0, 0
-9, -3, 11, 0, 0, 0, 0, 3, 0, 0, 0
-13, -5, 12, 0, 0, 0, 0, 3, 0, 0, 0
-12, 1, 14, 0, 0, 0, 0, 3, 0, 0, 0
-14, 9, 15, 0, 0, 0, 0, 3, 0, 0, 0
-12, 12, 17, 0, 0, 0, 0, 3, 0, 0, 0
-5, 13, 19, 0, 0, 0, 0, 3, 7840, 0, 0
-3, 10, 21, 0, 0, 0, 0, 3, 0, 0, 2192
-1, 5, 22, 0, 0, 0, 0, 3, 0, 0, 0
0, 4, 25, 0, 0, 0, 0, 3, 0, 0, 0
0, 8, 26, 0, 0, 0, 0, 3, 0, 0, 0
-4, 8, 28, 0, 0, 0, 0, 3, 0, 0, 0
-11, 8, 29, 0, 0, 0, 0, 3, 0, 0, 0
-12, 8, 31, 0, 0, 0, 0, 3, 0, 0, 0
-11, 4, 33, 0, 0, 0, 0, 3, 0, 0, 0
-7, 6, 34, 0, 0, 0, 0, 3, 0, 0, 0
0, 11, 36, 0, 0, 0, 0, 3, 0, 0, 0
4, 13, 37, 0, 0, 0, 0, 3, 7856, -16, 2224
3, 11, 37, 0, 0, 0, 0, 3, 0, 0, 0
2, 8, 37, 0, 0, 0, 0, 3, 0, 0, 0
2, 9, 37, 0, 0, 0, 0, 3, 0, 0, 0
1, 11, 37, 0, 0, 0, 0, 3, 0, 0, 0
1, 11, 37, 0, 0, 0, 0, 3, 0, 0, 0
-1, 8, 37, 0, 0, 0, 0, 3, 0, 0, 0
-4, 10, 37, 0, 0, 0, 0, 3, 0, 0, 0
2, 20, 37, 0, 0, 0, 0, 3, 0, 0, 0
13, 36, 38, 0, 0, 0, 0, 3, 0, 0, 0
21, 49, 39, 0, 0, 0, 0, 3, 7872, 0, 0
25, 57, 39, 0, 0, 0, 0, 3, 0, 0, 2240
28, 63, 40, 0, 0, 0, 0, 3, 0, 0, 0
33, 68, 41, 0, 0, 0, 0, 3, 0, 0, 0
50, 85, 42, 0, 0, 0, 0, 3, 0, 0, 0
72, 106, 42, 0, 0, 0, 0, 3, 0, 0, 0
93, 130, 42, 0, 0, 0, 0, 3, 0, 0, 0
106, 150, 42, 0, 0, 0, 0, 3, 0, 0, 0
118, 166, 42, 0, 0, 0, 0, 3, 0, 0, 0
137, 183, 41, 0, 0, 0, 0, 3, 0, 0, 0
159, 204, 41, 0, 0, 0, 0, 3, 7856, 48, 2272
177, 226, 40, 0, 0, 0, 0, 3, 0, 0, 0
186, 235, 39, 0, 0, 0, 0, 3, 0, 0, 0
191, 240, 38, 0, 0, 0, 0, 3, 0, 0, 0
199, 252, 37, 0, 0, 0, 0, 3, 0, 0, 0
205, 264, 37, 0, 0, 0, 0, 3, 0, 0, 0
204, 266, 35, 0, 0, 0, 0, 3, 0, 0, 0
204, 260, 35, 0, 0, 0, 0, 3, 0, 0, 0
201, 251, 33, 0, 0, 0, 0, 3, 0, 0, 0
195, 240, 33, 0, 0, 0, 0, 3, 0, 0, 0
185, 227, 31, 0, 0, 0, 0, 3, 0, 0, 0
170, 211, 30, 0, 0, 0, 0, 3, 7840, 32, 2240
154, 193, 29, 0, 0, 0, 0, 3, 0, 0, 0
141, 178, 28, 0, 0, 0, 0, 3, 0, 0, 0
130, 165, 27, 0, 0, 0, 0, 3, 0, 0, 0
123, 160, 26, 0, 0, 0, 0, 3, 0, 0, 0
111, 151, 25, 0, 0, 0, 0, 3, 0, 0, 0
98, 136, 24, 0, 0, 0, 0, 3, 0, 0, 0
88, 118, 23, 0, 0, 0, 0, 3, 0, 0, 0
76, 105, 22, 0, 0, 0, 0, 3, 0, 0, 0
71, 96, 21, 0, 0, 0, 0, 3, 0, 0, 0
67, 85, 21, 0, 0, 0, 0, 3, 7840, -16, 2272
59, 76, 20, 0, 0, 0, 0, 3, 0, 0, 0
46, 67, 18, 0, 0, 0, 0, 3, 0, 0, 0
34, 53, 18, 0, 0, 0, 0, 3, 0, 0, 0
27, 42, 17, 0, 0, 0, 0, 3, 0, 0, 0
23, 38, 16, 0, 0, 0, 0, 3, 0, 0, 0
18, 34, 16, 0, 0, 0, 0, 3, 0, 0, 0
13, 27, 15, 0, 0, 0, 0, 3, 0, 0, 0
5, 17, 15, 0, 0, 0, 0, 3, 0, 0, 0
-2, 6, 15, 0, 0, 0, 0, 3, 0, 0, 0
-6, 0, 15, 0, 0, 0, 0, 3, 7856, -16, 0
-9, -8, 14, 0, 0, 0, 0, 3, 0, 0, 2240
-15, -14, 15, 0, 0, 0, 0, 3, 0, 0, 0
-24, -19, 14, 0, 0, 0, 0, 3, 0, 0, 0
-33, -23, 14, 0, 0, 0, 0, 3, 0, 0, 0
-34, -26, 14, 0, 0, 0, 0, 3, 0, 0, 0
-35, -32, 14, 0, 0, 0, 0, 3, 0, 0, 0
-43, -43, 14, 0, 0, 0, 0, 3, 0, 0, 0
-51, -48, 14, 0, 0, 0, 0, 3, 0, 0, 0
-52, -46, 14, 0, 0, 0, 0, 3, 0, 0, 0
-50, -44, 14, 0, 0, 0, 0, 3, 7888, 32, 2224
-47, -42, 14, 0, 0, 0, 0, 3, 0, 0, 0
-44, -43, 14, 0, 0, 0, 0, 3, 0, 0, 0
-46, -46, 13, 0, 0, 0, 0, 3, 0, 0, 0
-54, -50, 13, 0, 0, 0, 0, 3, 0, 0, 0
-63, -55, 13, 0, 0, 0, 0, 3, 0, 0, 0
-65, -60, 12, 0, 0, 0, 0, 3, 0, 0, 0
-64, -63, 12, 0, 0, 0, 0, 3, 0, 0, 0
-65, -65, 12, 0, 0, 0, 0, 3, 0, 0, 0
-68, -66, 12, 0, 0, 0, 0, 3, 0, 0, 0
-78, -71, 11, 0, 0, 0, 0, 3, 7888, 32, 2208
-88, -78, 11, 0, 0, 0, 0, 3, 0, 0, 0
-88, -81, 11, 0, 0, 0, 0, 3, 0, 0, 0
-84, -80, 10, 0, 0, 0, 0, 3, 0, 0, 0
-80, -79, 10, 0, 0, 0, 0, 3, 0, 0, 0
-83, -84, 10, 0, 0, 0, 0, 3, 0, 0, 0
-91, -88, 9, 0, 0, 0, 0, 3, 0, 0, 0
-89, -83, 8, 0, 0, 0, 0, 3, 0, 0, 0
-79, -75, 9, 0, 0, 0, 0, 3, 0, 0, 0
-73, -74, 8, 0, 0, 0, 0, 3, 0, 0, 0
-72, -74, 8, 0, 0, 0, 0, 3, 0, 0, 0
-76, -75, 8, 0, 0, 0, 0, 3, 7872, 48, 2144
-84, -77, 8, 0, 0, 0, 0, 3, 0, 0, 0
-87, -79, 8, 0, 0, 0, 0, 3, 0, 0, 0
-87, -76, 8, 0, 0, 0, 0, 3, 0, 0, 0
-78, -75, 7, 0, 0, 0, 0, 3, 0, 0, 0
-70, -77, 8, 0, 0, 0, 0, 3, 0, 0, 0
-67, -74, 7, 0, 0, 0, 0, 3, 0, 0, 0
-59, -63, 7, 0, 0, 0, 0, 3, 0, 0, 0
-50, -54, 7, 0, 0, 0, 0, 3, 0, 0, 0
-50, -53, 7, 0, 0, 0, 0, 3, 0, 0, 0
-56, -55, 7, 0, 0, 0, 0, 3, 7888, 32, 2112
-61, -58, 6, 0, 0, 0, 0, 3, 0, 0, 0
-63, -63, 6, 0, 0, 0, 0, 3, 0, 0, 0
-67, -68, 5, 0, 0, 0, 0, 3, 0, 0, 0
-73, -69, 4, 0, 0, 0, 0, 3, 0, 0, 0
-79, -71, 4, 0, 0, 0, 0, 3, 0, 0, 0
-80, -71, 3, 0, 0, 0, 0, 3, 0, 0, 0
-73, -66, 2, 0, 0, 0, 0, 3, 0, 0, 0
-68, -61, 2, 0, 0, 0, 0, 3, 0, 0, 0
-66, -61, 1, 0, 0, 0, 0, 3, 0, 0, 0
-65, -63, 1, 0, 0, 0, 0, 3, 7888, 48, 2176
-67, -69, 0, 0, 0, 0, 0, 3, 0, 0, 0
-66, -71, 0, 0, 0, 0, 0, 3, 0, 0, 0
-65, -70, 0, 0, 0, 0, 0, 3, 0, 0, 0
-66, -63, 0, 0, 0, 0, 0, 3, 0, 0, 0
-68, -59, 0, 0, 0, 0, 0, 3, 0, 0, 0
-68, -59, 0, 0, 0, 0, 0, 3, 0, 0, 0
-64, -59, -1, 0, 0, 0, 0, 3, 0, 0, 0
-59, -58, -1, 0, 0, 0, 0, 3, 0, 0, 0
-57, -56, -1, 0, 0, 0, 0, 3, 0, 0, 0
-59, -56, -1, 0, 0, 0, 0, 3, 7824, 32, 2176
-59, -57, 0, 0, 0, 0, 0, 3, 0, 0, 0
-60, -57, 0, 0, 0, 0, 0, 3, 0, 0, 0
-63, -53, 0, 0, 0, 0, 0, 3, 0, 0, 0
-58, -46, 1, 0, 0, 0, 0, 3, 0, 0, 0
-51, -44, 2, 0, 0, 0, 0, 3, 0, 0, 0
-45, -44, 3, 0, 0, 0, 0, 3, 0, 0, 0
-42, -48, 4, 0, 0, 0, 0, 3, 0, 0, 0
-42, -51, 4, 0, 0, 0, 0, 3, 0, 0, 0
-42, -51, 5, 0, 0, 0, 0, 3, 0, 0, 0
-46, -49, 5, 0, 0, 0, 0, 3, 0, 0, 0
-50, -45, 6, 0, 0, 0, 0, 3, 7824, 32, 2144
-47, -39, 6, 0, 0, 0, 0, 3, 0, 0, 0
-40, -33, 6, 0, 0, 0, 0, 3, 0, 0, 0
-36, -29, 6, 0, 0, 0, 0, 3, 0, 0, 0
-35, -27, 6, 0, 0, 0, 0, 3, 0, 0, 0
-31, -27, 6, 0, 0, 0, 0, 3, 0, 0, 0
-33, -31, 6, 0, 0, 0, 0, 3, 0, 0, 0
-38, -34, 6, 0, 0, 0, 0, 3, 0, 0, 0
-40, -39, 5, 0, 0, 0, 0, 3, 0, 0, 0
-40, -42, 5, 0, 0, 0, 0, 3, 0, 0, 0
-41, -42, 5, 0, 0, 0, 0, 3, 7840, 48, 2192
-42, -44, 4, 0, 0, 0, 0, 3, 0, 0, 0
-39, -39, 4, 0, 0, 0, 0, 3, 0, 0, 0
-40, -32, 3, 0, 0, 0, 0, 3, 0, 0, 0
-43, -31, 2, 0, 0, 0, 0, 3, 0, 0, 0
-43, -33, 2, 0, 0, 0, 0, 3, 0, 0, 0
-38, -34, 1, 0, 0, 0, 0, 3, 0, 0, 0
-29, -32, 0, 0, 0, 0, 0, 3, 0, 0, 0
-25, -29, 0, 0, 0, 0, 0, 3, 0, 0, 0
-27, -25, 0, 0, 0, 0, 0, 3, 0, 0, 0
-26, -24, 0, 0, 0, 0, 0, 3, 0, 0, 0
-25, -24, 0, 0, 0, 0, 0, 3, 7808, 64, 2176
-26, -21, 0, 0, 0, 0, 0, 3, 0, 0, 0
-24, -17, 0, 0, 0, 0, 0, 3, 0, 0, 0
-28, -18, 0, 0, 0, 0, 0, 3, 0, 0, 0
-39, -23, 2, 0, 0, 0, 0, 3, 0, 0, 0
-43, -25, 4, 0, 0, 0, 0, 3, 0, 0, 0
-33, -25, 7, 0, 0, 0, 0, 3, 0, 0, 0
-25, -24, 8, 0, 0, 0, 0, 3, 0, 0, 0
-23, -25, 12, 0, 0, 0, 0, 3, 0, 0, 0
-23, -25, 13, 0, 0, 0, 0, 3, 0, 0, 0
-25, -25, 16, 0, 0, 0, 0, 3, 7856, 64, 2160
-30, -24, 18, 0, 0, 0, 0, 3, 0, 0, 0
-31, -23, 21, 0, 0, 0, 0, 3, 0, 0, 0
-27, -23, 23, 0, 0, 0, 0, 3, 0, 0, 0
-22, -21, 25, 0, 0, 0, 0, 3, 0, 0, 0
-23, -19, 27, 0, 0, 0, 0, 3, 0, 0, 0
-29, -22, 29, 0, 0, 0, 0, 3, 0, 0, 0
-35, -25, 31, 0, 0, 0, 0, 3, 0, 0, 0
-38, -26, 32, 0, 0, 0, 0, 3, 0, 0, 0
-33, -28, 33, 0, 0, 0, 0, 3, 0, 0, 0
-27, -26, 34, 0, 0, 0, 0, 3, 7904, 48, 0
-18, -20, 35, 0, 0, 0, 0, 3, 0, 0, 2144
-16, -13, 35, 0, 0, 0, 0, 3, 0, 0, 0
-19, -9, 36, 0, 0, 0, 0, 3, 0, 0, 0
-18, -8, 36, 0, 0, 0, 0, 3, 0, 0, 0
-18, -9, 37, 0, 0, 0, 0, 3, 0, 0, 0
-22, -10, 37, 0, 0, 0, 0, 3, 0, 0, 0
-23, -12, 38, 0, 0, 0, 0, 3, 0, 0, 0
-21, -15, 40, 0, 0, 0, 0, 3, 0, 0, 0
-17, -12, 41, 0, 0, 0, 0, 3, 0, 0, 0
-10, -7, 42, 0, 0, 0, 0, 3, 7936, 32, 2176
-4, -2, 44, 0, 0, 0, 0, 3, 0, 0, 0
-2, 1, 45, 0, 0, 0, 0, 3, 0, 0, 0
-2, 0, 46, 0, 0, 0, 0, 3, 0, 0, 0
-6, -1, 48, 0, 0, 0, 0, 3, 0, 0, 0
-11, -1, 48, 0, 0, 0, 0, 3, 0, 0, 0
-14, -2, 49, 0, 0, 0, 0, 3, 0, 0, 0
-16, -7, 49, 0, 0, 0, 0, 3, 0, 0, 0
-18, -10, 49, 0, 0, 0, 0, 3, 0, 0, 0
-12, -8, 49, 0, 0, 0, 0, 3, 0, 0, 0
-2, 0, 49, 0, 0, 0, 0, 3, 7888, 16, 2160
0, 4, 49, 0, 0, 0, 0, 3, 0, 0, 0
-4, 3, 49, 0, 0, 0, 0, 3, 0, 0, 0
-10, -1, 49, 0, 0, 0, 0, 3, 0, 0, 0
-16, -7, 49, 0, 0, 0, 0, 3, 0, 0, 0
-18, -5, 48, 0, 0, 0, 0, 3, 0, 0, 0
-14, -4, 48, 0, 0, 0, 0, 3, 0, 0, 0
-14, -7, 47, 0, 0, 0, 0, 3, 0, 0, 0
-13, -5, 45, 0, 0, 0, 0, 3, 0, 0, 0
-11, -1, 44, 0, 0, 0, 0, 3, 0, 0, 0
-10, 0, 41, 0, 0, 0, 0, 3, 0, 0, 0
-4, 3, 39, 0, 0, 0, 0, 3, 7920, 32, 2144
-1, 8, 37, 0, 0, 0, 0, 3, 0, 0, 0
-3, 12, 35, 0, 0, 0, 0, 3, 0, 0, 0
0, 10, 33, 0, 0, 0, 0, 3, 0, 0, 0
7, 8, 31, 0, 0, 0, 0, 3, 0, 0, 0
9, 8, 29, 0, 0, 0, 0, 3, 0, 0, 0
5, 8, 28, 0, 0, 0, 0, 3, 0, 0, 0
-1, 5, 27, 0, 0, 0, 0, 3, 0, 0, 0
-3, 5, 26, 0, 0, 0, 0, 3, 0, 0, 0
-2, 2, 26, 0, 0, 0, 0, 3, 0, 0, 0
0, 1, 25, 0, 0, 0, 0, 3, 7888, 48, 2144
-1, 7, 25, 0, 0, 0, 0, 3, 0, 0, 0
-3, 10, 25, 0, 0, 0, 0, 3, 0, 0, 0
0, 7, 24, 0, 0, 0, 0, 3, 0, 0, 0
-2, 6, 23, 0, 0, 0, 0, 3, 0, 0, 0
-5, 8, 23, 0, 0, 0, 0, 3, 0, 0, 0
-3, 8, 22, 0, 0, 0, 0, 3, 0, 0, 0
0, 10, 22, 0, 0, 0, 0, 3, 0, 0, 0
3, 11, 21, 0, 0, 0, 0, 3, 0, 0, 0
1, 8, 21, 0, 0, 0, 0, 3, 0, 0, 0
0, 4, 21, 0, 0, 0, 0, 3, 7904, 64, 2128
0, 4, 20, 0, 0, 0, 0, 3, 0, 0, 0
3, 6, 20, 0, 0, 0, 0, 3, 0, 0, 0
5, 9, 19, 0, 0, 0, 0, 3, 0, 0, 0
4, 10, 19, 0, 0, 0, 0, 3, 0, 0, 0
6, 14, 18, 0, 0, 0, 0, 3, 0, 0, 0
9, 17, 18, 0, 0, 0, 0, 3, 0, 0, 0
8, 16, 17, 0, 0, 0, 0, 3, 0, 0, 0
-4, 11, 17, 0, 0, 0, 0, 3, 0, 0, 0
-18, 1, 17, 0, 0, 0, 0, 3, 0, 0, 0
-7, 1, 17, 0, 0, 0, 0, 3, 7904, 64, 2160
12, 12, 16, 0, 0, 0, 0, 3, 0, 0, 0
23, 21, 17, 0, 0, 0, 0, 3, 0, 0, 0
23, 25, 17, 0, 0, 0, 0, 3, 0, 0, 0
21, 26, 17, 0, 0, 0, 0, 3, 0, 0, 0
18, 25, 17, 0, 0, 0, 0, 3, 0, 0, 0
18, 24, 16, 0, 0, 0, 0, 3, 0, 0, 0
21, 25, 16, 0, 0, 0, 0, 3, 0, 0, 0
19, 26, 15, 0, 0, 0, 0, 3, 0, 0, 0
15, 25, 14, 0, 0, 0, 0, 3, 0, 0, 0
14, 24, 13, 0, 0, 0, 0, 3, 0, 0, 0
12, 21, 12, 0, 0, 0, 0, 3, 7872, 96, 2192
12, 17, 10, 0, 0, 0, 0, 3, 0, 0, 0
15, 13, 10, 0, 0, 0, 0, 3, 0, 0, 0
17, 15, 8, 0, 0, 0, 0, 3, 0, 0, 0
18, 20, 8, 0, 0, 0, 0, 3, 0, 0, 0
19, 23, 8, 0, 0, 0, 0, 3, 0, 0, 0
16, 21, 8, 0, 0, 0, 0, 3, 0, 0, 0
5, 16, 8, 0, 0, 0, 0, 3, 0, 0, 0
-2, 14, 8, 0, 0, 0, 0, 3, 0, 0, 0
-1, 13, 9, 0, 0, 0, 0, 3, 0, 0, 0
4, 11, 9, 0, 0, 0, 0, 3, 7824, 48, 2192
8, 12, 10, 0, 0, 0, 0, 3, 0, 0, 0
12, 16, 9, 0, 0, 0, 0, 3, 0, 0, 0
14, 20, 10, 0, 0, 0, 0, 3, 0, 0, 0
10, 16, 9, 0, 0, 0, 0, 3, 0, 0, 0
8, 12, 9, 0, 0, 0, 0, 3, 0, 0, 0
4, 12, 8, 0, 0, 0, 0, 3, 0, 0, 0
1, 13, 8, 0, 0, 0, 0, 3, 0, 0, 0
0, 9, 8, 0, 0, 0, 0, 3, 0, 0, 0
7, 4, 7, 0, 0, 0, 0, 3, 0, 0, 0
15, 10, 6, 0, 0, 0, 0, 3, 0, 0, 0
18, 19, 5, 0, 0, 0, 0, 3, 7856, 48, 2224
18, 25, 4, 0, 0, 0, 0, 3, 0, 0, 0
20, 26, 3, 0, 0, 0, 0, 3, 0, 0, 0
21, 25, 2, 0, 0, 0, 0, 3, 0, 0, 0
18, 29, 1, 0, 0, 0, 0, 3, 0, 0, 0
19, 31, 0, 0, 0, 0, 0, 3, 0, 0, 0
20, 30, 0, 0, 0, 0, 0, 3, 0, 0, 0
20, 26, 0, 0, 0, 0, 0, 3, 0, 0, 0
17, 25, 0, 0, 0, 0, 0, 3, 0, 0, 0
12, 23, 0, 0, 0, 0, 0, 3, 7856, 32, 0
11, 22, -1, 0, 0, 0, 0, 3, 0, 0, 2208
6, 16, -1, 0, 0, 0, 0, 3, 0, 0, 0
2, 12, -1, 0, 0, 0, 0, 3, 0, 0, 0
-2, 10, -1, 0, 0, 0, 0, 3, 0, 0, 0
-4, 7, -1, 0, 0, 0, 0, 3, 0, 0, 0
-1, 9, -1, 0, 0, 0, 0, 3, 0, 0, 0
4, 14, -1, 0, 0, 0, 0, 3, 0, 0, 0
8, 19, -2, 0, 0, 0, 0, 3, 0, 0, 0
9, 19, -1, 0, 0, 0, 0, 3, 0, 0, 0
8, 15, -2, 0, 0, 0, 0, 3, 0, 0, 0
2, 11, -1, 0, 0, 0, 0, 3, 0, 0, 0
-4, 9, -1, 0, 0, 0, 0, 3, 7888, 32, 2224
-6, 9, 0, 0, 0, 0, 0, 3, 0, 0, 0
-2, 7, 0, 0, 0, 0, 0, 3, 0, 0, 0
4, 6, 1, 0, 0, 0, 0, 3, 0, 0, 0
10, 9, 2, 0, 0, 0, 0, 3, 0, 0, 0
12, 16, 4, 0, 0, 0, 0, 3, 0, 0, 0
10, 19, 4, 0, 0, 0, 0, 3, 0, 0, 0
5, 16, 5, 0, 0, 0, 0, 3, 0, 0, 0
2, 12, 6, 0, 0, 0, 0, 3, 0, 0, 0
6, 12, 7, 0, 0, 0, 0, 3, 7856, 16, 2192
9, 17, 8, 0, 0, 0, 0, 3, 0, 0, 0
9, 23, 8, 0, 0, 0, 0, 3, 0, 0, 0
8, 25, 8, 0, 0, 0, 0, 3, 0, 0, 0
6, 24, 8, 0, 0, 0, 0, 3, 0, 0, 0
8, 22, 9, 0, 0, 0, 0, 3, 0, 0, 0
11, 17, 8, 0, 0, 0, 0, 3, 0, 0, 0
11, 13, 9, 0, 0, 0, 0, 3, 0, 0, 0
8, 15, 9, 0, 0, 0, 0, 3, 0, 0, 0
8, 20, 9, 0, 0, 0, 0, 3, 0, 0, 0
8, 25, 9, 0, 0, 0, 0, 3, 7888, 16, 0
9, 29, 9, 0, 0, 0, 0, 3, 0, 0, 2208
10, 28, 9, 0, 0, 0, 0, 3, 0, 0, 0
9, 24, 9, 0, 0, 0, 0, 3, 0, 0, 0
7, 17, 9, 0, 0, 0, 0, 3, 0, 0, 0
5, 12, 9, 0, 0, 0, 0, 3, 0, 0, 0
6, 11, 9, 0, 0, 0, 0, 3, 0, 0, 0
6, 15, 8, 0, 0, 0, 0, 3, 0, 0, 0
1, 14, 9, 0, 0, 0, 0, 3, 0, 0, 0
-2, 13, 8, 0, 0, 0, 0, 3, 0, 0, 0
-1, 16, 9, 0, 0, 0, 0, 3, 0, 0, 0
-1, 16, 8, 0, 0, 0, 0, 3, 7936, 16, 2208
3, 15, 8, 0, 0, 0, 0, 3, 0, 0, 0
10, 18, 8, 0, 0, 0, 0, 3, 0, 0, 0
8, 22, 8, 0, 0, 0, 0, 3, 0, 0, 0
8, 25, 8, 0, 0, 0, 0, 3, 0, 0, 0
8, 26, 7, 0, 0, 0, 0, 3, 0, 0, 0
12, 27, 7, 0, 0, 0, 0, 3, 0, 0, 0
14, 26, 7, 0, 0, 0, 0, 3, 0, 0, 0
13, 22, 7, 0, 0, 0, 0, 3, 0, 0, 0
12, 20, 7, 0, 0, 0, 0, 3, 0, 0, 0
5, 18, 8, 0, 0, 0, 0, 3, 7936, 32, 0
0, 21, 9, 0, 0, 0, 0, 3, 0, 0, 2192
2, 24, 10, 0, 0, 0, 0, 3, 0, 0, 0
11, 25, 11, 0, 0, 0, 0, 3, 0, 0, 0
17, 26, 12, 0, 0, 0, 0, 3, 0, 0, 0
19, 29, 14, 0, 0, 0, 0, 3, 0, 0, 0
13, 31, 16, 0, 0, 0, 0, 3, 0, 0, 0
10, 24, 17, 0, 0, 0, 0, 3, 0, 0, 0
5, 13, 19, 0, 0, 0, 0, 3, 0, 0, 0
3, 12, 20, 0, 0, 0, 0, 3, 0, 0, 0
9, 24, 21, 0, 0, 0, 0, 3, 7888, 16, 2208
16, 33, 23, 0, 0, 0, 0, 3, 0, 0, 0
17, 35, 24, 0, 0, 0, 0, 3, 0, 0, 0
16, 33, 25, 0, 0, 0, 0, 3, 0, 0, 0
13, 30, 26, 0, 0, 0, 0, 3, 0, 0, 0
5, 23, 29, 0, 0, 0, 0, 3, 0, 0, 0
3, 22, 30, 0, 0, 0, 0, 3, 0, 0, 0
7, 27, 33, 0, 0, 0, 0, 3, 0, 0, 0
11, 31, 34, 0, 0, 0, 0, 3, 0, 0, 0
13, 31, 37, 0, 0, 0, 0, 3, 0, 0, 0
12, 28, 39, 0, 0, 0, 0, 3, 7904, 0, 2240
8, 25, 41, 0, 0, 0, 0, 3, 0, 0, 0
5, 18, 43, 0, 0, 0, 0, 3, 0, 0, 0
0, 12, 45, 0, 0, 0, 0, 3, 0, 0, 0
-1, 15, 46, 0, 0, 0, 0, 3, 0, 0, 0
2, 25, 47, 0, 0, 0, 0, 3, 0, 0, 0
10, 34, 48, 0, 0, 0, 0, 3, 0, 0, 0
12, 33, 49, 0, 0, 0, 0, 3, 0, 0, 0
8, 26, 49, 0, 0, 0, 0, 3, 0, 0, 0
4, 19, 50, 0, 0, 0, 0, 3, 0, 0, 0
6, 17, 50, 0, 0, 0, 0, 3, 0, 0, 0
6, 23, 50, 0, 0, 0, 0, 3, 7888, 0, 2208
3, 27, 50, 0, 0, 0, 0, 3, 0, 0, 0
7, 31, 49, 0, 0, 0, 0, 3, 0, 0, 0
14, 35, 48, 0, 0, 0, 0, 3, 0, 0, 0
17, 33, 46, 0, 0, 0, 0, 3, 0, 0, 0
16, 27, 46, 0, 0, 0, 0, 3, 0, 0, 0
11, 20, 45, 0, 0, 0, 0, 3, 0, 0, 0
3, 16, 44, 0, 0, 0, 0, 3, 0, 0, 0
-6, 15, 45, 0, 0, 0, 0, 3, 0, 0, 0
-8, 11, 45, 0, 0, 0, 0, 3, 0, 0, 0
-3, 13, 45, 0, 0, 0, 0, 3, 7904, -16, 2208
1, 20, 45, 0, 0, 0, 0, 3, 0, 0, 0
4, 22, 45, 0, 0, 0, 0, 3, 0, 0, 0
8, 19, 45, 0, 0, 0, 0, 3, 0, 0, 0
10, 13, 45, 0, 0, 0, 0, 3, 0, 0, 0
7, 12, 44, 0, 0, 0, 0, 3, 0, 0, 0
3, 17, 44, 0, 0, 0, 0, 3, 0, 0, 0
4, 22, 42, 0, 0, 0, 0, 3, 0, 0, 0
5, 24, 41, 0, 0, 0, 0, 3, 0, 0, 0
2, 24, 39, 0, 0, 0, 0, 3, 0, 0, 0
3, 21, 38, 0, 0, 0, 0, 3, 7856, 48, 2240
11, 22, 37, 0, 0, 0, 0, 3, 0, 0, 0
16, 23, 35, 0, 0, 0, 0, 3, 0, 0, 0
15, 24, 34, 0, 0, 0, 0, 3, 0, 0, 0
8, 22, 32, 0, 0, 0, 0, 3, 0, 0, 0
6, 15, 31, 0, 0, 0, 0, 3, 0, 0, 0
8, 12, 30, 0, 0, 0, 0, 3, 0, 0, 0
10, 16, 29, 0, 0, 0, 0, 3, 0, 0, 0
6, 18, 28, 0, 0, 0, 0, 3, 0, 0, 0
4, 20, 27, 0, 0, 0, 0, 3, 0, 0, 0
4, 23, 26, 0, 0, 0, 0, 3, 7856, 32, 2192
9, 25, 25, 0, 0, 0, 0, 3, 0, 0, 0
12, 25, 25, 0, 0, 0, 0, 3, 0, 0, 0
13, 24, 24, 0, 0, 0, 0, 3, 0, 0, 0
13, 27, 23, 0, 0, 0, 0, 3, 0, 0, 0
16, 28, 22, 0, 0, 0, 0, 3, 0, 0, 0
16, 25, 21, 0, 0, 0, 0, 3, 0, 0, 0
12, 25, 20, 0, 0, 0, 0, 3, 0, 0, 0
2, 21, 20, 0, 0, 0, 0, 3, 0, 0, 0
-8, 14, 19, 0, 0, 0, 0, 3, 0, 0, 0
-11, 9, 19, 0, 0, 0, 0, 3, 0, 0, 0
-4, 11, 19, 0, 0, 0, 0, 3, 7824, 0, 2224
6, 17, 19, 0, 0, 0, 0, 3, 0, 0, 0
12, 19, 18, 0, 0, 0, 0, 3, 0, 0, 0
11, 16, 18, 0, 0, 0, 0, 3, 0, 0, 0
8, 15, 18, 0, 0, 0, 0, 3, 0, 0, 0
6, 19, 17, 0, 0, 0, 0, 3, 0, 0, 0
4, 20, 17, 0, 0, 0, 0, 3, 0, 0, 0
3, 19, 16, 0, 0, 0, 0, 3, 0, 0, 0
3, 16, 16, 0, 0, 0, 0, 3, 0, 0, 0
1, 10, 15, 0, 0, 0, 0, 3, 0, 0, 0
0, 6, 15, 0, 0, 0, 0, 3, 7840, 32, 2224
-1, 13, 14, 0, 0, 0, 0, 3, 0, 0, 0
0, 23, 14, 0, 0, 0, 0, 3, 0, 0, 0
6, 27, 13, 0, 0, 0, 0, 3, 0, 0, 0
9, 27, 13, 0, 0, 0, 0, 3, 0, 0, 0
11, 22, 13, 0, 0, 0, 0, 3, 0, 0, 0
11, 18, 12, 0, 0, 0, 0, 3, 0, 0, 0
9, 16, 12, 0, 0, 0, 0, 3, 0, 0, 0
8, 17, 12, 0, 0, 0, 0, 3, 0, 0, 0
11, 22, 11, 0, 0, 0, 0, 3, 0, 0, 0
11, 29, 11, 0, 0, 0, 0, 3, 7808, 0, 2224
4, 27, 11, 0, 0, 0, 0, 3, 0, 0, 0
-1, 22, 11, 0, 0, 0, 0, 3, 0, 0, 0
1, 23, 10, 0, 0, 0, 0, 3, 0, 0, 0
8, 25, 9, 0, 0, 0, 0, 3, 0, 0, 0
12, 23, 9, 0, 0, 0, 0, 3, 0, 0, 0
9, 18, 9, 0, 0, 0, 0, 3, 0, 0, 0
4, 11, 9, 0, 0, 0, 0, 3, 0, 0, 0
-1, 9, 8, 0, 0, 0, 0, 3, 0, 0, 0
-6, 12, 8, 0, 0, 0, 0, 3, 0, 0, 0
-7, 17, 7, 0, 0, 0, 0, 3, 7824, -16, 2224
-5, 21, 6, 0, 0, 0, 0, 3, 0, 0, 0
-6, 19, 5, 0, 0, 0, 0, 3, 0, 0, 0
-3, 17, 4, 0, 0, 0, 0, 3, 0, 0, 0
2, 17, 3, 0, 0, 0, 0, 3, 0, 0, 0
0, 17, 1, 0, 0, 0, 0, 3, 0, 0, 0
-2, 17, 1, 0, 0, 0, 0, 3, 0, 0, 0
1, 15, 0, 0, 0, 0, 0, 3, 0, 0, 0
5, 15, 1, 0, 0, 0, 0, 3, 0, 0, 0
7, 18, 0, 0, 0, 0, 0, 3, 0, 0, 0
9, 24, 0, 0, 0, 0, 0, 3, 0, 0, 0
12, 26, 0, 0, 0, 0, 0, 3, 7888, -16, 2208
13, 27, 0, 0, 0, 0, 0, 3, 0, 0, 0
18, 29, 0, 0, 0, 0, 0, 3, 0, 0, 0
19, 32, 0, 0, 0, 0, 0, 3, 0, 0, 0
13, 33, 0, 0, 0, 0, 0, 3, 0, 0, 0
10, 28, 0, 0, 0, 0, 0, 3, 0, 0, 0
9, 19, -1, 0, 0, 0, 0, 3, 0, 0, 0
7, 11, -1, 0, 0, 0, 0, 3, 0, 0, 0
1, 6, -2, 0, 0, 0, 0, 3, 0, 0, 0
-6, 7, -2, 0, 0, 0, 0, 3, 0, 0, 0
-10, 3, -2, 0, 0, 0, 0, 3, 7872, -32, 2208
-7, 4, -2, 0, 0, 0, 0, 3, 0, 0, 0
-8, 9, 0, 0, 0, 0, 0, 3, 0, 0, 0
-12, 12, 0, 0, 0, 0, 0, 3, 0, 0, 0
-14, 12, 0, 0, 0, 0, 0, 3, 0, 0, 0
-11, 8, 1, 0, 0, 0, 0, 3, 0, 0, 0
-6, 1, 2, 0, 0, 0, 0, 3, 0, 0, 0
-5, -3, 3, 0, 0, 0, 0, 3, 0, 0, 0
-8, -2, 4, 0, 0, 0, 0, 3, 0, 0, 0
-15, 5, 4, 0, 0, 0, 0, 3, 0, 0, 0
-17, 12, 4, 0, 0, 0, 0, 3, 7872, 0, 2192
-12, 15, 5, 0, 0, 0, 0, 3, 0, 0, 0
-5, 16, 4, 0, 0, 0, 0, 3, 0, 0, 0
-6, 13, 5, 0, 0, 0, 0, 3, 0, 0, 0
-7, 11, 4, 0, 0, 0, 0, 3, 0, 0, 0
-11, 8, 5, 0, 0, 0, 0, 3, 0, 0, 0
-16, 7, 5, 0, 0, 0, 0, 3, 0, 0, 0
-12, 9, 5, 0, 0, 0, 0, 3, 0, 0, 0
-7, 6, 5, 0, 0, 0, 0, 3, 0, 0, 0
-11, -5, 5, 0, 0, 0, 0, 3, 0, 0, 0
-19, -10, 4, 0, 0, 0, 0, 3, 7936, 0, 0
-20, 1, 4, 0, 0, 0, 0, 3, 0, 0, 2208
-17, 11, 4, 0, 0, 0, 0, 3, 0, 0, 0
-16, 11, 4, 0, 0, 0, 0, 3, 0, 0, 0
-19, 4, 3, 0, 0, 0, 0, 3, 0, 0, 0
-23, 0, 3, 0, 0, 0, 0, 3, 0, 0, 0
-30, -5, 2, 0, 0, 0, 0, 3, 0, 0, 0
-35, -8, 0, 0, 0, 0, 0, 3, 0, 0, 0
-40, -11, 0, 0, 0, 0, 0, 3, 0, 0, 0
-43, -12, 0, 0, 0, 0, 0, 3, 0, 0, 0
-46, -11, 0, 0, 0, 0, 0, 3, 0, 0, 0
-49, -12, -1, 0, 0, 0, 0, 3, 7904, 0, 2224
-51, -16, -1, 0, 0, 0, 0, 3, 0, 0, 0
-51, -18, -1, 0, 0, 0, 0, 3, 0, 0, 0
-47, -19, 0, 0, 0, 0, 0, 3, 0, 0, 0
-42, -16, 0, 0, 0, 0, 0, 3, 0, 0, 0
-36, -12, 0, 0, 0, 0, 0, 3, 0, 0, 0
-33, -9, 1, 0, 0, 0, 0, 3, 0, 0, 0
-33, -11, 1, 0, 0, 0, 0, 3, 0, 0, 0
-36, -16, 2, 0, 0, 0, 0, 3, 0, 0, 0
-40, -15, 3, 0, 0, 0, 0, 3, 0, 0, 0
-42, -12, 3, 0, 0, 0, 0, 3, 7904, 0, 2224
-41, -10, 4, 0, 0, 0, 0, 3, 0, 0, 0
-36, -12, 4, 0, 0, 0, 0, 3, 0, 0, 0
-35, -15, 4, 0, 0, 0, 0, 3, 0, 0, 0
-32, -16, 4, 0, 0, 0, 0, 3, 0, 0, 0
-30, -14, 5, 0, 0, 0, 0, 3, 0, 0, 0
-26, -9, 6, 0, 0, 0, 0, 3, 0, 0, 0
-24, -6, 6, 0, 0, 0, 0, 3, 0, 0, 0
-24, -7, 7, 0, 0, 0, 0, 3, 0, 0, 0
-29, -10, 7, 0, 0, 0, 0, 3, 0, 0, 0
-31, -10, 7, 0, 0, 0, 0, 3, 7888, -32, 0
-31, -7, 8, 0, 0, 0, 0, 3, 0, 0, 2208
-29, -2, 9, 0, 0, 0, 0, 3, 0, 0, 0
-29, -3, 10, 0, 0, 0, 0, 3, 0, 0, 0
-32, -3, 12, 0, 0, 0, 0, 3, 0, 0, 0
-28, 0, 14, 0, 0, 0, 0, 3, 0, 0, 0
-23, 1, 16, 0, 0, 0, 0, 3, 0, 0, 0
-22, 1, 19, 0, 0, 0, 0, 3, 0, 0, 0
-25, -1, 21, 0, 0, 0, 0, 3, 0, 0, 0
-27, -3, 25, 0, 0, 0, 0, 3, 0, 0, 0
-25, -5, 27, 0, 0, 0, 0, 3, 0, 0, 0
-25, -5, 29, 0, 0, 0, 0, 3, 7840, -48, 2192
-24, -8, 31, 0, 0, 0, 0, 3, 0, 0, 0
-24, -10, 33, 0, 0, 0, 0, 3, 0, 0, 0
-27, -8, 35, 0, 0, 0, 0, 3, 0, 0, 0
-35, -7, 37, 0, 0, 0, 0, 3, 0, 0, 0
-43, -10, 38, 0, 0, 0, 0, 3, 0, 0, 0
-45, -14, 39, 0, 0, 0, 0, 3, 0, 0, 0
-35, -11, 41, 0, 0, 0, 0, 3, 0, 0, 0
-21, -4, 42, 0, 0, 0, 0, 3, 0, 0, 0
-11, 1, 42, 0, 0, 0, 0, 3, 0, 0, 0
-7, 2, 42, 0, 0, 0, 0, 3, 7856, -16, 0
-8, 0, 43, 0, 0, 0, 0, 3, 0, 0, 2304
-10, 0, 42, 0, 0, 0, 0, 3, 0, 0, 0
-15, 0, 42, 0, 0, 0, 0, 3, 0, 0, 0
-22, -1, 42, 0, 0, 0, 0, 3, 0, 0, 0
-24, -4, 42, 0, 0, 0, 0, 3, 0, 0, 0
-20, -3, 42, 0, 0, 0, 0, 3, 0, 0, 0
-10, 4, 42, 0, 0, 0, 0, 3, 0, 0, 0
-4, 8, 43, 0, 0, 0, 0, 3, 0, 0, 0
-5, 6, 44, 0, 0, 0, 0, 3, 0, 0, 0
-11, 4, 45, 0, 0, 0, 0, 3, 7888, -48, 2240
-12, 4, 46, 0, 0, 0, 0, 3, 0, 0, 0
-10, 2, 46, 0, 0, 0, 0, 3, 0, 0, 0
-14, 0, 46, 0, 0, 0, 0, 3, 0, 0, 0
-21, 0, 47, 0, 0, 0, 0, 3, 0, 0, 0
-21, -1, 46, 0, 0, 0, 0, 3, 0, 0, 0
-15, 1, 47, 0, 0, 0, 0, 3, 0, 0, 0
-13, 0, 46, 0, 0, 0, 0, 3, 0, 0, 0
-13, -5, 46, 0, 0, 0, 0, 3, 0, 0, 0
-14, -9, 46, 0, 0, 0, 0, 3, 0, 0, 0
-18, -8, 45, 0, 0, 0, 0, 3, 7888, 0, 2224
-19, -5, 44, 0, 0, 0, 0, 3, 0, 0, 0
-17, 0, 43, 0, 0, 0, 0, 3, 0, 0, 0
-20, -3, 42, 0, 0, 0, 0, 3, 0, 0, 0
-18, -8, 41, 0, 0, 0, 0, 3, 0, 0, 0
-14, -11, 41, 0, 0, 0, 0, 3, 0, 0, 0
-12, -8, 39, 0, 0, 0, 0, 3, 0, 0, 0
-13, -7, 38, 0, 0, 0, 0, 3, 0, 0, 0
-16, -5, 37, 0, 0, 0, 0, 3, 0, 0, 0
-20, -3, 36, 0, 0, 0, 0, 3, 0, 0, 0
-16, 0, 34, 0, 0, 0, 0, 3, 0, 0, 0
-11, 1, 33, 0, 0, 0, 0, 3, 7888, -16, 2208
-4, 0, 31, 0, 0, 0, 0, 3, 0, 0, 0
3, 1, 30, 0, 0, 0, 0, 3, 0, 0, 0
0, 3, 29, 0, 0, 0, 0, 3, 0, 0, 0
-8, 3, 27, 0, 0, 0, 0, 3, 0, 0, 0
-8, 3, 26, 0, 0, 0, 0, 3, 0, 0, 0
-7, 0, 25, 0, 0, 0, 0, 3, 0, 0, 0
-5, 0, 25, 0, 0, 0, 0, 3, 0, 0, 0
-2, 1, 23, 0, 0, 0, 0, 3, 0, 0, 0
0, 2, 22, 0, 0, 0, 0, 3, 0, 0, 0
-2, 2, 21, 0, 0, 0, 0, 3, 7872, 16, 2208
-8, 1, 20, 0, 0, 0, 0, 3, 0, 0, 0
-15, 0, 19, 0, 0, 0, 0, 3, 0, 0, 0
-8, -1, 18, 0, 0, 0, 0, 3, 0, 0, 0
0, 0, 17, 0, 0, 0, 0, 3, 0, 0, 0
0, 3, 16, 0, 0, 0, 0, 3, 0, 0, 0
-6, 1, 15, 0, 0, 0, 0, 3, 0, 0, 0
-8, 0, 14, 0, 0, 0, 0, 3, 0, 0, 0
-7, 4, 12, 0, 0, 0, 0, 3, 0, 0, 0
-4, 8, 11, 0, 0, 0, 0, 3, 0, 0, 0
1, 10, 10, 0, 0, 0, 0, 3, 7824, -16, 2192
6, 8, 9, 0, 0, 0, 0, 3, 0, 0, 0
2, 3, 8, 0, 0, 0, 0, 3, 0, 0, 0
-1, -3, 8, 0, 0, 0, 0, 3, 0, 0, 0
-1, -3, 9, 0, 0, 0, 0, 3, 0, 0, 0
-2, 0, 9, 0, 0, 0, 0, 3, 0, 0, 0
-3, 3, 10, 0, 0, 0, 0, 3, 0, 0, 0
-5, 1, 10, 0, 0, 0, 0, 3, 0, 0, 0
-6, -1, 11, 0, 0, 0, 0, 3, 0, 0, 0
-5, 0, 11, 0, 0, 0, 0, 3, 0, 0, 0
-2, 6, 12, 0, 0, 0, 0, 3, 7840, -32, 2192
0, 6, 12, 0, 0, 0, 0, 3, 0, 0, 0
1, 4, 12, 0, 0, 0, 0, 3, 0, 0, 0
-3, 1, 12, 0, 0, 0, 0, 3, 0, 0, 0
-5, 1, 12, 0, 0, 0, 0, 3, 0, 0, 0
-6, 1, 12, 0, 0, 0, 0, 3, 0, 0, 0
-6, 1, 11, 0, 0, 0, 0, 3, 0, 0, 0
-4, 4, 11, 0, 0, 0, 0, 3, 0, 0, 0
-1, 8, 11, 0, 0, 0, 0, 3, 0, 0, 0
1, 12, 11, 0, 0, 0, 0, 3, 0, 0, 0
2, 10, 10, 0, 0, 0, 0, 3, 0, 0, 0
0, 4, 11, 0, 0, 0, 0, 3, 7840, -48, 2160
-2, -1, 10, 0, 0, 0, 0, 3, 0, 0, 0
-1, -2, 10, 0, 0, 0, 0, 3, 0, 0, 0
0, 3, 10, 0, 0, 0, 0, 3, 0, 0, 0
0, 7, 9, 0, 0, 0, 0, 3, 0, 0, 0
1, 8, 8, 0, 0, 0, 0, 3, 0, 0, 0
1, 5, 8, 0, 0, 0, 0, 3, 0, 0, 0
-3, 2, 8, 0, 0, 0, 0, 3, 0, 0, 0
-5, 0, 8, 0, 0, 0, 0, 3, 0, 0, 0
-4, 2, 8, 0, 0, 0, 0, 3, 0, 0, 0
0, 5, 8, 0, 0, 0, 0, 3, 7856, -16, 2144
3, 5, 7, 0, 0, 0, 0, 3, 0, 0, 0
1, 1, 6, 0, 0, 0, 0, 3, 0, 0, 0
-3, 2, 5, 0, 0, 0, 0, 3, 0, 0, 0
-3, 6, 4, 0, 0, 0, 0, 3, 0, 0, 0
3, 10, 4, 0, 0, 0, 0, 3, 0, 0, 0
7, 9, 3, 0, 0, 0, 0, 3, 0, 0, 0
6, 9, 2, 0, 0, 0, 0, 3, 0, 0, 0
6, 13, 1, 0, 0, 0, 0, 3, 0, 0, 0
6, 16, 0, 0, 0, 0, 0, 3, 0, 0, 0
12, 18, 0, 0, 0, 0, 0, 3, 0, 0, 0
18, 23, 0, 0, 0, 0, 0, 3, 7840, -16, 2192
21, 26, 0, 0, 0, 0, 0, 3, 0, 0, 0
18, 25, 0, 0, 0, 0, 0, 3, 0, 0, 0
12, 23, 0, 0, 0, 0, 0, 3, 0, 0, 0
8, 18, 0, 0, 0, 0, 0, 3, 0, 0, 0
2, 10, 0, 0, 0, 0, 0, 3, 0, 0, 0
0, 4, 0, 0, 0, 0, 0, 3, 0, 0, 0
3, 3, 1, 0, 0, 0, 0, 3, 0, 0, 0
7, 8, 1, 0, 0, 0, 0, 3, 0, 0, 0
9, 11, 2, 0, 0, 0, 0, 3, 0, 0, 0
5, 12, 2, 0, 0, 0, 0, 3, 7856, -48, 2256
0, 13, 3, 0, 0, 0, 0, 3, 0, 0, 0
2, 16, 3, 0, 0, 0, 0, 3, 0, 0, 0
6, 14, 3, 0, 0, 0, 0, 3, 0, 0, 0
8, 9, 4, 0, 0, 0, 0, 3, 0, 0, 0
8, 4, 4, 0, 0, 0, 0, 3, 0, 0, 0
8, 1, 4, 0, 0, 0, 0, 3, 0, 0, 0
8, 6, 4, 0, 0, 0, 0, 3, 0, 0, 0
2, 9, 4, 0, 0, 0, 0, 3, 0, 0, 0
-6, 9, 3, 0, 0, 0, 0, 3, 0, 0, 0
-7, 7, 4, 0, 0, 0, 0, 3, 7904, -48, 0
0, 3, 3, 0, 0, 0, 0, 3, 0, 0, 2288
2, 0, 3, 0, 0, 0, 0, 3, 0, 0, 0
6, 0, 2, 0, 0, 0, 0, 3, 0, 0, 0
8, -1, 2, 0, 0, 0, 0, 3, 0, 0, 0
6, -2, 1, 0, 0, 0, 0, 3, 0, 0, 0
2, 3, 0, 0, 0, 0, 0, 3, 0, 0, 0
0, 11, 0, 0, 0, 0, 0, 3, 0, 0, 0
1, 15, 0, 0, 0, 0, 0, 3, 0, 0, 0
5, 15, 0, 0, 0, 0, 0, 3, 0, 0, 0
7, 14, -1, 0, 0, 0, 0, 3, 7856, -48, 2240
9, 12, 0, 0, 0, 0, 0, 3, 0, 0, 0
8, 9, 0, 0, 0, 0, 0, 3, 0, 0, 0
9, 6, 0, 0, 0, 0, 0, 3, 0, 0, 0
10, 3, 1, 0, 0, 0, 0, 3, 0, 0, 0
10, 4, 2, 0, 0, 0, 0, 3, 0, 0, 0
6, 7, 2, 0, 0, 0, 0, 3, 0, 0, 0
1, 9, 3, 0, 0, 0, 0, 3, 0, 0, 0
-4, 8, 4, 0, 0, 0, 0, 3, 0, 0, 0
-5, 7, 4, 0, 0, 0, 0, 3, 0, 0, 0
-3, 8, 4, 0, 0, 0, 0, 3, 7824, -64, 2192
0, 8, 5, 0, 0, 0, 0, 3, 0, 0, 0
4, 7, 5, 0, 0, 0, 0, 3, 0, 0, 0
4, 8, 5, 0, 0, 0, 0, 3, 0, 0, 0
3, 8, 5, 0, 0, 0, 0, 3, 0, 0, 0
2, 8, 5, 0, 0, 0, 0, 3, 0, 0, 0
1, 6, 4, 0, 0, 0, 0, 3, 0, 0, 0
2, 6, 4, 0, 0, 0, 0, 3, 0, 0, 0
2, 8, 3, 0, 0, 0, 0, 3, 0, 0, 0
3, 8, 2, 0, 0, 0, 0, 3, 0, 0, 0
3, 7, 1, 0, 0, 0, 0, 3, 0, 0, 0
-1, 4, 0, 0, 0, 0, 0, 3, 7872, -16, 2208
-6, 2, 0, 0, 0, 0, 0, 3, 0, 0, 0
-5, 4, 0, 0, 0, 0, 0, 3, 0, 0, 0
-3, 4, 1, 0, 0, 0, 0, 3, 0, 0, 0
-3, 6, 2, 0, 0, 0, 0, 3, 0, 0, 0
-2, 10, 3, 0, 0, 0, 0, 3, 0, 0, 0
3, 15, 4, 0, 0, 0, 0, 3, 0, 0, 0
6, 15, 6, 0, 0, 0, 0, 3, 0, 0, 0
3, 11, 8, 0, 0, 0, 0, 3, 0, 0, 0
0, 8, 8, 0, 0, 0, 0, 3, 0, 0, 0
1, 8, 10, 0, 0, 0, 0, 3, 7888, -32, 2256
4, 9, 11, 0, 0, 0, 0, 3, 0, 0, 0
4, 13, 13, 0, 0, 0, 0, 3, 0, 0, 0
4, 13, 13, 0, 0, 0, 0, 3, 0, 0, 0
3, 12, 15, 0, 0, 0, 0, 3, 0, 0, 0
0, 12, 16, 0, 0, 0, 0, 3, 0, 0, 0
-2, 8, 18, 0, 0, 0, 0, 3, 0, 0, 0
0, 12, 19, 0, 0, 0, 0, 3, 0, 0, 0
4, 20, 20, 0, 0, 0, 0, 3, 0, 0, 0
5, 24, 21, 0, 0, 0, 0, 3, 0, 0, 0
2, 22, 21, 0, 0, 0, 0, 3, 7840, 0, 2304
3, 17, 22, 0, 0, 0, 0, 3, 0, 0, 0
10, 17, 23, 0, 0, 0, 0, 3, 0, 0, 0
14, 16, 25, 0, 0, 0, 0, 3, 0, 0, 0
7, 12, 25, 0, 0, 0, 0, 3, 0, 0, 0
6, 10, 27, 0, 0, 0, 0, 3, 0, 0, 0
12, 13, 29, 0, 0, 0, 0, 3, 0, 0, 0
11, 15, 31, 0, 0, 0, 0, 3, 0, 0, 0
5, 14, 33, 0, 0, 0, 0, 3, 0, 0, 0
5, 15, 35, 0, 0, 0, 0, 3, 0, 0, 0
8, 16, 37, 0, 0, 0, 0, 3, 7856, -16, 2272
10, 19, 39, 0, 0, 0, 0, 3, 0, 0, 0
11, 22, 41, 0, 0, 0, 0, 3, 0, 0, 0
15, 28, 42, 0, 0, 0, 0, 3, 0, 0, 0
19, 27, 43, 0, 0, 0, 0, 3, 0, 0, 0
19, 27, 44, 0, 0, 0, 0, 3, 0, 0, 0
17, 34, 44, 0, 0, 0, 0, 3, 0, 0, 0
13, 37, 44, 0, 0, 0, 0, 3, 0, 0, 0
7, 36, 44, 0, 0, 0, 0, 3, 0, 0, 0
12, 29, 44, 0, 0, 0, 0, 3, 0, 0, 0
21, 24, 45, 0, 0, 0, 0, 3, 0, 0, 0
27, 20, 44, 0, 0, 0, 0, 3, 7904, 0, 2208
25, 20, 44, 0, 0, 0, 0, 3, 0, 0, 0
16, 20, 44, 0, 0, 0, 0, 3, 0, 0, 0
8, 15, 43, 0, 0, 0, 0, 3, 0, 0, 0
2, 13, 42, 0, 0, 0, 0, 3, 0, 0, 0
2, 15, 41, 0, 0, 0, 0, 3, 0, 0, 0
4, 13, 40, 0, 0, 0, 0, 3, 0, 0, 0
6, 10, 38, 0, 0, 0, 0, 3, 0, 0, 0
6, 14, 38, 0, 0, 0, 0, 3, 0, 0, 0
5, 14, 37, 0, 0, 0, 0, 3, 0, 0, 0
3, 13, 37, 0, 0, 0, 0, 3, 7888, 16, 2240
1, 14, 37, 0, 0, 0, 0, 3, 0, 0, 0
1, 15, 37, 0, 0, 0, 0, 3, 0, 0, 0
3, 16, 36, 0, 0, 0, 0, 3, 0, 0, 0
7, 17, 35, 0, 0, 0, 0, 3, 0, 0, 0
1, 13, 35, 0, 0, 0, 0, 3, 0, 0, 0
-7, 8, 34, 0, 0, 0, 0, 3, 0, 0, 0
-4, 3, 33, 0, 0, 0, 0, 3, 0, 0, 0
2, 0, 32, 0, 0, 0, 0, 3, 0, 0, 0
2, 0, 31, 0, 0, 0, 0, 3, 0, 0, 0
-4, 0, 30, 0, 0, 0, 0, 3, 0, 0, 0
-3, 4, 29, 0, 0, 0, 0, 3, 7856, 16, 2176
-2, 5, 28, 0, 0, 0, 0, 3, 0, 0, 0
-2, 10, 28, 0, 0, 0, 0, 3, 0, 0, 0
3, 15, 26, 0, 0, 0, 0, 3, 0, 0, 0
6, 13, 25, 0, 0, 0, 0, 3, 0, 0, 0
7, 10, 25, 0, 0, 0, 0, 3, 0, 0, 0
8, 11, 24, 0, 0, 0, 0, 3, 0, 0, 0
5, 16, 23, 0, 0, 0, 0, 3, 0, 0, 0
5, 19, 22, 0, 0, 0, 0, 3, 0, 0, 0
4, 14, 21, 0, 0, 0, 0, 3, 7904, 16, 0
4, 11, 20, 0, 0, 0, 0, 3, 0, 0, 2240
3, 12, 20, 0, 0, 0, 0, 3, 0, 0, 0
4, 15, 19, 0, 0, 0, 0, 3, 0, 0, 0
6, 17, 18, 0, 0, 0, 0, 3, 0, 0, 0
8, 17, 17, 0, 0, 0, 0, 3, 0, 0, 0
9, 19, 16, 0, 0, 0, 0, 3, 0, 0, 0
9, 16, 16, 0, 0, 0, 0, 3, 0, 0, 0
7, 14, 16, 0, 0, 0, 0, 3, 0, 0, 0
5, 17, 15, 0, 0, 0, 0, 3, 0, 0, 0
2, 20, 15, 0, 0, 0, 0, 3, 0, 0, 0
-4, 18, 14, 0, 0, 0, 0, 3, 0, 0, 0
-8, 14, 14, 0, 0, 0, 0, 3, 7888, 48, 2224
-9, 7, 13, 0, 0, 0, 0, 3, 0, 0, 0
-8, 4, 13, 0, 0, 0, 0, 3, 0, 0, 0
-6, 8, 13, 0, 0, 0, 0, 3, 0, 0, 0
-6, 9, 13, 0, 0, 0, 0, 3, 0, 0, 0
-7, 10, 14, 0, 0, 0, 0, 3, 0, 0, 0
-8, 5, 13, 0, 0, 0, 0, 3, 0, 0, 0
-13, 4, 13, 0, 0, 0, 0, 3, 0, 0, 0
-17, 0, 13, 0, 0, 0, 0, 3, 0, 0, 0
-17, -2, 14, 0, 0, 0, 0, 3, 7904, 96, 2208
-17, 0, 14, 0, 0, 0, 0, 3, 0, 0, 0
-19, 2, 14, 0, 0, 0, 0, 3, 0, 0, 0
-19, 3, 14, 0, 0, 0, 0, 3, 0, 0, 0
-17, 5, 14, 0, 0, 0, 0, 3, 0, 0, 0
-12, 8, 14, 0, 0, 0, 0, 3, 0, 0, 0
-5, 11, 14, 0, 0, 0, 0, 3, 0, 0, 0
-1, 13, 14, 0, 0, 0, 0, 3, 0, 0, 0
-3, 15, 14, 0, 0, 0, 0, 3, 0, 0, 0
-5, 13, 13, 0, 0, 0, 0, 3, 0, 0, 0
-8, 12, 13, 0, 0, 0, 0, 3, 7904, 112, 0
-8, 12, 13, 0, 0, 0, 0, 3, 0, 0, 2128
-4, 13, 13, 0, 0, 0, 0, 3, 0, 0, 0
-5, 9, 12, 0, 0, 0, 0, 3, 0, 0, 0
-10, 6, 11, 0, 0, 0, 0, 3, 0, 0, 0
-10, 12, 10, 0, 0, 0, 0, 3, 0, 0, 0
-10, 14, 9, 0, 0, 0, 0, 3, 0, 0, 0
-5, 16, 9, 0, 0, 0, 0, 3, 0, 0, 0
0, 20, 8, 0, 0, 0, 0, 3, 0, 0, 0
2, 21, 8, 0, 0, 0, 0, 3, 0, 0, 0
-6, 15, 6, 0, 0, 0, 0, 3, 0, 0, 0
-8, 11, 6, 0, 0, 0, 0, 3, 7840, 128, 2160
-3, 13, 5, 0, 0, 0, 0, 3, 0, 0, 0
1, 15, 4, 0, 0, 0, 0, 3, 0, 0, 0
4, 24, 4, 0, 0, 0, 0, 3, 0, 0, 0
5, 31, 4, 0, 0, 0, 0, 3, 0, 0, 0
9, 33, 4, 0, 0, 0, 0, 3, 0, 0, 0
15, 31, 4, 0, 0, 0, 0, 3, 0, 0, 0
15, 29, 4, 0, 0, 0, 0, 3, 0, 0, 0
10, 24, 5, 0, 0, 0, 0, 3, 0, 0, 0
0, 18, 6, 0, 0, 0, 0, 3, 0, 0, 0
-12, 14, 6, 0, 0, 0, 0, 3, 7840, 80, 0
-16, 10, 7, 0, 0, 0, 0, 3, 0, 0, 2208
-12, 8, 7, 0, 0, 0, 0, 3, 0, 0, 0
-10, 8, 8, 0, 0, 0, 0, 3, 0, 0, 0
-12, 9, 8, 0, 0, 0, 0, 3, 0, 0, 0
-15, 12, 8, 0, 0, 0, 0, 3, 0, 0, 0
-11, 18, 8, 0, 0, 0, 0, 3, 0, 0, 0
-2, 23, 9, 0, 0, 0, 0, 3, 0, 0, 0
1, 21, 9, 0, 0, 0, 0, 3, 0, 0, 0
2, 18, 9, 0, 0, 0, 0, 3, 0, 0, 0
1, 18, 8, 0, 0, 0, 0, 3, 7856, 48, 2224
-3, 16, 8, 0, 0, 0, 0, 3, 0, 0, 0
-11, 9, 7, 0, 0, 0, 0, 3, 0, 0, 0
-15, 4, 6, 0, 0, 0, 0, 3, 0, 0, 0
-3, 12, 5, 0, 0, 0, 0, 3, 0, 0, 0
6, 22, 4, 0, 0, 0, 0, 3, 0, 0, 0
5, 22, 3, 0, 0, 0, 0, 3, 0, 0, 0
-2, 14, 1, 0, 0, 0, 0, 3, 0, 0, 0
-6, 11, 1, 0, 0, 0, 0, 3, 0, 0, 0
-11, 9, 0, 0, 0, 0, 0, 3, 0, 0, 0
-17, 4, 0, 0, 0, 0, 0, 3, 7840, 32, 2288
-21, -2, 0, 0, 0, 0, 0, 3, 0, 0, 0
-18, -4, 0, 0, 0, 0, 0, 3, 0, 0, 0
-16, 0, 0, 0, 0, 0, 0, 3, 0, 0, 0
-20, 1, 0, 0, 0, 0, 0, 3, 0, 0, 0
-21, 2, 1, 0, 0, 0, 0, 3, 0, 0, 0
-16, 4, 1, 0, 0, 0, 0, 3, 0, 0, 0
-10, 6, 2, 0, 0, 0, 0, 3, 0, 0, 0
-6, 8, 2, 0, 0, 0, 0, 3, 0, 0, 0
-9, 8, 3, 0, 0, 0, 0, 3, 0, 0, 0
-11, 8, 3, 0, 0, 0, 0, 3, 0, 0, 0
-12, 8, 4, 0, 0, 0, 0, 3, 7920, 80, 2288
-21, 4, 4, 0, 0, 0, 0, 3, 0, 0, 0
-29, 2, 4, 0, 0, 0, 0, 3, 0, 0, 0
-19, 3, 4, 0, 0, 0, 0, 3, 0, 0, 0
-6, 3, 3, 0, 0, 0, 0, 3, 0, 0, 0
-2, 1, 2, 0, 0, 0, 0, 3, 0, 0, 0
-3, 1, 1, 0, 0, 0, 0, 3, 0, 0, 0
-1, 9, 0, 0, 0, 0, 0, 3, 0, 0, 0
0, 14, 0, 0, 0, 0, 0, 3, 0, 0, 0
-2, 13, -1, 0, 0, 0, 0, 3, 0, 0, 0
-6, 12, -2, 0, 0, 0, 0, 3, 7968, 96, 2320
-8, 10, -2, 0, 0, 0, 0, 3, 0, 0, 0
-8, 7, -2, 0, 0, 0, 0, 3, 0, 0, 0
-12, 3, -1, 0, 0, 0, 0, 3, 0, 0, 0
-14, -1, -1, 0, 0, 0, 0, 3, 0, 0, 0
-13, 0, 0, 0, 0, 0, 0, 3, 0, 0, 0
-12, 2, 0, 0, 0, 0, 0, 3, 0, 0, 0
-8, 7, 0, 0, 0, 0, 0, 3, 0, 0, 0
-8, 10, 1, 0, 0, 0, 0, 3, 0, 0, 0
-9, 8, 3, 0, 0, 0, 0, 3, 0, 0, 0
-6, 4, 4, 0, 0, 0, 0, 3, 7968, 208, 2272
-5, 3, 4, 0, 0, 0, 0, 3, 0, 0, 0
-8, 2, 6, 0, 0, 0, 0, 3, 0, 0, 0
-12, 4, 6, 0, 0, 0, 0, 3, 0, 0, 0
-14, 3, 8, 0, 0, 0, 0, 3, 0, 0, 0
-17, -4, 9, 0, 0, 0, 0, 3, 0, 0, 0
-15, -8, 11, 0, 0, 0, 0, 3, 0, 0, 0
-13, -6, 12, 0, 0, 0, 0, 3, 0, 0, 0
-11, -2, 12, 0, 0, 0, 0, 3, 0, 0, 0
-3, 11, 13, 0, 0, 0, 0, 3, 0, 0, 0
0, 18, 14, 0, 0, 0, 0, 3, 7904, 320, 2112
5, 19, 15, 0, 0, 0, 0, 3, 0, 0, 0
9, 20, 16, 0, 0, 0, 0, 3, 0, 0, 0
8, 20, 17, 0, 0, 0, 0, 3, 0, 0, 0
6, 20, 18, 0, 0, 0, 0, 3, 0, 0, 0
3, 18, 21, 0, 0, 0, 0, 3, 0, 0, 0
0, 12, 22, 0, 0, 0, 0, 3, 0, 0, 0
1, 9, 25, 0, 0, 0, 0, 3, 0, 0, 0
2, 12, 26, 0, 0, 0, 0, 3, 0, 0, 0
-4, 12, 29, 0, 0, 0, 0, 3, 0, 0, 0
-12, 8, 31, 0, 0, 0, 0, 3, 0, 0, 0
-13, 2, 33, 0, 0, 0, 0, 3, 7904, 400, 1984
-3, 8, 35, 0, 0, 0, 0, 3, 0, 0, 0
4, 18, 36, 0, 0, 0, 0, 3, 0, 0, 0
8, 22, 37, 0, 0, 0, 0, 3, 0, 0, 0
7, 17, 38, 0, 0, 0, 0, 3, 0, 0, 0
1, 12, 39, 0, 0, 0, 0, 3, 0, 0, 0
-4, 11, 39, 0, 0, 0, 0, 3, 0, 0, 0
-9, 8, 38, 0, 0, 0, 0, 3, 0, 0, 0
-12, 3, 38, 0, 0, 0, 0, 3, 0, 0, 0
-10, 3, 37, 0, 0, 0, 0, 3, 0, 0, 0
-9, 2, 37, 0, 0, 0, 0, 3, 7824, 288, 1808
-10, 1, 37, 0, 0, 0, 0, 3, 0, 0, 0
-8, -2, 37, 0, 0, 0, 0, 3, 0, 0, 0
-11, -3, 38, 0, 0, 0, 0, 3, 0, 0, 0
-11, 7, 38, 0, 0, 0, 0, 3, 0, 0, 0
-10, 16, 39, 0, 0, 0, 0, 3, 0, 0, 0
-4, 23, 39, 0, 0, 0, 0, 3, 0, 0, 0
-3, 24, 39, 0, 0, 0, 0, 3, 0, 0, 0
-6, 18, 39, 0, 0, 0, 0, 3, 0, 0, 0
-11, 8, 39, 0, 0, 0, 0, 3, 0, 0, 0
-14, 3, 38, 0, 0, 0, 0, 3, 8000, 400, 0
-16, 3, 38, 0, 0, 0, 0, 3, 0, 0, 1696
-10, 5, 37, 0, 0, 0, 0, 3, 0, 0, 0
-6, 6, 37, 0, 0, 0, 0, 3, 0, 0, 0
-2, 12, 37, 0, 0, 0, 0, 3, 0, 0, 0
-1, 16, 36, 0, 0, 0, 0, 3, 0, 0, 0
-6, 15, 35, 0, 0, 0, 0, 3, 0, 0, 0
-12, 11, 33, 0, 0, 0, 0, 3, 0, 0, 0
-17, 10, 33, 0, 0, 0, 0, 3, 0, 0, 0
-19, 11, 32, 0, 0, 0, 0, 3, 0, 0, 0
-15, 18, 31, 0, 0, 0, 0, 3, 8080, 336, 1456
-10, 21, 30, 0, 0, 0, 0, 3, 0, 0, 0
-12, 13, 29, 0, 0, 0, 0, 3, 0, 0, 0
-6, 16, 28, 0, 0, 0, 0, 3, 0, 0, 0
-2, 25, 27, 0, 0, 0, 0, 3, 0, 0, 0
-9, 25, 26, 0, 0, 0, 0, 3, 0, 0, 0
-10, 19, 25, 0, 0, 0, 0, 3, 0, 0, 0
-6, 19, 24, 0, 0, 0, 0, 3, 0, 0, 0
1, 25, 22, 0, 0, 0, 0, 3, 0, 0, 0
5, 29, 21, 0, 0, 0, 0, 3, 0, 0, 0
-8, 21, 20, 0, 0, 0, 0, 3, 0, 0, 0
-21, 17, 19, 0, 0, 0, 0, 3, 7984, 208, 0
-23, 15, 18, 0, 0, 0, 0, 3, 0, 0, 1376
-21, 16, 18, 0, 0, 0, 0, 3, 0, 0, 0
-19, 21, 17, 0, 0, 0, 0, 3, 0, 0, 0
-21, 20, 17, 0, 0, 0, 0, 3, 0, 0, 0
-25, 15, 16, 0, 0, 0, 0, 3, 0, 0, 0
-24, 15, 15, 0, 0, 0, 0, 3, 0, 0, 0
-21, 17, 14, 0, 0, 0, 0, 3, 0, 0, 0
-24, 20, 13, 0, 0, 0, 0, 3, 0, 0, 0
-26, 30, 12, 0, 0, 0, 0, 3, 0, 0, 0
-16, 42, 11, 0, 0, 0, 0, 3, 8080, 528, 1408
0, 48, 11, 0, 0, 0, 0, 3, 0, 0, 0
12, 54, 11, 0, 0, 0, 0, 3, 0, 0, 0
13, 55, 12, 0, 0, 0, 0, 3, 0, 0, 0
12, 54, 12, 0, 0, 0, 0, 3, 0, 0, 0
10, 50, 12, 0, 0, 0, 0, 3, 0, 0, 0
0, 46, 12, 0, 0, 0, 0, 3, 0, 0, 0
-7, 49, 12, 0, 0, 0, 0, 3, 0, 0, 0
-6, 51, 13, 0, 0, 0, 0, 3, 0, 0, 0
2, 54, 13, 0, 0, 0, 0, 3, 0, 0, 0
1, 46, 13, 0, 0, 0, 0, 3, 8048, 960, 1424
-4, 37, 13, 0, 0, 0, 0, 3, 0, 0, 0
-3, 42, 13, 0, 0, 0, 0, 3, 0, 0, 0
-5, 46, 13, 0, 0, 0, 0, 3, 0, 0, 0
-10, 46, 13, 0, 0, 0, 0, 3, 0, 0, 0
-10, 49, 12, 0, 0, 0, 0, 3, 0, 0, 0
-10, 48, 12, 0, 0, 0, 0, 3, 0, 0, 0
-13, 46, 11, 0, 0, 0, 0, 3, 0, 0, 0
-16, 47, 10, 0, 0, 0, 0, 3, 0, 0, 0
-22, 42, 9, 0, 0, 0, 0, 3, 0, 0, 0
-21, 41, 9, 0, 0, 0, 0, 3, 7872, 1024, 0
-20, 41, 8, 0, 0, 0, 0, 3, 0, 0, 1472
-20, 44, 8, 0, 0, 0, 0, 3, 0, 0, 0
-13, 46, 8, 0, 0, 0, 0, 3, 0, 0, 0
-7, 46, 8, 0, 0, 0, 0, 3, 0, 0, 0
-3, 43, 8, 0, 0, 0, 0, 3, 0, 0, 0
-3, 43, 6, 0, 0, 0, 0, 3, 0, 0, 0
-10, 36, 5, 0, 0, 0, 0, 3, 0, 0, 0
-11, 37, 4, 0, 0, 0, 0, 3, 0, 0, 0
-11, 42, 3, 0, 0, 0, 0, 3, 0, 0, 0
-16, 36, 2, 0, 0, 0, 0, 3, 0, 0, 0
-10, 41, 1, 0, 0, 0, 0, 3, 7616, 880, 1456
0, 48, 0, 0, 0, 0, 0, 3, 0, 0, 0
-2, 47, 0, 0, 0, 0, 0, 3, 0, 0, 0
-7, 43, -1, 0, 0, 0, 0, 3, 0, 0, 0
-8, 37, -2, 0, 0, 0, 0, 3, 0, 0, 0
-2, 38, -3, 0, 0, 0, 0, 3, 0, 0, 0
4, 42, -3, 0, 0, 0, 0, 3, 0, 0, 0
8, 38, -2, 0, 0, 0, 0, 3, 0, 0, 0
10, 37, -2, 0, 0, 0, 0, 3, 0, 0, 0
17, 47, -2, 0, 0, 0, 0, 3, 0, 0, 0
14, 48, -1, 0, 0, 0, 0, 3, 7488, 704, 1632
12, 45, -1, 0, 0, 0, 0, 3, 0, 0, 0
26, 48, 0, 0, 0, 0, 0, 3, 0, 0, 0
45, 54, 0, 0, 0, 0, 0, 3, 0, 0, 0
51, 53, 0, 0, 0, 0, 0, 3, 0, 0, 0
50, 49, 0, 0, 0, 0, 0, 3, 0, 0, 0
43, 41, 0, 0, 0, 0, 0, 3, 0, 0, 0
38, 36, 0, 0, 0, 0, 0, 3, 0, 0, 0
39, 34, 0, 0, 0, 0, 0, 3, 0, 0, 0
50, 38, 0, 0, 0, 0, 0, 3, 0, 0, 0
60, 42, 1, 0, 0, 0, 0, 3, 0, 0, 0
66, 40, 1, 0, 0, 0, 0, 3, 7552, 624, 1728
73, 38, 1, 0, 0, 0, 0, 3, 0, 0, 0
74, 37, 1, 0, 0, 0, 0, 3, 0, 0, 0
72, 38, 1, 0, 0, 0, 0, 3, 0, 0, 0
75, 45, 0, 0, 0, 0, 0, 3, 0, 0, 0
69, 45, 1, 0, 0, 0, 0, 3, 0, 0, 0
67, 43, 1, 0, 0, 0, 0, 3, 0, 0, 0
71, 44, 1, 0, 0, 0, 0, 3, 0, 0, 0
78, 42, 1, 0, 0, 0, 0, 3, 0, 0, 0
83, 39, 1, 0, 0, 0, 0, 3, 0, 0, 0
80, 34, 0, 0, 0, 0, 0, 3, 7744, 528, 1888
81, 35, 0, 0, 0, 0, 0, 3, 0, 0, 0
80, 35, 0, 0, 0, 0, 0, 3, 0, 0, 0
68, 25, 0, 0, 0, 0, 0, 3, 0, 0, 0
58, 17, -1, 0, 0, 0, 0, 3, 0, 0, 0
58, 14, -2, 0, 0, 0, 0, 3, 0, 0, 0
59, 16, -2, 0, 0, 0, 0, 3, 0, 0, 0
58, 22, -3, 0, 0, 0, 0, 3, 0, 0, 0
59, 25, -4, 0, 0, 0, 0, 3, 0, 0, 0
62, 24, -5, 0, 0, 0, 0, 3, 0, 0, 0
69, 27, -4, 0, 0, 0, 0, 3, 0, 0, 0
74, 27, -5, 0, 0, 0, 0, 3, 7936, 304, 2048
75, 21, -6, 0, 0, 0, 0, 3, 0, 0, 0
74, 18, -7, 0, 0, 0, 0, 3, 0, 0, 0
73, 18, -7, 0, 0, 0, 0, 3, 0, 0, 0
77, 23, -8, 0, 0, 0, 0, 3, 0, 0, 0
75, 21, -9, 0, 0, 0, 0, 3, 0, 0, 0
63, 15, -10, 0, 0, 0, 0, 3, 0, 0, 0
63, 17, -11, 0, 0, 0, 0, 3, 0, 0, 0
69, 23, -10, 0, 0, 0, 0, 3, 0, 0, 0
70, 24, -10, 0, 0, 0, 0, 3, 8112, 176, 2096
74, 26, -8, 0, 0, 0, 0, 3, 0, 0, 0
76, 22, -8, 0, 0, 0, 0, 3, 0, 0, 0
73, 15, -6, 0, 0, 0, 0, 3, 0, 0, 0
67, 14, -5, 0, 0, 0, 0, 3, 0, 0, 0
67, 20, -3, 0, 0, 0, 0, 3, 0, 0, 0
75, 25, -2, 0, 0, 0, 0, 3, 0, 0, 0
75, 20, -1, 0, 0, 0, 0, 3, 0, 0, 0
71, 13, 0, 0, 0, 0, 0, 3, 0, 0, 0
69, 13, 0, 0, 0, 0, 0, 3, 0, 0, 0
64, 12, 0, 0, 0, 0, 0, 3, 7984, -48, 2032
60, 11, 0, 0, 0, 0, 0, 3, 0, 0, 0
61, 16, 1, 0, 0, 0, 0, 3, 0, 0, 0
61, 17, 2, 0, 0, 0, 0, 3, 0, 0, 0
59, 12, 3, 0, 0, 0, 0, 3, 0, 0, 0
58, 12, 3, 0, 0, 0, 0, 3, 0, 0, 0
53, 9, 4, 0, 0, 0, 0, 3, 0, 0, 0
57, 12, 4, 0, 0, 0, 0, 3, 0, 0, 0
63, 20, 5, 0, 0, 0, 0, 3, 0, 0, 0
63, 18, 5, 0, 0, 0, 0, 3, 0, 0, 0
65, 17, 6, 0, 0, 0, 0, 3, 0, 0, 0
64, 18, 7, 0, 0, 0, 0, 3, 7872, -336, 1952
64, 21, 8, 0, 0, 0, 0, 3, 0, 0, 0
58, 20, 10, 0, 0, 0, 0, 3, 0, 0, 0
47, 12, 12, 0, 0, 0, 0, 3, 0, 0, 0
43, 9, 14, 0, 0, 0, 0, 3, 0, 0, 0
47, 13, 16, 0, 0, 0, 0, 3, 0, 0, 0
49, 14, 18, 0, 0, 0, 0, 3, 0, 0, 0
54, 16, 21, 0, 0, 0, 0, 3, 0, 0, 0
56, 16, 23, 0, 0, 0, 0, 3, 0, 0, 0
50, 14, 25, 0, 0, 0, 0, 3, 0, 0, 0
46, 13, 29, 0, 0, 0, 0, 3, 7840, -432, 1872
44, 8, 30, 0, 0, 0, 0, 3, 0, 0, 0
39, 2, 32, 0, 0, 0, 0, 3, 0, 0, 0
42, 5, 34, 0, 0, 0, 0, 3, 0, 0, 0
44, 9, 37, 0, 0, 0, 0, 3, 0, 0, 0
38, 5, 38, 0, 0, 0, 0, 3, 0, 0, 0
35, 2, 41, 0, 0, 0, 0, 3, 0, 0, 0
42, 3, 42, 0, 0, 0, 0, 3, 0, 0, 0
54, 11, 43, 0, 0, 0, 0, 3, 0, 0, 0
52, 13, 45, 0, 0, 0, 0, 3, 0, 0, 0
42, 4, 45, 0, 0, 0, 0, 3, 7872, -352, 1952
36, 0, 45, 0, 0, 0, 0, 3, 0, 0, 0
32, 4, 45, 0, 0, 0, 0, 3, 0, 0, 0
31, 4, 45, 0, 0, 0, 0, 3, 0, 0, 0
37, 4, 44, 0, 0, 0, 0, 3, 0, 0, 0
50, 11, 44, 0, 0, 0, 0, 3, 0, 0, 0
52, 12, 44, 0, 0, 0, 0, 3, 0, 0, 0
45, 4, 45, 0, 0, 0, 0, 3, 0, 0, 0
38, 0, 45, 0, 0, 0, 0, 3, 0, 0, 0
34, -1, 46, 0, 0, 0, 0, 3, 0, 0, 0
31, 1, 46, 0, 0, 0, 0, 3, 7936, -256, 1904
26, 4, 46, 0, 0, 0, 0, 3, 0, 0, 0
24, 4, 46, 0, 0, 0, 0, 3, 0, 0, 0
31, 1, 47, 0, 0, 0, 0, 3, 0, 0, 0
37, 3, 46, 0, 0, 0, 0, 3, 0, 0, 0
37, 5, 46, 0, 0, 0, 0, 3, 0, 0, 0
44, 12, 46, 0, 0, 0, 0, 3, 0, 0, 0
46, 13, 45, 0, 0, 0, 0, 3, 0, 0, 0
46, 11, 44, 0, 0, 0, 0, 3, 0, 0, 0
42, 4, 42, 0, 0, 0, 0, 3, 0, 0, 0
39, 2, 41, 0, 0, 0, 0, 3, 0, 0, 0
34, 3, 39, 0, 0, 0, 0, 3, 7968, -240, 1920
33, 4, 38, 0, 0, 0, 0, 3, 0, 0, 0
37, 10, 37, 0, 0, 0, 0, 3, 0, 0, 0
36, 12, 36, 0, 0, 0, 0, 3, 0, 0, 0
29, 9, 35, 0, 0, 0, 0, 3, 0, 0, 0
25, 5, 34, 0, 0, 0, 0, 3, 0, 0, 0
37, 15, 34, 0, 0, 0, 0, 3, 0, 0, 0
54, 30, 33, 0, 0, 0, 0, 3, 0, 0, 0
63, 40, 33, 0, 0, 0, 0, 3, 0, 0, 0
62, 40, 32, 0, 0, 0, 0, 3, 0, 0, 0
54, 35, 31, 0, 0, 0, 0, 3, 8000, -336, 1872
40, 27, 30, 0, 0, 0, 0, 3, 0, 0, 0
36, 22, 29, 0, 0, 0, 0, 3, 0, 0, 0
33, 16, 28, 0, 0, 0, 0, 3, 0, 0, 0
33, 12, 27, 0, 0, 0, 0, 3, 0, 0, 0
37, 14, 27, 0, 0, 0, 0, 3, 0, 0, 0
39, 19, 26, 0, 0, 0, 0, 3, 0, 0, 0
37, 17, 25, 0, 0, 0, 0, 3, 0, 0, 0
33, 10, 24, 0, 0, 0, 0, 3, 0, 0, 0
28, 8, 22, 0, 0, 0, 0, 3, 0, 0, 0
27, 14, 20, 0, 0, 0, 0, 3, 7984, -336, 0
25, 14, 19, 0, 0, 0, 0, 3, 0, 0, 1808
25, 12, 17, 0, 0, 0, 0, 3, 0, 0, 0
29, 10, 16, 0, 0, 0, 0, 3, 0, 0, 0
29, 11, 15, 0, 0, 0, 0, 3, 0, 0, 0
29, 11, 14, 0, 0, 0, 0, 3, 0, 0, 0
25, 9, 13, 0, 0, 0, 0, 3, 0, 0, 0
18, 4, 13, 0, 0, 0, 0, 3, 0, 0, 0
8, -4, 12, 0, 0, 0, 0, 3, 0, 0, 0
10, -7, 12, 0, 0, 0, 0, 3, 0, 0, 0
20, -7, 12, 0, 0, 0, 0, 3, 8048, -320, 0
19, -6, 12, 0, 0, 0, 0, 3, 0, 0, 1856
16, -1, 12, 0, 0, 0, 0, 3, 0, 0, 0
16, 2, 12, 0, 0, 0, 0, 3, 0, 0, 0
13, 1, 12, 0, 0, 0, 0, 3, 0, 0, 0
6, -4, 12, 0, 0, 0, 0, 3, 0, 0, 0
6, -7, 12, 0, 0, 0, 0, 3, 0, 0, 0
7, -4, 12, 0, 0, 0, 0, 3, 0, 0, 0
8, 0, 13, 0, 0, 0, 0, 3, 0, 0, 0
7, 1, 13, 0, 0, 0, 0, 3, 0, 0, 0
1, 1, 14, 0, 0, 0, 0, 3, 0, 0, 0
0, 0, 15, 0, 0, 0, 0, 3, 8064, -240, 0
1, -8, 16, 0, 0, 0, 0, 3, 0, 0, 1936
4, -12, 16, 0, 0, 0, 0, 3, 0, 0, 0
12, -8, 17, 0, 0, 0, 0, 3, 0, 0, 0
7, -10, 17, 0, 0, 0, 0, 3, 0, 0, 0
-1, -12, 17, 0, 0, 0, 0, 3, 0, 0, 0
-1, -9, 16, 0, 0, 0, 0, 3, 0, 0, 0
1, -9, 16, 0, 0, 0, 0, 3, 0, 0, 0
-2, -16, 15, 0, 0, 0, 0, 3, 0, 0, 0
-7, -21, 14, 0, 0, 0, 0, 3, 0, 0, 0
-13, -22, 14, 0, 0, 0, 0, 3, 8096, -176, 1968
-22, -23, 12, 0, 0, 0, 0, 3, 0, 0, 0
-29, -19, 12, 0, 0, 0, 0, 3, 0, 0, 0
-29, -14, 11, 0, 0, 0, 0, 3, 0, 0, 0
-22, -8, 10, 0, 0, 0, 0, 3, 0, 0, 0
-20, -8, 9, 0, 0, 0, 0, 3, 0, 0, 0
-19, -13, 9, 0, 0, 0, 0, 3, 0, 0, 0
-18, -19, 8, 0, 0, 0, 0, 3, 0, 0, 0
-19, -20, 8, 0, 0, 0, 0, 3, 0, 0, 0
-12, -12, 7, 0, 0, 0, 0, 3, 0, 0, 0
-6, -10, 8, 0, 0, 0, 0, 3, 8080, -96, 1984
3, -5, 8, 0, 0, 0, 0, 3, 0, 0, 0
3, -6, 9, 0, 0, 0, 0, 3, 0, 0, 0
3, -5, 10, 0, 0, 0, 0, 3, 0, 0, 0
1, -4, 11, 0, 0, 0, 0, 3, 0, 0, 0
-6, -5, 12, 0, 0, 0, 0, 3, 0, 0, 0
-17, -7, 12, 0, 0, 0, 0, 3, 0, 0, 0
-23, -17, 12, 0, 0, 0, 0, 3, 0, 0, 0
-23, -29, 12, 0, 0, 0, 0, 3, 0, 0, 0
-25, -32, 13, 0, 0, 0, 0, 3, 0, 0, 0
-25, -26, 13, 0, 0, 0, 0, 3, 0, 0, 0
-25, -25, 13, 0, 0, 0, 0, 3, 8080, 32, 1920
-30, -27, 13, 0, 0, 0, 0, 3, 0, 0, 0
-31, -24, 13, 0, 0, 0, 0, 3, 0, 0, 0
-30, -22, 12, 0, 0, 0, 0, 3, 0, 0, 0
-33, -20, 12, 0, 0, 0, 0, 3, 0, 0, 0
-39, -20, 12, 0, 0, 0, 0, 3, 0, 0, 0
-36, -18, 11, 0, 0, 0, 0, 3, 0, 0, 0
-31, -16, 11, 0, 0, 0, 0, 3, 0, 0, 0
-28, -16, 10, 0, 0, 0, 0, 3, 0, 0, 0
-26, -16, 10, 0, 0, 0, 0, 3, 0, 0, 0
-32, -23, 9, 0, 0, 0, 0, 3, 8128, 96, 0
-32, -26, 9, 0, 0, 0, 0, 3, 0, 0, 1952
-24, -25, 9, 0, 0, 0, 0, 3, 0, 0, 0
-18, -19, 9, 0, 0, 0, 0, 3, 0, 0, 0
-17, -9, 9, 0, 0, 0, 0, 3, 0, 0, 0
-14, -2, 9, 0, 0, 0, 0, 3, 0, 0, 0
-13, -3, 8, 0, 0, 0, 0, 3, 0, 0, 0
-13, -8, 8, 0, 0, 0, 0, 3, 0, 0, 0
-20, -13, 8, 0, 0, 0, 0, 3, 0, 0, 0
-22, -13, 7, 0, 0, 0, 0, 3, 0, 0, 0
-25, -16, 7, 0, 0, 0, 0, 3, 8032, 160, 1936
-25, -10, 6, 0, 0, 0, 0, 3, 0, 0, 0
-24, -4, 5, 0, 0, 0, 0, 3, 0, 0, 0
-25, -9, 4, 0, 0, 0, 0, 3, 0, 0, 0
-21, -11, 3, 0, 0, 0, 0, 3, 0, 0, 0
-17, -5, 1, 0, 0, 0, 0, 3, 0, 0, 0
-14, -2, 0, 0, 0, 0, 0, 3, 0, 0, 0
-18, -4, 0, 0, 0, 0, 0, 3, 0, 0, 0
-28, -4, 0, 0, 0, 0, 0, 3, 0, 0, 0
-34, -8, 0, 0, 0, 0, 0, 3, 0, 0, 0
-28, -9, 0, 0, 0, 0, 0, 3, 7984, 272, 1920
-20, -8, 0, 0, 0, 0, 0, 3, 0, 0, 0
-8, -1, 0, 0, 0, 0, 0, 3, 0, 0, 0
1, 4, 0, 0, 0, 0, 0, 3, 0, 0, 0
0, 3, 1, 0, 0, 0, 0, 3, 0, 0, 0
-5, 0, 2, 0, 0, 0, 0, 3, 0, 0, 0
-7, -2, 2, 0, 0, 0, 0, 3, 0, 0, 0
-7, -1, 4, 0, 0, 0, 0, 3, 0, 0, 0
-7, 4, 4, 0, 0, 0, 0, 3, 0, 0, 0
-14, 0, 5, 0, 0, 0, 0, 3, 0, 0, 0
-24, -5, 5, 0, 0, 0, 0, 3, 0, 0, 0
-13, 0, 5, 0, 0, 0, 0, 3, 7920, 432, 1824
-1, 4, 6, 0, 0, 0, 0, 3, 0, 0, 0
0, 6, 7, 0, 0, 0, 0, 3, 0, 0, 0
-1, 8, 7, 0, 0, 0, 0, 3, 0, 0, 0
0, 8, 7, 0, 0, 0, 0, 3, 0, 0, 0
0, 7, 7, 0, 0, 0, 0, 3, 0, 0, 0
0, 13, 7, 0, 0, 0, 0, 3, 0, 0, 0
4, 15, 7, 0, 0, 0, 0, 3, 0, 0, 0
0, 10, 7, 0, 0, 0, 0, 3, 0, 0, 0
-12, -2, 8, 0, 0, 0, 0, 3, 0, 0, 0
-15, -6, 8, 0, 0, 0, 0, 3, 7888, 496, 1904
-9, -2, 9, 0, 0, 0, 0, 3, 0, 0, 0
-6, 3, 10, 0, 0, 0, 0, 3, 0, 0, 0
0, 9, 12, 0, 0, 0, 0, 3, 0, 0, 0
2, 12, 14, 0, 0, 0, 0, 3, 0, 0, 0
-10, 10, 16, 0, 0, 0, 0, 3, 0, 0, 0
-22, 6, 19, 0, 0, 0, 0, 3, 0, 0, 0
-14, 8, 21, 0, 0, 0, 0, 3, 0, 0, 0
-6, 8, 24, 0, 0, 0, 0, 3, 0, 0, 0
-5, 5, 26, 0, 0, 0, 0, 3, 0, 0, 0
-8, 3, 28, 0, 0, 0, 0, 3, 0, 0, 0
-11, 1, 29, 0, 0, 0, 0, 3, 7904, 544, 1952
-12, 7, 32, 0, 0, 0, 0, 3, 0, 0, 0
-12, 13, 33, 0, 0, 0, 0, 3, 0, 0, 0
-13, 16, 35, 0, 0, 0, 0, 3, 0, 0, 0
-21, 13, 36, 0, 0, 0, 0, 3, 0, 0, 0
-16, 9, 37, 0, 0, 0, 0, 3, 0, 0, 0
-15, 1, 37, 0, 0, 0, 0, 3, 0, 0, 0
-28, -2, 39, 0, 0, 0, 0, 3, 0, 0, 0
-33, 5, 40, 0, 0, 0, 0, 3, 0, 0, 0
-18, 15, 41, 0, 0, 0, 0, 3, 7824, 480, 1968
0, 18, 42, 0, 0, 0, 0, 3, 0, 0, 0
9, 17, 42, 0, 0, 0, 0, 3, 0, 0, 0
4, 8, 42, 0, 0, 0, 0, 3, 0, 0, 0
0, 10, 42, 0, 0, 0, 0, 3, 0, 0, 0
2, 20, 43, 0, 0, 0, 0, 3, 0, 0, 0
5, 25, 43, 0, 0, 0, 0, 3, 0, 0, 0
1, 21, 43, 0, 0, 0, 0, 3, 0, 0, 0
-1, 19, 42, 0, 0, 0, 0, 3, 0, 0, 0
-11, 15, 42, 0, 0, 0, 0, 3, 0, 0, 0
-11, 15, 42, 0, 0, 0, 0, 3, 0, 0, 0
-2, 15, 42, 0, 0, 0, 0, 3, 0, 0, 0
1, 16, 42, 0, 0, 0, 0, 3, 7792, 432, 2016
-1, 11, 42, 0, 0, 0, 0, 3, 0, 0, 0
-3, 8, 41, 0, 0, 0, 0, 3, 0, 0, 0
-4, 12, 41, 0, 0, 0, 0, 3, 0, 0, 0
-6, 16, 40, 0, 0, 0, 0, 3, 0, 0, 0
-10, 17, 39, 0, 0, 0, 0, 3, 0, 0, 0
-16, 10, 39, 0, 0, 0, 0, 3, 0, 0, 0
-21, 2, 39, 0, 0, 0, 0, 3, 0, 0, 0
-16, 6, 38, 0, 0, 0, 0, 3, 0, 0, 0
-5, 16, 38, 0, 0, 0, 0, 3, 7872, 384, 2048
-3, 16, 38, 0, 0, 0, 0, 3, 0, 0, 0
-4, 11, 37, 0, 0, 0, 0, 3, 0, 0, 0
-11, 9, 36, 0, 0, 0, 0, 3, 0, 0, 0
-12, 14, 35, 0, 0, 0, 0, 3, 0, 0, 0
-11, 15, 35, 0, 0, 0, 0, 3, 0, 0, 0
-13, 11, 33, 0, 0, 0, 0, 3, 0, 0, 0
-17, 10, 33, 0, 0, 0, 0, 3, 0, 0, 0
-10, 14, 31, 0, 0, 0, 0, 3, 0, 0, 0
-3, 16, 29, 0, 0, 0, 0, 3, 0, 0, 0
-4, 12, 27, 0, 0, 0, 0, 3, 7936, 288, 0
-15, 4, 25, 0, 0, 0, 0, 3, 0, 0, 2064
-21, 3, 24, 0, 0, 0, 0, 3, 0, 0, 0
-16, 8, 23, 0, 0, 0, 0, 3, 0, 0, 0
-15, 17, 22, 0, 0, 0, 0, 3, 0, 0, 0
-2, 32, 21, 0, 0, 0, 0, 3, 0, 0, 0
20, 42, 21, 0, 0, 0, 0, 3, 0, 0, 0
41, 45, 21, 0, 0, 0, 0, 3, 0, 0, 0
56, 46, 21, 0, 0, 0, 0, 3, 0, 0, 0
60, 53, 20, 0, 0, 0, 0, 3, 0, 0, 0
56, 58, 20, 0, 0, 0, 0, 3, 7888, 304, 2160
62, 58, 19, 0, 0, 0, 0, 3, 0, 0, 0
64, 54, 18, 0, 0, 0, 0, 3, 0, 0, 0
52, 46, 18, 0, 0, 0, 0, 3, 0, 0, 0
49, 46, 17, 0, 0, 0, 0, 3, 0, 0, 0
61, 55, 17, 0, 0, 0, 0, 3, 0, 0, 0
73, 64, 16, 0, 0, 0, 0, 3, 0, 0, 0
71, 63, 16, 0, 0, 0, 0, 3, 0, 0, 0
56, 56, 16, 0, 0, 0, 0, 3, 0, 0, 0
55, 61, 16, 0, 0, 0, 0, 3, 0, 0, 0
60, 64, 16, 0, 0, 0, 0, 3, 0, 0, 0
64, 55, 16, 0, 0, 0, 0, 3, 7840, 336, 0
75, 56, 16, 0, 0, 0, 0, 3, 0, 0, 2192
78, 71, 15, 0, 0, 0, 0, 3, 0, 0, 0
72, 84, 15, 0, 0, 0, 0, 3, 0, 0, 0
70, 87, 14, 0, 0, 0, 0, 3, 0, 0, 0
70, 88, 13, 0, 0, 0, 0, 3, 0, 0, 0
60, 85, 12, 0, 0, 0, 0, 3, 0, 0, 0
44, 83, 11, 0, 0, 0, 0, 3, 0, 0, 0
48, 75, 10, 0, 0, 0, 0, 3, 0, 0, 0
62, 77, 10, 0, 0, 0, 0, 3, 0, 0, 0
67, 88, 9, 0, 0, 0, 0, 3, 7856, 352, 2208
64, 99, 10, 0, 0, 0, 0, 3, 0, 0, 0
63, 102, 10, 0, 0, 0, 0, 3, 0, 0, 0
59, 97, 11, 0, 0, 0, 0, 3, 0, 0, 0
53, 98, 11, 0, 0, 0, 0, 3, 0, 0, 0
50, 105, 12, 0, 0, 0, 0, 3, 0, 0, 0
54, 112, 11, 0, 0, 0, 0, 3, 0, 0, 0
55, 112, 10, 0, 0, 0, 0, 3, 0, 0, 0
55, 101, 9, 0, 0, 0, 0, 3, 0, 0, 0
58, 97, 8, 0, 0, 0, 0, 3, 0, 0, 0
64, 109, 8, 0, 0, 0, 0, 3, 7872, 320, 2256
56, 118, 7, 0, 0, 0, 0, 3, 0, 0, 0
46, 122, 6, 0, 0, 0, 0, 3, 0, 0, 0
60, 124, 5, 0, 0, 0, 0, 3, 0, 0, 0
54, 114, 5, 0, 0, 0, 0, 3, 0, 0, 0
35, 110, 4, 0, 0, 0, 0, 3, 0, 0, 0
48, 114, 3, 0, 0, 0, 0, 3, 0, 0, 0
78, 130, 3, 0, 0, 0, 0, 3, 0, 0, 0
96, 136, 4, 0, 0, 0, 0, 3, 0, 0, 0
98, 128, 3, 0, 0, 0, 0, 3, 0, 0, 0
90, 125, 4, 0, 0, 0, 0, 3, 0, 0, 0
70, 121, 4, 0, 0, 0, 0, 3, 7824, 288, 2240
64, 129, 5, 0, 0, 0, 0, 3, 0, 0, 0
79, 142, 6, 0, 0, 0, 0, 3, 0, 0, 0
92, 150, 6, 0, 0, 0, 0, 3, 0, 0, 0
101, 158, 7, 0, 0, 0, 0, 3, 0, 0, 0
112, 164, 7, 0, 0, 0, 0, 3, 0, 0, 0
112, 162, 8, 0, 0, 0, 0, 3, 0, 0, 0
95, 143, 8, 0, 0, 0, 0, 3, 0, 0, 0
88, 134, 8, 0, 0, 0, 0, 3, 0, 0, 0
90, 143, 8, 0, 0, 0, 0, 3, 0, 0, 0
80, 145, 9, 0, 0, 0, 0, 3, 7920, 192, 2320
81, 138, 9, 0, 0, 0, 0, 3, 0, 0, 0
93, 129, 9, 0, 0, 0, 0, 3, 0, 0, 0
106, 133, 9, 0, 0, 0, 0, 3, 0, 0, 0
111, 151, 9, 0, 0, 0, 0, 3, 0, 0, 0
105, 160, 9, 0, 0, 0, 0, 3, 0, 0, 0
100, 155, 9, 0, 0, 0, 0, 3, 0, 0, 0
103, 151, 8, 0, 0, 0, 0, 3, 0, 0, 0
113, 164, 8, 0, 0, 0, 0, 3, 0, 0, 0
109, 171, 8, 0, 0, 0, 0, 3, 0, 0, 0
107, 169, 8, 0, 0, 0, 0, 3, 7904, 144, 2304
103, 164, 7, 0, 0, 0, 0, 3, 0, 0, 0
92, 157, 7, 0, 0, 0, 0, 3, 0, 0, 0
94, 141, 6, 0, 0, 0, 0, 3, 0, 0, 0
111, 147, 5, 0, 0, 0, 0, 3, 0, 0, 0
122, 160, 5, 0, 0, 0, 0, 3, 0, 0, 0
103, 153, 3, 0, 0, 0, 0, 3, 0, 0, 0
87, 152, 3, 0, 0, 0, 0, 3, 0, 0, 0
97, 159, 2, 0, 0, 0, 0, 3, 0, 0, 0
113, 162, 1, 0, 0, 0, 0, 3, 0, 0, 0
112, 161, 0, 0, 0, 0, 0, 3, 7872, 144, 2320
110, 166, 0, 0, 0, 0, 0, 3, 0, 0, 0
101, 164, -1, 0, 0, 0, 0, 3, 0, 0, 0
104, 159, -2, 0, 0, 0, 0, 3, 0, 0, 0
108, 144, -2, 0, 0, 0, 0, 3, 0, 0, 0
98, 140, -3, 0, 0, 0, 0, 3, 0, 0, 0
89, 156, -4, 0, 0, 0, 0, 3, 0, 0, 0
95, 181, -4, 0, 0, 0, 0, 3, 0, 0, 0
111, 194, -4, 0, 0, 0, 0, 3, 0, 0, 0
115, 198, -4, 0, 0, 0, 0, 3, 0, 0, 0
109, 201, -3, 0, 0, 0, 0, 3, 0, 0, 0
108, 214, -2, 0, 0, 0, 0, 3, 0, 0, 0
116, 224, -1, 0, 0, 0, 0, 3, 7856, 160, 2240
118, 220, 0, 0, 0, 0, 0, 3, 0, 0, 0
111, 219, 0, 0, 0, 0, 0, 3, 0, 0, 0
108, 227, 1, 0, 0, 0, 0, 3, 0, 0, 0
111, 240, 2, 0, 0, 0, 0, 3, 0, 0, 0
115, 247, 3, 0, 0, 0, 0, 3, 0, 0, 0
109, 250, 3, 0, 0, 0, 0, 3, 0, 0, 0
93, 259, 4, 0, 0, 0, 0, 3, 0, 0, 0
93, 258, 5, 0, 0, 0, 0, 3, 0, 0, 0
101, 245, 6, 0, 0, 0, 0, 3, 7792, 176, 2192
111, 256, 6, 0, 0, 0, 0, 3, 0, 0, 0
130, 279, 6, 0, 0, 0, 0, 3, 0, 0, 0
139, 295, 6, 0, 0, 0, 0, 3, 0, 0, 0
130, 299, 6, 0, 0, 0, 0, 3, 0, 0, 0
115, 298, 6, 0, 0, 0, 0, 3, 0, 0, 0
111, 296, 5, 0, 0, 0, 0, 3, 0, 0, 0
112, 292, 5, 0, 0, 0, 0, 3, 0, 0, 0
104, 282, 5, 0, 0, 0, 0, 3, 0, 0, 0
101, 290, 6, 0, 0, 0, 0, 3, 0, 0, 0
95, 304, 8, 0, 0, 0, 0, 3, 7824, 272, 2208
97, 315, 9, 0, 0, 0, 0, 3, 0, 0, 0
103, 318, 11, 0, 0, 0, 0, 3, 0, 0, 0
105, 314, 13, 0, 0, 0, 0, 3, 0, 0, 0
96, 314, 15, 0, 0, 0, 0, 3, 0, 0, 0
88, 319, 18, 0, 0, 0, 0, 3, 0, 0, 0
92, 319, 20, 0, 0, 0, 0, 3, 0, 0, 0
95, 331, 22, 0, 0, 0, 0, 3, 0, 0, 0
87, 329, 25, 0, 0, 0, 0, 3, 0, 0, 0
83, 316, 26, 0, 0, 0, 0, 3, 0, 0, 0
79, 318, 28, 0, 0, 0, 0, 3, 7840, 208, 2240
69, 326, 30, 0, 0, 0, 0, 3, 0, 0, 0
73, 331, 31, 0, 0, 0, 0, 3, 0, 0, 0
81, 328, 33, 0, 0, 0, 0, 3, 0, 0, 0
78, 326, 34, 0, 0, 0, 0, 3, 0, 0, 0
64, 327, 35, 0, 0, 0, 0, 3, 0, 0, 0
43, 314, 36, 0, 0, 0, 0, 3, 0, 0, 0
37, 303, 36, 0, 0, 0, 0, 3, 0, 0, 0
35, 296, 36, 0, 0, 0, 0, 3, 0, 0, 0
26, 286, 36, 0, 0, 0, 0, 3, 0, 0, 0
4, 277, 36, 0, 0, 0, 0, 3, 0, 0, 0
-3, 272, 35, 0, 0, 0, 0, 3, 7840, 144, 0
7, 271, 35, 0, 0, 0, 0, 3, 0, 0, 2192
14, 271, 35, 0, 0, 0, 0, 3, 0, 0, 0
18, 265, 36, 0, 0, 0, 0, 3, 0, 0, 0
20, 255, 37, 0, 0, 0, 0, 3, 0, 0, 0
16, 250, 37, 0, 0, 0, 0, 3, 0, 0, 0
0, 255, 38, 0, 0, 0, 0, 3, 0, 0, 0
4, 255, 39, 0, 0, 0, 0, 3, 0, 0, 0
13, 253, 41, 0, 0, 0, 0, 3, 0, 0, 0
0, 250, 41, 0, 0, 0, 0, 3, 0, 0, 0
-11, 245, 42, 0, 0, 0, 0, 3, 7808, 112, 2256
7, 238, 42, 0, 0, 0, 0, 3, 0, 0, 0
16, 229, 42, 0, 0, 0, 0, 3, 0, 0, 0
10, 225, 42, 0, 0, 0, 0, 3, 0, 0, 0
0, 220, 41, 0, 0, 0, 0, 3, 0, 0, 0
-9, 206, 40, 0, 0, 0, 0, 3, 0, 0, 0
-16, 206, 39, 0, 0, 0, 0, 3, 0, 0, 0
-40, 202, 38, 0, 0, 0, 0, 3, 0, 0, 0
-31, 197, 38, 0, 0, 0, 0, 3, 0, 0, 0
1, 191, 38, 0, 0, 0, 0, 3, 0, 0, 0
23, 188, 37, 0, 0, 0, 0, 3, 7808, 160, 2240
28, 195, 37, 0, 0, 0, 0, 3, 0, 0, 0
28, 202, 37, 0, 0, 0, 0, 3, 0, 0, 0
28, 202, 37, 0, 0, 0, 0, 3, 0, 0, 0
26, 190, 36, 0, 0, 0, 0, 3, 0, 0, 0
13, 171, 35, 0, 0, 0, 0, 3, 0, 0, 0
-4, 145, 33, 0, 0, 0, 0, 3, 0, 0, 0
-17, 144, 32, 0, 0, 0, 0, 3, 0, 0, 0
3, 167, 30, 0, 0, 0, 0, 3, 0, 0, 0
24, 175, 29, 0, 0, 0, 0, 3, 0, 0, 0
29, 164, 27, 0, 0, 0, 0, 3, 7904, 144, 2224
29, 160, 25, 0, 0, 0, 0, 3, 0, 0, 0
12, 156, 25, 0, 0, 0, 0, 3, 0, 0, 0
-8, 150, 24, 0, 0, 0, 0, 3, 0, 0, 0
-1, 152, 23, 0, 0, 0, 0, 3, 0, 0, 0
23, 162, 23, 0, 0, 0, 0, 3, 0, 0, 0
29, 160, 22, 0, 0, 0, 0, 3, 0, 0, 0
10, 148, 21, 0, 0, 0, 0, 3, 0, 0, 0
-17, 136, 21, 0, 0, 0, 0, 3, 0, 0, 0
-27, 135, 21, 0, 0, 0, 0, 3, 0, 0, 0
2, 150, 21, 0, 0, 0, 0, 3, 0, 0, 0
34, 164, 19, 0, 0, 0, 0, 3, 7840, 96, 2256
34, 161, 19, 0, 0, 0, 0, 3, 0, 0, 0
20, 146, 18, 0, 0, 0, 0, 3, 0, 0, 0
18, 151, 18, 0, 0, 0, 0, 3, 0, 0, 0
17, 159, 18, 0, 0, 0, 0, 3, 0, 0, 0
2, 145, 17, 0, 0, 0, 0, 3, 0, 0, 0
-5, 119, 17, 0, 0, 0, 0, 3, 0, 0, 0
-6, 118, 17, 0, 0, 0, 0, 3, 0, 0, 0
-8, 131, 17, 0, 0, 0, 0, 3, 0, 0, 0
-14, 137, 17, 0, 0, 0, 0, 3, 0, 0, 0
-9, 137, 17, 0, 0, 0, 0, 3, 7808, 48, 2224
7, 133, 16, 0, 0, 0, 0, 3, 0, 0, 0
9, 127, 17, 0, 0, 0, 0, 3, 0, 0, 0
2, 126, 16, 0, 0, 0, 0, 3, 0, 0, 0
-1, 124, 16, 0, 0, 0, 0, 3, 0, 0, 0
-26, 102, 16, 0, 0, 0, 0, 3, 0, 0, 0
-49, 46, 16, 0, 0, 0, 0, 3, 0, 0, 0
-28, 65, 16, 0, 0, 0, 0, 3, 0, 0, 0
-6, 115, 16, 0, 0, 0, 0, 3, 0, 0, 0
13, 145, 16, 0, 0, 0, 0, 3, 0, 0, 0
21, 153, 16, 0, 0, 0, 0, 3, 7840, 0, 0
6, 144, 16, 0, 0, 0, 0, 3, 0, 0, 2320
-16, 137, 15, 0, 0, 0, 0, 3, 0, 0, 0
-28, 127, 15, 0, 0, 0, 0, 3, 0, 0, 0
-44, 103, 14, 0, 0, 0, 0, 3, 0, 0, 0
-42, 90, 14, 0, 0, 0, 0, 3, 0, 0, 0
-11, 118, 13, 0, 0, 0, 0, 3, 0, 0, 0
16, 147, 12, 0, 0, 0, 0, 3, 0, 0, 0
14, 159, 12, 0, 0, 0, 0, 3, 0, 0, 0
2, 168, 11, 0, 0, 0, 0, 3, 0, 0, 0
-16, 165, 10, 0, 0, 0, 0, 3, 0, 0, 0
-47, 131, 10, 0, 0, 0, 0, 3, 7712, 0, 2272
-58, 125, 10, 0, 0, 0, 0, 3, 0, 0, 0
-7, 174, 9, 0, 0, 0, 0, 3, 0, 0, 0
43, 206, 8, 0, 0, 0, 0, 3, 0, 0, 0
50, 213, 8, 0, 0, 0, 0, 3, 0, 0, 0
39, 219, 8, 0, 0, 0, 0, 3, 0, 0, 0
22, 197, 7, 0, 0, 0, 0, 3, 0, 0, 0
7, 199, 7, 0, 0, 0, 0, 3, 0, 0, 0
9, 225, 7, 0, 0, 0, 0, 3, 0, 0, 0
3, 231, 7, 0, 0, 0, 0, 3, 0, 0, 0
12, 249, 8, 0, 0, 0, 0, 3, 7760, -64, 0
20, 265, 8, 0, 0, 0, 0, 3, 0, 0, 2272
6, 274, 8, 0, 0, 0, 0, 3, 0, 0, 0
12, 302, 9, 0, 0, 0, 0, 3, 0, 0, 0
52, 335, 10, 0, 0, 0, 0, 3, 0, 0, 0
50, 349, 11, 0, 0, 0, 0, 3, 0, 0, 0
21, 349, 12, 0, 0, 0, 0, 3, 0, 0, 0
18, 344, 12, 0, 0, 0, 0, 3, 0, 0, 0
21, 351, 12, 0, 0, 0, 0, 3, 0, 0, 0
16, 361, 12, 0, 0, 0, 0, 3, 0, 0, 0
5, 363, 12, 0, 0, 0, 0, 3, 7776, -96, 2320
-9, 356, 11, 0, 0, 0, 0, 3, 0, 0, 0
-13, 362, 11, 0, 0, 0, 0, 3, 0, 0, 0
3, 384, 11, 0, 0, 0, 0, 3, 0, 0, 0
8, 394, 11, 0, 0, 0, 0, 3, 0, 0, 0
16, 409, 10, 0, 0, 0, 0, 3, 0, 0, 0
18, 412, 10, 0, 0, 0, 0, 3, 0, 0, 0
15, 410, 9, 0, 0, 0, 0, 3, 0, 0, 0
25, 405, 9, 0, 0, 0, 0, 3, 0, 0, 0
37, 403, 9, 0, 0, 0, 0, 3, 0, 0, 0
44, 419, 8, 0, 0, 0, 0, 3, 7824, -32, 2288
29, 423, 8, 0, 0, 0, 0, 3, 0, 0, 0
16, 405, 7, 0, 0, 0, 0, 3, 0, 0, 0
23, 403, 6, 0, 0, 0, 0, 3, 0, 0, 0
36, 417, 5, 0, 0, 0, 0, 3, 0, 0, 0
34, 412, 4, 0, 0, 0, 0, 3, 0, 0, 0
15, 383, 3, 0, 0, 0, 0, 3, 0, 0, 0
19, 371, 3, 0, 0, 0, 0, 3, 0, 0, 0
39, 377, 1, 0, 0, 0, 0, 3, 0, 0, 0
57, 385, 1, 0, 0, 0, 0, 3, 0, 0, 0
60, 386, 0, 0, 0, 0, 0, 3, 0, 0, 0
39, 370, 0, 0, 0, 0, 0, 3, 7824, -96, 2336
0, 345, -2, 0, 0, 0, 0, 3, 0, 0, 0
-17, 323, -3, 0, 0, 0, 0, 3, 0, 0, 0
12, 316, -4, 0, 0, 0, 0, 3, 0, 0, 0
38, 308, -4, 0, 0, 0, 0, 3, 0, 0, 0
40, 288, -5, 0, 0, 0, 0, 3, 0, 0, 0
36, 281, -6, 0, 0, 0, 0, 3, 0, 0, 0
34, 288, -5, 0, 0, 0, 0, 3, 0, 0, 0
16, 280, -4, 0, 0, 0, 0, 3, 0, 0, 0
12, 268, -4, 0, 0, 0, 0, 3, 0, 0, 0
22, 258, -4, 0, 0, 0, 0, 3, 7888, -128, 2352
17, 232, -4, 0, 0, 0, 0, 3, 0, 0, 0
-9, 208, -3, 0, 0, 0, 0, 3, 0, 0, 0
-15, 200, -2, 0, 0, 0, 0, 3, 0, 0, 0
14, 215, -1, 0, 0, 0, 0, 3, 0, 0, 0
35, 225, 0, 0, 0, 0, 0, 3, 0, 0, 0
29, 215, 0, 0, 0, 0, 0, 3, 0, 0, 0
12, 197, 1, 0, 0, 0, 0, 3, 0, 0, 0
-1, 179, 1, 0, 0, 0, 0, 3, 0, 0, 0
0, 169, 2, 0, 0, 0, 0, 3, 0, 0, 0
-3, 171, 3, 0, 0, 0, 0, 3, 7936, -176, 2432
0, 165, 3, 0, 0, 0, 0, 3, 0, 0, 0
3, 161, 3, 0, 0, 0, 0, 3, 0, 0, 0
13, 162, 3, 0, 0, 0, 0, 3, 0, 0, 0
14, 151, 3, 0, 0, 0, 0, 3, 0, 0, 0
12, 150, 2, 0, 0, 0, 0, 3, 0, 0, 0
8, 160, 2, 0, 0, 0, 0, 3, 0, 0, 0
-12, 152, 2, 0, 0, 0, 0, 3, 0, 0, 0
-33, 139, 3, 0, 0, 0, 0, 3, 0, 0, 0
-34, 128, 3, 0, 0, 0, 0, 3, 0, 0, 0
-15, 113, 4, 0, 0, 0, 0, 3, 7872, -128, 2416
12, 109, 6, 0, 0, 0, 0, 3, 0, 0, 0
26, 122, 8, 0, 0, 0, 0, 3, 0, 0, 0
17, 120, 10, 0, 0, 0, 0, 3, 0, 0, 0
5, 119, 12, 0, 0, 0, 0, 3, 0, 0, 0
0, 113, 14, 0, 0, 0, 0, 3, 0, 0, 0
-4, 101, 16, 0, 0, 0, 0, 3, 0, 0, 0
-12, 97, 18, 0, 0, 0, 0, 3, 0, 0, 0
-23, 92, 20, 0, 0, 0, 0, 3, 0, 0, 0
-26, 85, 22, 0, 0, 0, 0, 3, 0, 0, 0
-23, 69, 24, 0, 0, 0, 0, 3, 0, 0, 0
-15, 67, 26, 0, 0, 0, 0, 3, 7792, -128, 2480
-12, 64, 27, 0, 0, 0, 0, 3, 0, 0, 0
-33, 57, 29, 0, 0, 0, 0, 3, 0, 0, 0
-42, 53, 31, 0, 0, 0, 0, 3, 0, 0, 0
-28, 54, 32, 0, 0, 0, 0, 3, 0, 0, 0
-18, 52, 33, 0, 0, 0, 0, 3, 0, 0, 0
-7, 52, 35, 0, 0, 0, 0, 3, 0, 0, 0
0, 51, 37, 0, 0, 0, 0, 3, 0, 0, 0
-18, 21, 37, 0, 0, 0, 0, 3, 0, 0, 0
-41, 9, 38, 0, 0, 0, 0, 3, 0, 0, 0
-30, 25, 39, 0, 0, 0, 0, 3, 7808, -160, 2416
-24, 17, 40, 0, 0, 0, 0, 3, 0, 0, 0
-27, 8, 40, 0, 0, 0, 0, 3, 0, 0, 0
-21, 23, 41, 0, 0, 0, 0, 3, 0, 0, 0
-21, 24, 41, 0, 0, 0, 0, 3, 0, 0, 0
-30, 11, 42, 0, 0, 0, 0, 3, 0, 0, 0
-36, 1, 42, 0, 0, 0, 0, 3, 0, 0, 0
-30, -4, 42, 0, 0, 0, 0, 3, 0, 0, 0
-28, -9, 42, 0, 0, 0, 0, 3, 0, 0, 0
-38, -20, 43, 0, 0, 0, 0, 3, 0, 0, 0
-52, -32, 42, 0, 0, 0, 0, 3, 7792, -112, 0
-53, -42, 42, 0, 0, 0, 0, 3, 0, 0, 2448
-43, -46, 42, 0, 0, 0, 0, 3, 0, 0, 0
-39, -46, 41, 0, 0, 0, 0, 3, 0, 0, 0
-37, -41, 41, 0, 0, 0, 0, 3, 0, 0, 0
-33, -38, 40, 0, 0, 0, 0, 3, 0, 0, 0
-34, -42, 40, 0, 0, 0, 0, 3, 0, 0, 0
-38, -57, 39, 0, 0, 0, 0, 3, 0, 0, 0
-42, -65, 38, 0, 0, 0, 0, 3, 0, 0, 0
-35, -58, 37, 0, 0, 0, 0, 3, 0, 0, 0
-27, -57, 37, 0, 0, 0, 0, 3, 7792, -112, 2448
-30, -65, 37, 0, 0, 0, 0, 3, 0, 0, 0
-34, -82, 36, 0, 0, 0, 0, 3, 0, 0, 0
-33, -89, 35, 0, 0, 0, 0, 3, 0, 0, 0
-36, -85, 34, 0, 0, 0, 0, 3, 0, 0, 0
-51, -85, 33, 0, 0, 0, 0, 3, 0, 0, 0
-64, -99, 33, 0, 0, 0, 0, 3, 0, 0, 0
-50, -92, 32, 0, 0, 0, 0, 3, 0, 0, 0
-33, -81, 30, 0, 0, 0, 0, 3, 0, 0, 0
-35, -83, 29, 0, 0, 0, 0, 3, 0, 0, 0
-36, -93, 28, 0, 0, 0, 0, 3, 0, 0, 0
-33, -102, 26, 0, 0, 0, 0, 3, 7776, -96, 0
-28, -110, 25, 0, 0, 0, 0, 3, 0, 0, 2448
-29, -122, 24, 0, 0, 0, 0, 3, 0, 0, 0
-36, -122, 23, 0, 0, 0, 0, 3, 0, 0, 0
-45, -110, 21, 0, 0, 0, 0, 3, 0, 0, 0
-41, -106, 20, 0, 0, 0, 0, 3, 0, 0, 0
-29, -111, 19, 0, 0, 0, 0, 3, 0, 0, 0
-31, -111, 18, 0, 0, 0, 0, 3, 0, 0, 0
-26, -109, 17, 0, 0, 0, 0, 3, 0, 0, 0
-14, -116, 17, 0, 0, 0, 0, 3, 0, 0, 0
-13, -119, 16, 0, 0, 0, 0, 3, 7792, -96, 2480
-2, -101, 15, 0, 0, 0, 0, 3, 0, 0, 0
-7, -93, 14, 0, 0, 0, 0, 3, 0, 0, 0
-18, -111, 13, 0, 0, 0, 0, 3, 0, 0, 0
-25, -132, 12, 0, 0, 0, 0, 3, 0, 0, 0
-32, -132, 11, 0, 0, 0, 0, 3, 0, 0, 0
-35, -133, 10, 0, 0, 0, 0, 3, 0, 0, 0
-29, -138, 9, 0, 0, 0, 0, 3, 0, 0, 0
-17, -130, 9, 0, 0, 0, 0, 3, 0, 0, 0
-20, -132, 10, 0, 0, 0, 0, 3, 0, 0, 0
-56, -145, 10, 0, 0, 0, 0, 3, 7840, -160, 2560
-67, -156, 11, 0, 0, 0, 0, 3, 0, 0, 0
-37, -152, 12, 0, 0, 0, 0, 3, 0, 0, 0
-24, -143, 13, 0, 0, 0, 0, 3, 0, 0, 0
-24, -147, 14, 0, 0, 0, 0, 3, 0, 0, 0
-16, -143, 14, 0, 0, 0, 0, 3, 0, 0, 0
-14, -146, 14, 0, 0, 0, 0, 3, 0, 0, 0
-29, -151, 14, 0, 0, 0, 0, 3, 0, 0, 0
-37, -148, 15, 0, 0, 0, 0, 3, 0, 0, 0
-22, -140, 15, 0, 0, 0, 0, 3, 0, 0, 0
3, -129, 15, 0, 0, 0, 0, 3, 7824, -160, 2496
18, -121, 15, 0, 0, 0, 0, 3, 0, 0, 0
9, -129, 14, 0, 0, 0, 0, 3, 0, 0, 0
-10, -139, 13, 0, 0, 0, 0, 3, 0, 0, 0
-24, -146, 12, 0, 0, 0, 0, 3, 0, 0, 0
-24, -146, 12, 0, 0, 0, 0, 3, 0, 0, 0
-13, -148, 10, 0, 0, 0, 0, 3, 0, 0, 0
7, -143, 9, 0, 0, 0, 0, 3, 0, 0, 0
26, -130, 8, 0, 0, 0, 0, 3, 0, 0, 0
16, -126, 8, 0, 0, 0, 0, 3, 0, 0, 0
-16, -133, 8, 0, 0, 0, 0, 3, 0, 0, 0
-10, -140, 8, 0, 0, 0, 0, 3, 7808, -144, 2528
11, -144, 7, 0, 0, 0, 0, 3, 0, 0, 0
6, -137, 7, 0, 0, 0, 0, 3, 0, 0, 0
8, -132, 6, 0, 0, 0, 0, 3, 0, 0, 0
24, -135, 5, 0, 0, 0, 0, 3, 0, 0, 0
35, -135, 5, 0, 0, 0, 0, 3, 0, 0, 0
25, -134, 5, 0, 0, 0, 0, 3, 0, 0, 0
8, -144, 5, 0, 0, 0, 0, 3, 0, 0, 0
0, -139, 4, 0, 0, 0, 0, 3, 0, 0, 0
22, -126, 4, 0, 0, 0, 0, 3, 0, 0, 0
46, -122, 4, 0, 0, 0, 0, 3, 7808, -64, 2480
51, -128, 4, 0, 0, 0, 0, 3, 0, 0, 0
33, -142, 5, 0, 0, 0, 0, 3, 0, 0, 0
17, -137, 7, 0, 0, 0, 0, 3, 0, 0, 0
29, -117, 7, 0, 0, 0, 0, 3, 0, 0, 0
41, -113, 8, 0, 0, 0, 0, 3, 0, 0, 0
31, -121, 9, 0, 0, 0, 0, 3, 0, 0, 0
21, -127, 10, 0, 0, 0, 0, 3, 0, 0, 0
10, -135, 11, 0, 0, 0, 0, 3, 0, 0, 0
15, -142, 12, 0, 0, 0, 0, 3, 0, 0, 0
24, -151, 12, 0, 0, 0, 0, 3, 7840, -144, 2496
17, -161, 12, 0, 0, 0, 0, 3, 0, 0, 0
10, -159, 13, 0, 0, 0, 0, 3, 0, 0, 0
6, -155, 12, 0, 0, 0, 0, 3, 0, 0, 0
-2, -153, 13, 0, 0, 0, 0, 3, 0, 0, 0
-4, -147, 12, 0, 0, 0, 0, 3, 0, 0, 0
7, -141, 12, 0, 0, 0, 0, 3, 0, 0, 0
22, -142, 12, 0, 0, 0, 0, 3, 0, 0, 0
30, -143, 11, 0, 0, 0, 0, 3, 0, 0, 0
23, -151, 11, 0, 0, 0, 0, 3, 0, 0, 0
9, -156, 10, 0, 0, 0, 0, 3, 0, 0, 0
-12, -159, 9, 0, 0, 0, 0, 3, 7856, -176, 2448
-35, -166, 10, 0, 0, 0, 0, 3, 0, 0, 0
-35, -166, 9, 0, 0, 0, 0, 3, 0, 0, 0
-24, -163, 8, 0, 0, 0, 0, 3, 0, 0, 0
-7, -151, 8, 0, 0, 0, 0, 3, 0, 0, 0
13, -150, 8, 0, 0, 0, 0, 3, 0, 0, 0
25, -148, 7, 0, 0, 0, 0, 3, 0, 0, 0
23, -135, 6, 0, 0, 0, 0, 3, 0, 0, 0
19, -126, 5, 0, 0, 0, 0, 3, 0, 0, 0
15, -124, 4, 0, 0, 0, 0, 3, 0, 0, 0
15, -126, 3, 0, 0, 0, 0, 3, 7824, -176, 2448
8, -138, 1, 0, 0, 0, 0, 3, 0, 0, 0
-4, -141, 0, 0, 0, 0, 0, 3, 0, 0, 0
-28, -150, 0, 0, 0, 0, 0, 3, 0, 0, 0
-29, -150, -1, 0, 0, 0, 0, 3, 0, 0, 0
-17, -149, -2, 0, 0, 0, 0, 3, 0, 0, 0
-4, -143, -2, 0, 0, 0, 0, 3, 0, 0, 0
5, -137, -2, 0, 0, 0, 0, 3, 0, 0, 0
9, -135, -1, 0, 0, 0, 0, 3, 0, 0, 0
0, -136, 0, 0, 0, 0, 0, 3, 0, 0, 0
-8, -139, 0, 0, 0, 0, 0, 3, 0, 0, 0
-15, -143, 1, 0, 0, 0, 0, 3, 7792, -80, 2464
-16, -142, 1, 0, 0, 0, 0, 3, 0, 0, 0
-17, -143, 2, 0, 0, 0, 0, 3, 0, 0, 0
-21, -142, 3, 0, 0, 0, 0, 3, 0, 0, 0
-32, -142, 4, 0, 0, 0, 0, 3, 0, 0, 0
-29, -143, 4, 0, 0, 0, 0, 3, 0, 0, 0
-25, -145, 4, 0, 0, 0, 0, 3, 0, 0, 0
-27, -143, 4, 0, 0, 0, 0, 3, 0, 0, 0
-12, -129, 4, 0, 0, 0, 0, 3, 0, 0, 0
5, -117, 4, 0, 0, 0, 0, 3, 7840, -144, 2480
6, -117, 4, 0, 0, 0, 0, 3, 0, 0, 0
0, -128, 4, 0, 0, 0, 0, 3, 0, 0, 0
-10, -134, 4, 0, 0, 0, 0, 3, 0, 0, 0
-25, -139, 4, 0, 0, 0, 0, 3, 0, 0, 0
-34, -147, 4, 0, 0, 0, 0, 3, 0, 0, 0
-39, -153, 4, 0, 0, 0, 0, 3, 0, 0, 0
-32, -148, 3, 0, 0, 0, 0, 3, 0, 0, 0
-23, -135, 3, 0, 0, 0, 0, 3, 0, 0, 0
-27, -125, 2, 0, 0, 0, 0, 3, 0, 0, 0
-40, -130, 2, 0, 0, 0, 0, 3, 0, 0, 0
-35, -137, 1, 0, 0, 0, 0, 3, 0, 0, 0
-34, -142, 1, 0, 0, 0, 0, 3, 7776, -112, 2464
-34, -138, 2, 0, 0, 0, 0, 3, 0, 0, 0
-34, -135, 4, 0, 0, 0, 0, 3, 0, 0, 0
-30, -138, 5, 0, 0, 0, 0, 3, 0, 0, 0
-31, -135, 7, 0, 0, 0, 0, 3, 0, 0, 0
-43, -138, 10, 0, 0, 0, 0, 3, 0, 0, 0
-50, -139, 12, 0, 0, 0, 0, 3, 0, 0, 0
-46, -131, 14, 0, 0, 0, 0, 3, 0, 0, 0
-37, -131, 16, 0, 0, 0, 0, 3, 0, 0, 0
-36, -134, 19, 0, 0, 0, 0, 3, 7872, -112, 2416
-42, -132, 20, 0, 0, 0, 0, 3, 0, 0, 0
-43, -135, 22, 0, 0, 0, 0, 3, 0, 0, 0
-39, -143, 23, 0, 0, 0, 0, 3, 0, 0, 0
-34, -142, 25, 0, 0, 0, 0, 3, 0, 0, 0
-35, -133, 25, 0, 0, 0, 0, 3, 0, 0, 0
-42, -127, 26, 0, 0, 0, 0, 3, 0, 0, 0
-39, -122, 27, 0, 0, 0, 0, 3, 0, 0, 0
-43, -125, 27, 0, 0, 0, 0, 3, 0, 0, 0
-61, -133, 28, 0, 0, 0, 0, 3, 0, 0, 0
-58, -131, 29, 0, 0, 0, 0, 3, 7808, -112, 0
-59, -131, 31, 0, 0, 0, 0, 3, 0, 0, 2448
-39, -130, 33, 0, 0, 0, 0, 3, 0, 0, 0
-21, -125, 35, 0, 0, 0, 0, 3, 0, 0, 0
-16, -114, 36, 0, 0, 0, 0, 3, 0, 0, 0
-18, -103, 38, 0, 0, 0, 0, 3, 0, 0, 0
-29, -107, 39, 0, 0, 0, 0, 3, 0, 0, 0
-41, -118, 41, 0, 0, 0, 0, 3, 0, 0, 0
-58, -127, 41, 0, 0, 0, 0, 3, 0, 0, 0
-77, -134, 42, 0, 0, 0, 0, 3, 0, 0, 0
-76, -139, 42, 0, 0, 0, 0, 3, 7840, -96, 2432
-58, -132, 42, 0, 0, 0, 0, 3, 0, 0, 0
-51, -125, 42, 0, 0, 0, 0, 3, 0, 0, 0
-58, -128, 41, 0, 0, 0, 0, 3, 0, 0, 0
-65, -135, 40, 0, 0, 0, 0, 3, 0, 0, 0
-61, -137, 38, 0, 0, 0, 0, 3, 0, 0, 0
-69, -137, 37, 0, 0, 0, 0, 3, 0, 0, 0
-66, -130, 36, 0, 0, 0, 0, 3, 0, 0, 0
-71, -128, 36, 0, 0, 0, 0, 3, 0, 0, 0
-104, -138, 35, 0, 0, 0, 0, 3, 0, 0, 0
-95, -136, 35, 0, 0, 0, 0, 3, 0, 0, 0
-74, -131, 35, 0, 0, 0, 0, 3, 7840, -64, 0
-52, -126, 35, 0, 0, 0, 0, 3, 0, 0, 2320
-36, -118, 34, 0, 0, 0, 0, 3, 0, 0, 0
-36, -114, 34, 0, 0, 0, 0, 3, 0, 0, 0
-53, -117, 34, 0, 0, 0, 0, 3, 0, 0, 0
-65, -109, 33, 0, 0, 0, 0, 3, 0, 0, 0
-58, -103, 32, 0, 0, 0, 0, 3, 0, 0, 0
-50, -104, 30, 0, 0, 0, 0, 3, 0, 0, 0
-47, -108, 29, 0, 0, 0, 0, 3, 0, 0, 0
-50, -116, 28, 0, 0, 0, 0, 3, 0, 0, 0
-57, -122, 27, 0, 0, 0, 0, 3, 7808, -128, 2368
-64, -124, 25, 0, 0, 0, 0, 3, 0, 0, 0
-68, -130, 24, 0, 0, 0, 0, 3, 0, 0, 0
-72, -129, 22, 0, 0, 0, 0, 3, 0, 0, 0
-63, -122, 21, 0, 0, 0, 0, 3, 0, 0, 0
-48, -113, 19, 0, 0, 0, 0, 3, 0, 0, 0
-45, -109, 18, 0, 0, 0, 0, 3, 0, 0, 0
-63, -109, 16, 0, 0, 0, 0, 3, 0, 0, 0
-67, -106, 14, 0, 0, 0, 0, 3, 0, 0, 0
-47, -96, 12, 0, 0, 0, 0, 3, 0, 0, 0
-35, -90, 12, 0, 0, 0, 0, 3, 7792, -96, 2352
-43, -95, 11, 0, 0, 0, 0, 3, 0, 0, 0
-51, -104, 11, 0, 0, 0, 0, 3, 0, 0, 0
-53, -112, 11, 0, 0, 0, 0, 3, 0, 0, 0
-55, -104, 11, 0, 0, 0, 0, 3, 0, 0, 0
-54, -97, 12, 0, 0, 0, 0, 3, 0, 0, 0
-46, -93, 12, 0, 0, 0, 0, 3, 0, 0, 0
-40, -90, 13, 0, 0, 0, 0, 3, 0, 0, 0
-41, -88, 13, 0, 0, 0, 0, 3, 0, 0, 0
-47, -90, 13, 0, 0, 0, 0, 3, 0, 0, 0
-51, -98, 13, 0, 0, 0, 0, 3, 7792, -80, 2384
-50, -98, 14, 0, 0, 0, 0, 3, 0, 0, 0
-42, -82, 14, 0, 0, 0, 0, 3, 0, 0, 0
-44, -70, 13, 0, 0, 0, 0, 3, 0, 0, 0
-63, -75, 14, 0, 0, 0, 0, 3, 0, 0, 0
-77, -86, 13, 0, 0, 0, 0, 3, 0, 0, 0
-46, -86, 13, 0, 0, 0, 0, 3, 0, 0, 0
-17, -69, 12, 0, 0, 0, 0, 3, 0, 0, 0
-15, -63, 13, 0, 0, 0, 0, 3, 0, 0, 0
-21, -69, 12, 0, 0, 0, 0, 3, 0, 0, 0
-23, -81, 12, 0, 0, 0, 0, 3, 0, 0, 0
-28, -83, 12, 0, 0, 0, 0, 3, 7808, -64, 2400
-34, -69, 12, 0, 0, 0, 0, 3, 0, 0, 0
-43, -66, 10, 0, 0, 0, 0, 3, 0, 0, 0
-53, -81, 10, 0, 0, 0, 0, 3, 0, 0, 0
-49, -90, 9, 0, 0, 0, 0, 3, 0, 0, 0
-46, -77, 8, 0, 0, 0, 0, 3, 0, 0, 0
-37, -61, 7, 0, 0, 0, 0, 3, 0, 0, 0
-25, -54, 6, 0, 0, 0, 0, 3, 0, 0, 0
-19, -53, 6, 0, 0, 0, 0, 3, 0, 0, 0
-32, -63, 5, 0, 0, 0, 0, 3, 0, 0, 0
-45, -73, 5, 0, 0, 0, 0, 3, 7808, -16, 2336
-50, -80, 4, 0, 0, 0, 0, 3, 0, 0, 0
-47, -80, 4, 0, 0, 0, 0, 3, 0, 0, 0
-40, -75, 3, 0, 0, 0, 0, 3, 0, 0, 0
-52, -81, 3, 0, 0, 0, 0, 3, 0, 0, 0
-59, -80, 2, 0, 0, 0, 0, 3, 0, 0, 0
-45, -64, 2, 0, 0, 0, 0, 3, 0, 0, 0
-32, -49, 1, 0, 0, 0, 0, 3, 0, 0, 0
-31, -45, 0, 0, 0, 0, 0, 3, 0, 0, 0
-40, -52, 0, 0, 0, 0, 0, 3, 0, 0, 0
-40, -61, 1, 0, 0, 0, 0, 3, 7792, 16, 2320
-35, -63, 2, 0, 0, 0, 0, 3, 0, 0, 0
-32, -63, 2, 0, 0, 0, 0, 3, 0, 0, 0
-29, -59, 3, 0, 0, 0, 0, 3, 0, 0, 0
-26, -54, 4, 0, 0, 0, 0, 3, 0, 0, 0
-17, -50, 5, 0, 0, 0, 0, 3, 0, 0, 0
-13, -44, 6, 0, 0, 0, 0, 3, 0, 0, 0
-26, -41, 7, 0, 0, 0, 0, 3, 0, 0, 0
-35, -46, 8, 0, 0, 0, 0, 3, 0, 0, 0
-37, -59, 9, 0, 0, 0, 0, 3, 0, 0, 0
-39, -65, 10, 0, 0, 0, 0, 3, 0, 0, 0
-46, -69, 11, 0, 0, 0, 0, 3, 7792, 32, 2368
-59, -74, 11, 0, 0, 0, 0, 3, 0, 0, 0
-70, -72, 11, 0, 0, 0, 0, 3, 0, 0, 0
-61, -63, 12, 0, 0, 0, 0, 3, 0, 0, 0
-39, -55, 12, 0, 0, 0, 0, 3, 0, 0, 0
-28, -56, 12, 0, 0, 0, 0, 3, 0, 0, 0
-24, -61, 12, 0, 0, 0, 0, 3, 0, 0, 0
-27, -65, 12, 0, 0, 0, 0, 3, 0, 0, 0
-40, -63, 12, 0, 0, 0, 0, 3, 0, 0, 0
-47, -56, 12, 0, 0, 0, 0, 3, 0, 0, 0
-43, -53, 11, 0, 0, 0, 0, 3, 7856, 32, 2352
-36, -46, 12, 0, 0, 0, 0, 3, 0, 0, 0
-33, -44, 11, 0, 0, 0, 0, 3, 0, 0, 0
-28, -48, 11, 0, 0, 0, 0, 3, 0, 0, 0
-16, -49, 10, 0, 0, 0, 0, 3, 0, 0, 0
-6, -45, 9, 0, 0, 0, 0, 3, 0, 0, 0
-7, -42, 8, 0, 0, 0, 0, 3, 0, 0, 0
-13, -41, 7, 0, 0, 0, 0, 3, 0, 0, 0
-12, -42, 5, 0, 0, 0, 0, 3, 0, 0, 0
-15, -51, 4, 0, 0, 0, 0, 3, 0, 0, 0
-19, -52, 2, 0, 0, 0, 0, 3, 7888, 0, 2352
-35, -45, 1, 0, 0, 0, 0, 3, 0, 0, 0
-42, -37, 0, 0, 0, 0, 0, 3, 0, 0, 0
-28, -34, 0, 0, 0, 0, 0, 3, 0, 0, 0
-8, -28, 0, 0, 0, 0, 0, 3, 0, 0, 0
-6, -24, -1, 0, 0, 0, 0, 3, 0, 0, 0
-16, -28, 0, 0, 0, 0, 0, 3, 0, 0, 0
-13, -36, 0, 0, 0, 0, 0, 3, 0, 0, 0
0, -38, 0, 0, 0, 0, 0, 3, 0, 0, 0
6, -36, 0, 0, 0, 0, 0, 3, 0, 0, 0
1, -33, 0, 0, 0, 0, 0, 3, 7840, 16, 2368
-16, -37, 1, 0, 0, 0, 0, 3, 0, 0, 0
-22, -34, 1, 0, 0, 0, 0, 3, 0, 0, 0
-12, -29, 2, 0, 0, 0, 0, 3, 0, 0, 0
-2, -26, 2, 0, 0, 0, 0, 3, 0, 0, 0
-1, -23, 2, 0, 0, 0, 0, 3, 0, 0, 0
-8, -27, 1, 0, 0, 0, 0, 3, 0, 0, 0
-8, -35, 1, 0, 0, 0, 0, 3, 0, 0, 0
-5, -37, 0, 0, 0, 0, 0, 3, 0, 0, 0
-8, -35, 0, 0, 0, 0, 0, 3, 0, 0, 0
-21, -36, 0, 0, 0, 0, 0, 3, 0, 0, 0
-19, -26, 0, 0, 0, 0, 0, 3, 7856, 32, 0
-6, -22, 0, 0, 0, 0, 0, 3, 0, 0, 2352
8, -21, 0, 0, 0, 0, 0, 3, 0, 0, 0
1, -20, 1, 0, 0, 0, 0, 3, 0, 0, 0
-15, -24, 2, 0, 0, 0, 0, 3, 0, 0, 0
-24, -32, 3, 0, 0, 0, 0, 3, 0, 0, 0
-12, -29, 3, 0, 0, 0, 0, 3, 0, 0, 0
9, -18, 4, 0, 0, 0, 0, 3, 0, 0, 0
19, -17, 4, 0, 0, 0, 0, 3, 0, 0, 0
5, -28, 5, 0, 0, 0, 0, 3, 0, 0, 0
-13, -30, 5, 0, 0, 0, 0, 3, 7808, 16, 2400
-18, -26, 6, 0, 0, 0, 0, 3, 0, 0, 0
-15, -28, 6, 0, 0, 0, 0, 3, 0, 0, 0
-16, -34, 7, 0, 0, 0, 0, 3, 0, 0, 0
-11, -39, 7, 0, 0, 0, 0, 3, 0, 0, 0
-13, -37, 8, 0, 0, 0, 0, 3, 0, 0, 0
-11, -29, 8, 0, 0, 0, 0, 3, 0, 0, 0
-8, -26, 9, 0, 0, 0, 0, 3, 0, 0, 0
1, -27, 10, 0, 0, 0, 0, 3, 0, 0, 0
-2, -28, 12, 0, 0, 0, 0, 3, 0, 0, 0
-14, -29, 13, 0, 0, 0, 0, 3, 7840, 32, 0
-16, -25, 14, 0, 0, 0, 0, 3, 0, 0, 2400
-9, -25, 15, 0, 0, 0, 0, 3, 0, 0, 0
-5, -31, 16, 0, 0, 0, 0, 3, 0, 0, 0
-16, -36, 18, 0, 0, 0, 0, 3, 0, 0, 0
-28, -32, 19, 0, 0, 0, 0, 3, 0, 0, 0
-22, -30, 21, 0, 0, 0, 0, 3, 0, 0, 0
-13, -33, 21, 0, 0, 0, 0, 3, 0, 0, 0
-2, -30, 22, 0, 0, 0, 0, 3, 0, 0, 0
7, -21, 22, 0, 0, 0, 0, 3, 0, 0, 0
7, -18, 23, 0, 0, 0, 0, 3, 7808, 32, 2352
4, -25, 24, 0, 0, 0, 0, 3, 0, 0, 0
-3, -24, 25, 0, 0, 0, 0, 3, 0, 0, 0
-12, -20, 26, 0, 0, 0, 0, 3, 0, 0, 0
-8, -26, 26, 0, 0, 0, 0, 3, 0, 0, 0
0, -24, 27, 0, 0, 0, 0, 3, 0, 0, 0
7, -21, 28, 0, 0, 0, 0, 3, 0, 0, 0
12, -25, 29, 0, 0, 0, 0, 3, 0, 0, 0
9, -28, 29, 0, 0, 0, 0, 3, 0, 0, 0
0, -22, 29, 0, 0, 0, 0, 3, 0, 0, 0
-4, -14, 29, 0, 0, 0, 0, 3, 0, 0, 0
-12, -12, 29, 0, 0, 0, 0, 3, 7808, 48, 2480
-11, -14, 29, 0, 0, 0, 0, 3, 0, 0, 0
0, -17, 29, 0, 0, 0, 0, 3, 0, 0, 0
11, -19, 29, 0, 0, 0, 0, 3, 0, 0, 0
14, -18, 29, 0, 0, 0, 0, 3, 0, 0, 0
2, -25, 28, 0, 0, 0, 0, 3, 0, 0, 0
-8, -31, 27, 0, 0, 0, 0, 3, 0, 0, 0
-10, -25, 25, 0, 0, 0, 0, 3, 0, 0, 0
-18, -21, 24, 0, 0, 0, 0, 3, 0, 0, 0
-25, -21, 23, 0, 0, 0, 0, 3, 0, 0, 0
-18, -25, 21, 0, 0, 0, 0, 3, 7808, 48, 2464
0, -36, 21, 0, 0, 0, 0, 3, 0, 0, 0
8, -32, 20, 0, 0, 0, 0, 3, 0, 0, 0
-7, -21, 20, 0, 0, 0, 0, 3, 0, 0, 0
-21, -16, 20, 0, 0, 0, 0, 3, 0, 0, 0
-12, -20, 20, 0, 0, 0, 0, 3, 0, 0, 0
-3, -21, 20, 0, 0, 0, 0, 3, 0, 0, 0
-13, -17, 20, 0, 0, 0, 0, 3, 0, 0, 0
-31, -24, 20, 0, 0, 0, 0, 3, 0, 0, 0
-12, -26, 19, 0, 0, 0, 0, 3, 0, 0, 0
10, -22, 19, 0, 0, 0, 0, 3, 0, 0, 0
13, -18, 18, 0, 0, 0, 0, 3, 7872, 96, 2336
9, -19, 17, 0, 0, 0, 0, 3, 0, 0, 0
8, -22, 16, 0, 0, 0, 0, 3, 0, 0, 0
4, -23, 16, 0, 0, 0, 0, 3, 0, 0, 0
-6, -29, 15, 0, 0, 0, 0, 3, 0, 0, 0
-21, -33, 15, 0, 0, 0, 0, 3, 0, 0, 0
-31, -29, 14, 0, 0, 0, 0, 3, 0, 0, 0
-34, -21, 13, 0, 0, 0, 0, 3, 0, 0, 0
-23, -19, 12, 0, 0, 0, 0, 3, 0, 0, 0
-2, -23, 11, 0, 0, 0, 0, 3, 7792, 112, 2320
8, -25, 10, 0, 0, 0, 0, 3, 0, 0, 0
-2, -31, 9, 0, 0, 0, 0, 3, 0, 0, 0
-16, -28, 8, 0, 0, 0, 0, 3, 0, 0, 0
-22, -28, 8, 0, 0, 0, 0, 3, 0, 0, 0
-18, -33, 8, 0, 0, 0, 0, 3, 0, 0, 0
-7, -26, 8, 0, 0, 0, 0, 3, 0, 0, 0
-8, -22, 8, 0, 0, 0, 0, 3, 0, 0, 0
-8, -17, 8, 0, 0, 0, 0, 3, 0, 0, 0
0, -7, 9, 0, 0, 0, 0, 3, 0, 0, 0
6, -4, 10, 0, 0, 0, 0, 3, 0, 0, 0
6, -8, 11, 0, 0, 0, 0, 3, 7792, 112, 0
11, -9, 12, 0, 0, 0, 0, 3, 0, 0, 2320
15, -3, 12, 0, 0, 0, 0, 3, 0, 0, 0
12, 3, 13, 0, 0, 0, 0, 3, 0, 0, 0
19, 7, 13, 0, 0, 0, 0, 3, 0, 0, 0
18, 2, 13, 0, 0, 0, 0, 3, 0, 0, 0
12, -5, 12, 0, 0, 0, 0, 3, 0, 0, 0
8, -7, 13, 0, 0, 0, 0, 3, 0, 0, 0
24, -6, 13, 0, 0, 0, 0, 3, 0, 0, 0
34, 3, 13, 0, 0, 0, 0, 3, 0, 0, 0
37, 13, 12, 0, 0, 0, 0, 3, 7760, 96, 2368
36, 14, 12, 0, 0, 0, 0, 3, 0, 0, 0
30, 10, 11, 0, 0, 0, 0, 3, 0, 0, 0
25, 3, 11, 0, 0, 0, 0, 3, 0, 0, 0
25, -2, 9, 0, 0, 0, 0, 3, 0, 0, 0
18, -4, 9, 0, 0, 0, 0, 3, 0, 0, 0
1, -3, 8, 0, 0, 0, 0, 3, 0, 0, 0
0, -4, 8, 0, 0, 0, 0, 3, 0, 0, 0
13, -8, 8, 0, 0, 0, 0, 3, 0, 0, 0
16, -8, 9, 0, 0, 0, 0, 3, 0, 0, 0
8, -8, 9, 0, 0, 0, 0, 3, 7840, 64, 2352
9, -13, 10, 0, 0, 0, 0, 3, 0, 0, 0
16, -14, 10, 0, 0, 0, 0, 3, 0, 0, 0
24, -8, 9, 0, 0, 0, 0, 3, 0, 0, 0
23, 1, 9, 0, 0, 0, 0, 3, 0, 0, 0
0, -5, 8, 0, 0, 0, 0, 3, 0, 0, 0
-9, -8, 8, 0, 0, 0, 0, 3, 0, 0, 0
15, 5, 8, 0, 0, 0, 0, 3, 0, 0, 0
33, 17, 8, 0, 0, 0, 0, 3, 0, 0, 0
32, 20, 7, 0, 0, 0, 0, 3, 0, 0, 0
28, 14, 7, 0, 0, 0, 0, 3, 7840, 96, 2448
31, 10, 6, 0, 0, 0, 0, 3, 0, 0, 0
34, 2, 6, 0, 0, 0, 0, 3, 0, 0, 0
22, -6, 7, 0, 0, 0, 0, 3, 0, 0, 0
11, -13, 8, 0, 0, 0, 0, 3, 0, 0, 0
0, -19, 8, 0, 0, 0, 0, 3, 0, 0, 0
-16, -18, 9, 0, 0, 0, 0, 3, 0, 0, 0
-21, -11, 10, 0, 0, 0, 0, 3, 0, 0, 0
-12, -5, 10, 0, 0, 0, 0, 3, 0, 0, 0
2, 0, 12, 0, 0, 0, 0, 3, 0, 0, 0
2, -1, 12, 0, 0, 0, 0, 3, 0, 0, 0
-5, -8, 12, 0, 0, 0, 0, 3, 7872, 80, 2464
2, -19, 12, 0, 0, 0, 0, 3, 0, 0, 0
14, -16, 12, 0, 0, 0, 0, 3, 0, 0, 0
15, -3, 12, 0, 0, 0, 0, 3, 0, 0, 0
12, 0, 12, 0, 0, 0, 0, 3, 0, 0, 0
12, 2, 12, 0, 0, 0, 0, 3, 0, 0, 0
12, 5, 12, 0, 0, 0, 0, 3, 0, 0, 0
13, 4, 11, 0, 0, 0, 0, 3, 0, 0, 0
16, 4, 10, 0, 0, 0, 0, 3, 0, 0, 0
16, 5, 9, 0, 0, 0, 0, 3, 0, 0, 0
0, -1, 8, 0, 0, 0, 0, 3, 7872, 48, 2464
-16, -11, 8, 0, 0, 0, 0, 3, 0, 0, 0
-7, -8, 7, 0, 0, 0, 0, 3, 0, 0, 0
15, 0, 7, 0, 0, 0, 0, 3, 0, 0, 0
25, 3, 7, 0, 0, 0, 0, 3, 0, 0, 0
20, 4, 8, 0, 0, 0, 0, 3, 0, 0, 0
12, 3, 7, 0, 0, 0, 0, 3, 0, 0, 0
4, -2, 7, 0, 0, 0, 0, 3, 0, 0, 0
0, -9, 8, 0, 0, 0, 0, 3, 0, 0, 0
-7, -15, 8, 0, 0, 0, 0, 3, 0, 0, 0
-5, -19, 8, 0, 0, 0, 0, 3, 7760, 32, 2464
2, -20, 8, 0, 0, 0, 0, 3, 0, 0, 0
-3, -24, 8, 0, 0, 0, 0, 3, 0, 0, 0
-13, -16, 8, 0, 0, 0, 0, 3, 0, 0, 0
-6, -15, 8, 0, 0, 0, 0, 3, 0, 0, 0
3, -16, 7, 0, 0, 0, 0, 3, 0, 0, 0
8, -12, 7, 0, 0, 0, 0, 3, 0, 0, 0
-5, -14, 7, 0, 0, 0, 0, 3, 0, 0, 0
-10, -13, 7, 0, 0, 0, 0, 3, 0, 0, 0
-2, -10, 7, 0, 0, 0, 0, 3, 0, 0, 0
2, -8, 7, 0, 0, 0, 0, 3, 0, 0, 0
-4, -15, 7, 0, 0, 0, 0, 3, 7728, 48, 2480
-17, -24, 7, 0, 0, 0, 0, 3, 0, 0, 0
-19, -24, 6, 0, 0, 0, 0, 3, 0, 0, 0
-13, -21, 6, 0, 0, 0, 0, 3, 0, 0, 0
-7, -21, 6, 0, 0, 0, 0, 3, 0, 0, 0
-6, -18, 6, 0, 0, 0, 0, 3, 0, 0, 0
-3, -11, 6, 0, 0, 0, 0, 3, 0, 0, 0
3, -8, 5, 0, 0, 0, 0, 3, 0, 0, 0
8, -11, 5, 0, 0, 0, 0, 3, 0, 0, 0
12, -18, 5, 0, 0, 0, 0, 3, 0, 0, 0
4, -18, 5, 0, 0, 0, 0, 3, 7776, 80, 2432
-12, -14, 5, 0, 0, 0, 0, 3, 0, 0, 0
-14, -12, 5, 0, 0, 0, 0, 3, 0, 0, 0
-7, -16, 5, 0, 0, 0, 0, 3, 0, 0, 0
0, -22, 5, 0, 0, 0, 0, 3, 0, 0, 0
4, -27, 5, 0, 0, 0, 0, 3, 0, 0, 0
8, -24, 6, 0, 0, 0, 0, 3, 0, 0, 0
8, -16, 6, 0, 0, 0, 0, 3, 0, 0, 0
5, -14, 7, 0, 0, 0, 0, 3, 0, 0, 0
-6, -13, 8, 0, 0, 0, 0, 3, 0, 0, 0
-7, -12, 8, 0, 0, 0, 0, 3, 7776, 80, 0
2, -16, 8, 0, 0, 0, 0, 3, 0, 0, 2480
7, -22, 9, 0, 0, 0, 0, 3, 0, 0, 0
5, -22, 10, 0, 0, 0, 0, 3, 0, 0, 0
2, -13, 11, 0, 0, 0, 0, 3, 0, 0, 0
-7, -12, 12, 0, 0, 0, 0, 3, 0, 0, 0
-15, -19, 13, 0, 0, 0, 0, 3, 0, 0, 0
-20, -31, 14, 0, 0, 0, 0, 3, 0, 0, 0
-31, -36, 14, 0, 0, 0, 0, 3, 0, 0, 0
-32, -28, 14, 0, 0, 0, 0, 3, 0, 0, 0
-19, -19, 15, 0, 0, 0, 0, 3, 7760, 112, 2448
-7, -17, 15, 0, 0, 0, 0, 3, 0, 0, 0
0, -24, 16, 0, 0, 0, 0, 3, 0, 0, 0
-13, -24, 16, 0, 0, 0, 0, 3, 0, 0, 0
-33, -26, 17, 0, 0, 0, 0, 3, 0, 0, 0
-25, -26, 17, 0, 0, 0, 0, 3, 0, 0, 0
-7, -30, 18, 0, 0, 0, 0, 3, 0, 0, 0
4, -35, 18, 0, 0, 0, 0, 3, 0, 0, 0
2, -35, 19, 0, 0, 0, 0, 3, 0, 0, 0
-2, -29, 20, 0, 0, 0, 0, 3, 0, 0, 0
-14, -18, 21, 0, 0, 0, 0, 3, 0, 0, 0
-16, -16, 23, 0, 0, 0, 0, 3, 7728, 128, 0
-18, -25, 24, 0, 0, 0, 0, 3, 0, 0, 2448
-26, -28, 25, 0, 0, 0, 0, 3, 0, 0, 0
-33, -29, 27, 0, 0, 0, 0, 3, 0, 0, 0
-39, -31, 29, 0, 0, 0, 0, 3, 0, 0, 0
-37, -36, 30, 0, 0, 0, 0, 3, 0, 0, 0
-15, -28, 31, 0, 0, 0, 0, 3, 0, 0, 0
6, -10, 32, 0, 0, 0, 0, 3, 0, 0, 0
2, -3, 33, 0, 0, 0, 0, 3, 0, 0, 0
-13, 0, 33, 0, 0, 0, 0, 3, 0, 0, 0
1, 6, 33, 0, 0, 0, 0, 3, 7744, 96, 2480
22, 11, 33, 0, 0, 0, 0, 3, 0, 0, 0
32, 11, 33, 0, 0, 0, 0, 3, 0, 0, 0
28, 9, 33, 0, 0, 0, 0, 3, 0, 0, 0
21, 12, 33, 0, 0, 0, 0, 3, 0, 0, 0
15, 14, 33, 0, 0, 0, 0, 3, 0, 0, 0
8, 17, 32, 0, 0, 0, 0, 3, 0, 0, 0
4, 16, 31, 0, 0, 0, 0, 3, 0, 0, 0
5, 12, 30, 0, 0, 0, 0, 3, 0, 0, 0
8, 5, 29, 0, 0, 0, 0, 3, 0, 0, 0
7, 1, 27, 0, 0, 0, 0, 3, 7776, 96, 2480
5, -2, 26, 0, 0, 0, 0, 3, 0, 0, 0
-7, -6, 24, 0, 0, 0, 0, 3, 0, 0, 0
-15, -4, 23, 0, 0, 0, 0, 3, 0, 0, 0
-1, 0, 21, 0, 0, 0, 0, 3, 0, 0, 0
12, 2, 20, 0, 0, 0, 0, 3, 0, 0, 0
16, 1, 18, 0, 0, 0, 0, 3, 0, 0, 0
8, -4, 17, 0, 0, 0, 0, 3, 0, 0, 0
-7, -14, 15, 0, 0, 0, 0, 3, 0, 0, 0
-25, -29, 14, 0, 0, 0, 0, 3, 0, 0, 0
-21, -29, 12, 0, 0, 0, 0, 3, 7776, 96, 2560
0, -5, 11, 0, 0, 0, 0, 3, 0, 0, 0
8, 10, 10, 0, 0, 0, 0, 3, 0, 0, 0
3, 7, 9, 0, 0, 0, 0, 3, 0, 0, 0
-7, -1, 10, 0, 0, 0, 0, 3, 0, 0, 0
-6, -9, 10, 0, 0, 0, 0, 3, 0, 0, 0
-9, -17, 10, 0, 0, 0, 0, 3, 0, 0, 0
-21, -23, 10, 0, 0, 0, 0, 3, 0, 0, 0
-28, -23, 10, 0, 0, 0, 0, 3, 0, 0, 0
-13, -16, 10, 0, 0, 0, 0, 3, 0, 0, 0
11, 0, 11, 0, 0, 0, 0, 3, 0, 0, 0
25, 7, 11, 0, 0, 0, 0, 3, 7744, 96, 2496
22, 7, 11, 0, 0, 0, 0, 3, 0, 0, 0
12, 4, 11, 0, 0, 0, 0, 3, 0, 0, 0
-9, -4, 11, 0, 0, 0, 0, 3, 0, 0, 0
-24, -20, 11, 0, 0, 0, 0, 3, 0, 0, 0
-10, -16, 11, 0, 0, 0, 0, 3, 0, 0, 0
4, -3, 10, 0, 0, 0, 0, 3, 0, 0, 0
-1, 2, 10, 0, 0, 0, 0, 3, 0, 0, 0
-7, -4, 11, 0, 0, 0, 0, 3, 0, 0, 0
1, -4, 11, 0, 0, 0, 0, 3, 0, 0, 0
3, 1, 11, 0, 0, 0, 0, 3, 7776, 128, 2496
-2, -4, 11, 0, 0, 0, 0, 3, 0, 0, 0
-11, -19, 11, 0, 0, 0, 0, 3, 0, 0, 0
-15, -27, 11, 0, 0, 0, 0, 3, 0, 0, 0
-15, -12, 12, 0, 0, 0, 0, 3, 0, 0, 0
-8, 4, 12, 0, 0, 0, 0, 3, 0, 0, 0
-1, 11, 12, 0, 0, 0, 0, 3, 0, 0, 0
-5, 6, 12, 0, 0, 0, 0, 3, 0, 0, 0
-10, -11, 12, 0, 0, 0, 0, 3, 0, 0, 0
-12, -25, 12, 0, 0, 0, 0, 3, 0, 0, 0
-7, -18, 12, 0, 0, 0, 0, 3, 7728, 144, 2464
-2, -5, 12, 0, 0, 0, 0, 3, 0, 0, 0
-15, -2, 12, 0, 0, 0, 0, 3, 0, 0, 0
-29, -4, 12, 0, 0, 0, 0, 3, 0, 0, 0
-11, -1, 11, 0, 0, 0, 0, 3, 0, 0, 0
4, 0, 12, 0, 0, 0, 0, 3, 0, 0, 0
8, -3, 11, 0, 0, 0, 0, 3, 0, 0, 0
4, -3, 12, 0, 0, 0, 0, 3, 0, 0, 0
-9, -3, 11, 0, 0, 0, 0, 3, 0, 0, 0
-16, -5, 11, 0, 0, 0, 0, 3, 0, 0, 0
-33, -10, 11, 0, 0, 0, 0, 3, 0, 0, 0
-32, -10, 11, 0, 0, 0, 0, 3, 7824, 160, 2448
1, -8, 11, 0, 0, 0, 0, 3, 0, 0, 0
25, -2, 10, 0, 0, 0, 0, 3, 0, 0, 0
27, 8, 10, 0, 0, 0, 0, 3, 0, 0, 0
19, 14, 9, 0, 0, 0, 0, 3, 0, 0, 0
19, 18, 9, 0, 0, 0, 0, 3, 0, 0, 0
23, 16, 8, 0, 0, 0, 0, 3, 0, 0, 0
20, 8, 8, 0, 0, 0, 0, 3, 0, 0, 0
5, -3, 8, 0, 0, 0, 0, 3, 0, 0, 0
-12, -11, 8, 0, 0, 0, 0, 3, 0, 0, 0
-15, -11, 6, 0, 0, 0, 0, 3, 7824, 128, 2480
-19, -15, 6, 0, 0, 0, 0, 3, 0, 0, 0
-24, -19, 5, 0, 0, 0, 0, 3, 0, 0, 0
-19, -10, 5, 0, 0, 0, 0, 3, 0, 0, 0
-9, 0, 6, 0, 0, 0, 0, 3, 0, 0, 0
-2, 4, 6, 0, 0, 0, 0, 3, 0, 0, 0
-5, -4, 6, 0, 0, 0, 0, 3, 0, 0, 0
-11, -7, 7, 0, 0, 0, 0, 3, 0, 0, 0
-12, -2, 8, 0, 0, 0, 0, 3, 0, 0, 0
-9, 0, 8, 0, 0, 0, 0, 3, 0, 0, 0
-4, -2, 8, 0, 0, 0, 0, 3, 0, 0, 0
5, -6, 8, 0, 0, 0, 0, 3, 7792, 112, 2464
9, -7, 9, 0, 0, 0, 0, 3, 0, 0, 0
2, -8, 9, 0, 0, 0, 0, 3, 0, 0, 0
-8, -10, 10, 0, 0, 0, 0, 3, 0, 0, 0
-20, -13, 10, 0, 0, 0, 0, 3, 0, 0, 0
-22, -11, 11, 0, 0, 0, 0, 3, 0, 0, 0
-10, -1, 11, 0, 0, 0, 0, 3, 0, 0, 0
0, 8, 12, 0, 0, 0, 0, 3, 0, 0, 0
8, 12, 12, 0, 0, 0, 0, 3, 0, 0, 0
11, 7, 12, 0, 0, 0, 0, 3, 7808, 64, 2448
8, -3, 12, 0, 0, 0, 0, 3, 0, 0, 0
-1, -12, 12, 0, 0, 0, 0, 3, 0, 0, 0
-16, -15, 12, 0, 0, 0, 0, 3, 0, 0, 0
-24, -14, 11, 0, 0, 0, 0, 3, 0, 0, 0
-24, -12, 11, 0, 0, 0, 0, 3, 0, 0, 0
-8, -2, 9, 0, 0, 0, 0, 3, 0, 0, 0
9, 9, 8, 0, 0, 0, 0, 3, 0, 0, 0
20, 12, 7, 0, 0, 0, 0, 3, 0, 0, 0
11, 4, 6, 0, 0, 0, 0, 3, 0, 0, 0
-5, -6, 4, 0, 0, 0, 0, 3, 0, 0, 0
-8, -8, 3, 0, 0, 0, 0, 3, 0, 0, 0
-8, 1, 3, 0, 0, 0, 0, 3, 7792, 96, 2432
-10, 4, 3, 0, 0, 0, 0, 3, 0, 0, 0
-13, -2, 3, 0, 0, 0, 0, 3, 0, 0, 0
-16, -10, 4, 0, 0, 0, 0, 3, 0, 0, 0
-2, -3, 4, 0, 0, 0, 0, 3, 0, 0, 0
9, 2, 4, 0, 0, 0, 0, 3, 0, 0, 0
2, 0, 5, 0, 0, 0, 0, 3, 0, 0, 0
-13, -3, 5, 0, 0, 0, 0, 3, 0, 0, 0
-16, -6, 6, 0, 0, 0, 0, 3, 0, 0, 0
-1, 0, 6, 0, 0, 0, 0, 3, 7808, 96, 2400
6, 0, 7, 0, 0, 0, 0, 3, 0, 0, 0
-3, -1, 6, 0, 0, 0, 0, 3, 0, 0, 0
-20, -7, 6, 0, 0, 0, 0, 3, 0, 0, 0
-38, -21, 5, 0, 0, 0, 0, 3, 0, 0, 0
-38, -16, 5, 0, 0, 0, 0, 3, 0, 0, 0
-7, 5, 4, 0, 0, 0, 0, 3, 0, 0, 0
14, 11, 4, 0, 0, 0, 0, 3, 0, 0, 0
16, -4, 4, 0, 0, 0, 0, 3, 0, 0, 0
17, -6, 4, 0, 0, 0, 0, 3, 0, 0, 0
0, -1, 6, 0, 0, 0, 0, 3, 7808, 80, 0
-19, -1, 7, 0, 0, 0, 0, 3, 0, 0, 2368
-12, 0, 8, 0, 0, 0, 0, 3, 0, 0, 0
5, 4, 9, 0, 0, 0, 0, 3, 0, 0, 0
15, 6, 11, 0, 0, 0, 0, 3, 0, 0, 0
9, 4, 12, 0, 0, 0, 0, 3, 0, 0, 0
0, 0, 14, 0, 0, 0, 0, 3, 0, 0, 0
0, -1, 15, 0, 0, 0, 0, 3, 0, 0, 0
1, -2, 16, 0, 0, 0, 0, 3, 0, 0, 0
2, 0, 17, 0, 0, 0, 0, 3, 0, 0, 0
0, 0, 18, 0, 0, 0, 0, 3, 7792, 96, 2416
-7, 0, 19, 0, 0, 0, 0, 3, 0, 0, 0
-12, 0, 20, 0, 0, 0, 0, 3, 0, 0, 0
-7, 2, 21, 0, 0, 0, 0, 3, 0, 0, 0
-3, 0, 22, 0, 0, 0, 0, 3, 0, 0, 0
-6, -2, 24, 0, 0, 0, 0, 3, 0, 0, 0
-2, -3, 25, 0, 0, 0, 0, 3, 0, 0, 0
0, -6, 27, 0, 0, 0, 0, 3, 0, 0, 0
-3, -4, 28, 0, 0, 0, 0, 3, 0, 0, 0
-13, 0, 30, 0, 0, 0, 0, 3, 0, 0, 0
-14, 8, 31, 0, 0, 0, 0, 3, 0, 0, 0
-4, 6, 32, 0, 0, 0, 0, 3, 7856, 80, 0
7, 3, 33, 0, 0, 0, 0, 3, 0, 0, 2432
11, 5, 33, 0, 0, 0, 0, 3, 0, 0, 0
16, 14, 34, 0, 0, 0, 0, 3, 0, 0, 0
17, 17, 35, 0, 0, 0, 0, 3, 0, 0, 0
4, 7, 35, 0, 0, 0, 0, 3, 0, 0, 0
-4, 0, 35, 0, 0, 0, 0, 3, 0, 0, 0
-8, -5, 35, 0, 0, 0, 0, 3, 0, 0, 0
-14, -4, 34, 0, 0, 0, 0, 3, 0, 0, 0
-16, -4, 34, 0, 0, 0, 0, 3, 0, 0, 0
-15, -5, 33, 0, 0, 0, 0, 3, 7856, 112, 2432
-6, 0, 33, 0, 0, 0, 0, 3, 0, 0, 0
1, 3, 32, 0, 0, 0, 0, 3, 0, 0, 0
1, 1, 32, 0, 0, 0, 0, 3, 0, 0, 0
-6, -5, 32, 0, 0, 0, 0, 3, 0, 0, 0
-14, -8, 32, 0, 0, 0, 0, 3, 0, 0, 0
-14, -4, 33, 0, 0, 0, 0, 3, 0, 0, 0
-11, -4, 32, 0, 0, 0, 0, 3, 0, 0, 0
-7, -12, 32, 0, 0, 0, 0, 3, 0, 0, 0
-4, -8, 31, 0, 0, 0, 0, 3, 0, 0, 0
-3, -4, 31, 0, 0, 0, 0, 3, 7808, 160, 2416
-6, -8, 31, 0, 0, 0, 0, 3, 0, 0, 0
-4, -5, 30, 0, 0, 0, 0, 3, 0, 0, 0
-1, -2, 29, 0, 0, 0, 0, 3, 0, 0, 0
0, 3, 28, 0, 0, 0, 0, 3, 0, 0, 0
-4, 3, 27, 0, 0, 0, 0, 3, 0, 0, 0
-16, -6, 25, 0, 0, 0, 0, 3, 0, 0, 0
-19, -16, 24, 0, 0, 0, 0, 3, 0, 0, 0
-13, -10, 23, 0, 0, 0, 0, 3, 0, 0, 0
-25, -11, 21, 0, 0, 0, 0, 3, 0, 0, 0
-40, -17, 21, 0, 0, 0, 0, 3, 7776, 128, 2464
-12, -16, 20, 0, 0, 0, 0, 3, 0, 0, 0
12, -22, 20, 0, 0, 0, 0, 3, 0, 0, 0
16, -21, 20, 0, 0, 0, 0, 3, 0, 0, 0
2, -11, 20, 0, 0, 0, 0, 3, 0, 0, 0
-2, -3, 20, 0, 0, 0, 0, 3, 0, 0, 0
4, 0, 19, 0, 0, 0, 0, 3, 0, 0, 0
9, 0, 19, 0, 0, 0, 0, 3, 0, 0, 0
6, -8, 18, 0, 0, 0, 0, 3, 0, 0, 0
-1, -11, 17, 0, 0, 0, 0, 3, 0, 0, 0
-3, -12, 16, 0, 0, 0, 0, 3, 0, 0, 0
-4, -14, 16, 0, 0, 0, 0, 3, 7776, 64, 2464
-16, -22, 15, 0, 0, 0, 0, 3, 0, 0, 0
-28, -23, 15, 0, 0, 0, 0, 3, 0, 0, 0
-22, -16, 14, 0, 0, 0, 0, 3, 0, 0, 0
-5, -11, 13, 0, 0, 0, 0, 3, 0, 0, 0
0, -9, 13, 0, 0, 0, 0, 3, 0, 0, 0
-1, -8, 12, 0, 0, 0, 0, 3, 0, 0, 0
-1, -5, 12, 0, 0, 0, 0, 3, 0, 0, 0
-9, -8, 12, 0, 0, 0, 0, 3, 0, 0, 0
-22, -16, 12, 0, 0, 0, 0, 3, 0, 0, 0
-17, -16, 12, 0, 0, 0, 0, 3, 7760, 80, 2464
-8, -12, 12, 0, 0, 0, 0, 3, 0, 0, 0
1, -16, 11, 0, 0, 0, 0, 3, 0, 0, 0
3, -19, 11, 0, 0, 0, 0, 3, 0, 0, 0
-3, -11, 10, 0, 0, 0, 0, 3, 0, 0, 0
-4, -3, 10, 0, 0, 0, 0, 3, 0, 0, 0
0, -3, 9, 0, 0, 0, 0, 3, 0, 0, 0
7, -8, 9, 0, 0, 0, 0, 3, 0, 0, 0
3, -20, 10, 0, 0, 0, 0, 3, 0, 0, 0
-12, -28, 10, 0, 0, 0, 0, 3, 0, 0, 0
-17, -16, 12, 0, 0, 0, 0, 3, 7760, 64, 2480
-6, -6, 12, 0, 0, 0, 0, 3, 0, 0, 0
4, -4, 13, 0, 0, 0, 0, 3, 0, 0, 0
2, -6, 14, 0, 0, 0, 0, 3, 0, 0, 0
-4, -11, 15, 0, 0, 0, 0, 3, 0, 0, 0
-11, -17, 16, 0, 0, 0, 0, 3, 0, 0, 0
-16, -18, 16, 0, 0, 0, 0, 3, 0, 0, 0
-21, -21, 16, 0, 0, 0, 0, 3, 0, 0, 0
-21, -29, 16, 0, 0, 0, 0, 3, 0, 0, 0
-8, -26, 16, 0, 0, 0, 0, 3, 0, 0, 0
3, -14, 16, 0, 0, 0, 0, 3, 0, 0, 0
5, -7, 16, 0, 0, 0, 0, 3, 0, 0, 0
1, -4, 16, 0, 0, 0, 0, 3, 7744, 80, 2448
-13, -8, 16, 0, 0, 0, 0, 3, 0, 0, 0
-18, -17, 16, 0, 0, 0, 0, 3, 0, 0, 0
-17, -32, 16, 0, 0, 0, 0, 3, 0, 0, 0
-9, -36, 15, 0, 0, 0, 0, 3, 0, 0, 0
-1, -22, 15, 0, 0, 0, 0, 3, 0, 0, 0
12, -4, 14, 0, 0, 0, 0, 3, 0, 0, 0
20, 7, 13, 0, 0, 0, 0, 3, 0, 0, 0
11, 9, 12, 0, 0, 0, 0, 3, 0, 0, 0
-1, 2, 12, 0, 0, 0, 0, 3, 7776, 80, 2416
4, -4, 11, 0, 0, 0, 0, 3, 0, 0, 0
18, -10, 11, 0, 0, 0, 0, 3, 0, 0, 0
19, -12, 11, 0, 0, 0, 0, 3, 0, 0, 0
5, -15, 10, 0, 0, 0, 0, 3, 0, 0, 0
-7, -17, 9, 0, 0, 0, 0, 3, 0, 0, 0
-14, -18, 8, 0, 0, 0, 0, 3, 0, 0, 0
-15, -17, 8, 0, 0, 0, 0, 3, 0, 0, 0
-16, -18, 8, 0, 0, 0, 0, 3, 0, 0, 0
-19, -21, 8, 0, 0, 0, 0, 3, 0, 0, 0
-24, -22, 8, 0, 0, 0, 0, 3, 7776, 96, 2432
-25, -29, 8, 0, 0, 0, 0, 3, 0, 0, 0
-17, -36, 7, 0, 0, 0, 0, 3, 0, 0, 0
-4, -33, 7, 0, 0, 0, 0, 3, 0, 0, 0
0, -19, 7, 0, 0, 0, 0, 3, 0, 0, 0
-8, -12, 7, 0, 0, 0, 0, 3, 0, 0, 0
-11, -9, 8, 0, 0, 0, 0, 3, 0, 0, 0
-3, -7, 8, 0, 0, 0, 0, 3, 0, 0, 0
-4, -10, 8, 0, 0, 0, 0, 3, 0, 0, 0
-9, -17, 8, 0, 0, 0, 0, 3, 0, 0, 0
-5, -22, 9, 0, 0, 0, 0, 3, 7792, 64, 2464
4, -18, 10, 0, 0, 0, 0, 3, 0, 0, 0
0, -14, 11, 0, 0, 0, 0, 3, 0, 0, 0
-12, -17, 11, 0, 0, 0, 0, 3, 0, 0, 0
-18, -21, 12, 0, 0, 0, 0, 3, 0, 0, 0
-14, -16, 12, 0, 0, 0, 0, 3, 0, 0, 0
-16, -15, 12, 0, 0, 0, 0, 3, 0, 0, 0
-9, -12, 12, 0, 0, 0, 0, 3, 0, 0, 0
8, -9, 12, 0, 0, 0, 0, 3, 0, 0, 0
17, -16, 12, 0, 0, 0, 0, 3, 0, 0, 0
4, -30, 12, 0, 0, 0, 0, 3, 0, 0, 0
-6, -23, 12, 0, 0, 0, 0, 3, 7792, 80, 2480
-6, -15, 12, 0, 0, 0, 0, 3, 0, 0, 0
-1, -8, 11, 0, 0, 0, 0, 3, 0, 0, 0
-1, -5, 10, 0, 0, 0, 0, 3, 0, 0, 0
0, -6, 9, 0, 0, 0, 0, 3, 0, 0, 0
8, -3, 9, 0, 0, 0, 0, 3, 0, 0, 0
11, 0, 8, 0, 0, 0, 0, 3, 0, 0, 0
9, -1, 8, 0, 0, 0, 0, 3, 0, 0, 0
1, -4, 7, 0, 0, 0, 0, 3, 0, 0, 0
-4, -9, 7, 0, 0, 0, 0, 3, 0, 0, 0
-8, -12, 8, 0, 0, 0, 0, 3, 7808, 96, 2464
-10, -14, 8, 0, 0, 0, 0, 3, 0, 0, 0
-4, -15, 8, 0, 0, 0, 0, 3, 0, 0, 0
-4, -16, 8, 0, 0, 0, 0, 3, 0, 0, 0
-7, -17, 8, 0, 0, 0, 0, 3, 0, 0, 0
-8, -13, 8, 0, 0, 0, 0, 3, 0, 0, 0
-15, -15, 8, 0, 0, 0, 0, 3, 0, 0, 0
-18, -22, 9, 0, 0, 0, 0, 3, 0, 0, 0
-11, -20, 8, 0, 0, 0, 0, 3, 0, 0, 0
-6, -14, 9, 0, 0, 0, 0, 3, 0, 0, 0
-15, -14, 9, 0, 0, 0, 0, 3, 7808, 128, 2416
-13, -19, 10, 0, 0, 0, 0, 3, 0, 0, 0
-7, -17, 10, 0, 0, 0, 0, 3, 0, 0, 0
-2, -9, 10, 0, 0, 0, 0, 3, 0, 0, 0
0, -11, 10, 0, 0, 0, 0, 3, 0, 0, 0
1, -18, 11, 0, 0, 0, 0, 3, 0, 0, 0
0, -23, 11, 0, 0, 0, 0, 3, 0, 0, 0
0, -20, 12, 0, 0, 0, 0, 3, 0, 0, 0
-2, -15, 12, 0, 0, 0, 0, 3, 0, 0, 0
-7, -12, 13, 0, 0, 0, 0, 3, 0, 0, 0
-7, -11, 13, 0, 0, 0, 0, 3, 7808, 96, 2416
-4, -16, 14, 0, 0, 0, 0, 3, 0, 0, 0
-2, -16, 15, 0, 0, 0, 0, 3, 0, 0, 0
-5, -16, 15, 0, 0, 0, 0, 3, 0, 0, 0
-13, -18, 16, 0, 0, 0, 0, 3, 0, 0, 0
-17, -17, 16, 0, 0, 0, 0, 3, 0, 0, 0
-9, -17, 17, 0, 0, 0, 0, 3, 0, 0, 0
-6, -23, 18, 0, 0, 0, 0, 3, 0, 0, 0
-6, -24, 19, 0, 0, 0, 0, 3, 0, 0, 0
-11, -21, 20, 0, 0, 0, 0, 3, 0, 0, 0
-14, -23, 22, 0, 0, 0, 0, 3, 0, 0, 0
-9, -18, 24, 0, 0, 0, 0, 3, 7792, 96, 2400
-4, -17, 26, 0, 0, 0, 0, 3, 0, 0, 0
-11, -17, 28, 0, 0, 0, 0, 3, 0, 0, 0
-14, -16, 29, 0, 0, 0, 0, 3, 0, 0, 0
-7, -15, 31, 0, 0, 0, 0, 3, 0, 0, 0
-8, -21, 33, 0, 0, 0, 0, 3, 0, 0, 0
-15, -30, 35, 0, 0, 0, 0, 3, 0, 0, 0
-15, -30, 36, 0, 0, 0, 0, 3, 0, 0, 0
-14, -27, 37, 0, 0, 0, 0, 3, 0, 0, 0
-7, -23, 37, 0, 0, 0, 0, 3, 0, 0, 0
0, -21, 37, 0, 0, 0, 0, 3, 7792, 144, 2432
4, -21, 37, 0, 0, 0, 0, 3, 0, 0, 0
2, -26, 37, 0, 0, 0, 0, 3, 0, 0, 0
-2, -32, 36, 0, 0, 0, 0, 3, 0, 0, 0
-10, -37, 35, 0, 0, 0, 0, 3, 0, 0, 0
-17, -40, 35, 0, 0, 0, 0, 3, 0, 0, 0
-25, -45, 35, 0, 0, 0, 0, 3, 0, 0, 0
-30, -50, 36, 0, 0, 0, 0, 3, 0, 0, 0
-27, -49, 35, 0, 0, 0, 0, 3, 0, 0, 0
-18, -41, 36, 0, 0, 0, 0, 3, 0, 0, 0
-19, -45, 36, 0, 0, 0, 0, 3, 7824, 160, 0
-31, -50, 37, 0, 0, 0, 0, 3, 0, 0, 2432
-36, -47, 36, 0, 0, 0, 0, 3, 0, 0, 0
-23, -40, 36, 0, 0, 0, 0, 3, 0, 0, 0
-12, -39, 35, 0, 0, 0, 0, 3, 0, 0, 0
-18, -47, 35, 0, 0, 0, 0, 3, 0, 0, 0
-25, -51, 34, 0, 0, 0, 0, 3, 0, 0, 0
-28, -51, 33, 0, 0, 0, 0, 3, 0, 0, 0
-33, -61, 33, 0, 0, 0, 0, 3, 0, 0, 0
-35, -56, 33, 0, 0, 0, 0, 3, 0, 0, 0
-21, -36, 32, 0, 0, 0, 0, 3, 7856, 128, 2432
-6, -28, 31, 0, 0, 0, 0, 3, 0, 0, 0
2, -26, 30, 0, 0, 0, 0, 3, 0, 0, 0
0, -28, 29, 0, 0, 0, 0, 3, 0, 0, 0
-3, -29, 28, 0, 0, 0, 0, 3, 0, 0, 0
-5, -33, 27, 0, 0, 0, 0, 3, 0, 0, 0
-16, -42, 26, 0, 0, 0, 0, 3, 0, 0, 0
-29, -55, 25, 0, 0, 0, 0, 3, 0, 0, 0
-40, -63, 24, 0, 0, 0, 0, 3, 0, 0, 0
-40, -66, 23, 0, 0, 0, 0, 3, 0, 0, 0
-42, -69, 22, 0, 0, 0, 0, 3, 0, 0, 0
-50, -70, 21, 0, 0, 0, 0, 3, 7872, 144, 0
-50, -65, 21, 0, 0, 0, 0, 3, 0, 0, 2448
-33, -49, 20, 0, 0, 0, 0, 3, 0, 0, 0
-13, -37, 19, 0, 0, 0, 0, 3, 0, 0, 0
-3, -32, 18, 0, 0, 0, 0, 3, 0, 0, 0
-4, -36, 16, 0, 0, 0, 0, 3, 0, 0, 0
-5, -38, 16, 0, 0, 0, 0, 3, 0, 0, 0
-14, -47, 14, 0, 0, 0, 0, 3, 0, 0, 0
-12, -50, 13, 0, 0, 0, 0, 3, 0, 0, 0
-8, -45, 12, 0, 0, 0, 0, 3, 0, 0, 0
-13, -44, 12, 0, 0, 0, 0, 3, 7856, 48, 2448
-24, -51, 11, 0, 0, 0, 0, 3, 0, 0, 0
-42, -67, 12, 0, 0, 0, 0, 3, 0, 0, 0
-57, -81, 12, 0, 0, 0, 0, 3, 0, 0, 0
-60, -87, 13, 0, 0, 0, 0, 3, 0, 0, 0
-39, -78, 14, 0, 0, 0, 0, 3, 0, 0, 0
-11, -60, 15, 0, 0, 0, 0, 3, 0, 0, 0
6, -40, 15, 0, 0, 0, 0, 3, 0, 0, 0
8, -35, 16, 0, 0, 0, 0, 3, 0, 0, 0
7, -33, 16, 0, 0, 0, 0, 3, 0, 0, 0
14, -24, 15, 0, 0, 0, 0, 3, 8016, -368, 2544
16, -20, 15, 0, 0, 0, 0, 3, 0, 0, 0
12, -27, 14, 0, 0, 0, 0, 3, 0, 0, 0
1, -38, 13, 0, 0, 0, 0, 3, 0, 0, 0
1, -36, 12, 0, 0, 0, 0, 3, 0, 0, 0
9, -25, 12, 0, 0, 0, 0, 3, 0, 0, 0
10, -18, 11, 0, 0, 0, 0, 3, 0, 0, 0
-4, -34, 11, 0, 0, 0, 0, 3, 0, 0, 0
-8, -49, 11, 0, 0, 0, 0, 3, 0, 0, 0
-3, -48, 12, 0, 0, 0, 0, 3, 0, 0, 0
2, -42, 12, 0, 0, 0, 0, 3, 0, 0, 0
3, -42, 13, 0, 0, 0, 0, 3, 8144, -576, 2592
4, -42, 13, 0, 0, 0, 0, 3, 0, 0, 0
-1, -39, 13, 0, 0, 0, 0, 3, 0, 0, 0
-6, -37, 14, 0, 0, 0, 0, 3, 0, 0, 0
-11, -50, 14, 0, 0, 0, 0, 3, 0, 0, 0
-8, -57, 14, 0, 0, 0, 0, 3, 0, 0, 0
-1, -52, 14, 0, 0, 0, 0, 3, 0, 0, 0
8, -49, 13, 0, 0, 0, 0, 3, 0, 0, 0
14, -42, 13, 0, 0, 0, 0, 3, 0, 0, 0
9, -42, 13, 0, 0, 0, 0, 3, 0, 0, 0
-2, -40, 12, 0, 0, 0, 0, 3, 8064, -144, 2336
-4, -38, 12, 0, 0, 0, 0, 3, 0, 0, 0
1, -43, 12, 0, 0, 0, 0, 3, 0, 0, 0
14, -43, 11, 0, 0, 0, 0, 3, 0, 0, 0
16, -41, 11, 0, 0, 0, 0, 3, 0, 0, 0
8, -42, 10, 0, 0, 0, 0, 3, 0, 0, 0
10, -37, 9, 0, 0, 0, 0, 3, 0, 0, 0
6, -35, 8, 0, 0, 0, 0, 3, 0, 0, 0
9, -38, 7, 0, 0, 0, 0, 3, 0, 0, 0
17, -42, 7, 0, 0, 0, 0, 3, 0, 0, 0
8, -50, 7, 0, 0, 0, 0, 3, 7696, 352, 2032
-2, -58, 7, 0, 0, 0, 0, 3, 0, 0, 0
-16, -66, 8, 0, 0, 0, 0, 3, 0, 0, 0
-27, -64, 8, 0, 0, 0, 0, 3, 0, 0, 0
-25, -55, 8, 0, 0, 0, 0, 3, 0, 0, 0
-27, -59, 8, 0, 0, 0, 0, 3, 0, 0, 0
-31, -66, 8, 0, 0, 0, 0, 3, 0, 0, 0
-26, -63, 7, 0, 0, 0, 0, 3, 0, 0, 0
-13, -57, 6, 0, 0, 0, 0, 3, 0, 0, 0
8, -35, 6, 0, 0, 0, 0, 3, 0, 0, 0
19, -29, 6, 0, 0, 0, 0, 3, 7536, 544, 1872
20, -37, 5, 0, 0, 0, 0, 3, 0, 0, 0
24, -33, 4, 0, 0, 0, 0, 3, 0, 0, 0
13, -35, 4, 0, 0, 0, 0, 3, 0, 0, 0
4, -35, 4, 0, 0, 0, 0, 3, 0, 0, 0
-1, -35, 4, 0, 0, 0, 0, 3, 0, 0, 0
-7, -37, 4, 0, 0, 0, 0, 3, 0, 0, 0
-3, -37, 4, 0, 0, 0, 0, 3, 0, 0, 0
12, -31, 4, 0, 0, 0, 0, 3, 0, 0, 0
24, -26, 5, 0, 0, 0, 0, 3, 0, 0, 0
22, -23, 5, 0, 0, 0, 0, 3, 0, 0, 0
23, -19, 6, 0, 0, 0, 0, 3, 7584, 560, 1984
21, -18, 7, 0, 0, 0, 0, 3, 0, 0, 0
17, -22, 8, 0, 0, 0, 0, 3, 0, 0, 0
14, -31, 9, 0, 0, 0, 0, 3, 0, 0, 0
12, -34, 9, 0, 0, 0, 0, 3, 0, 0, 0
0, -33, 10, 0, 0, 0, 0, 3, 0, 0, 0
0, -27, 10, 0, 0, 0, 0, 3, 0, 0, 0
3, -32, 11, 0, 0, 0, 0, 3, 0, 0, 0
0, -36, 11, 0, 0, 0, 0, 3, 0, 0, 0
-2, -37, 11, 0, 0, 0, 0, 3, 0, 0, 0
0, -37, 11, 0, 0, 0, 0, 3, 7728, 368, 2064
1, -32, 11, 0, 0, 0, 0, 3, 0, 0, 0
-2, -32, 11, 0, 0, 0, 0, 3, 0, 0, 0
-6, -38, 10, 0, 0, 0, 0, 3, 0, 0, 0
-4, -43, 10, 0, 0, 0, 0, 3, 0, 0, 0
-10, -50, 10, 0, 0, 0, 0, 3, 0, 0, 0
-17, -58, 10, 0, 0, 0, 0, 3, 0, 0, 0
-21, -59, 9, 0, 0, 0, 0, 3, 0, 0, 0
-25, -54, 9, 0, 0, 0, 0, 3, 0, 0, 0
-28, -47, 8, 0, 0, 0, 0, 3, 0, 0, 0
-33, -52, 8, 0, 0, 0, 0, 3, 0, 0, 0
-29, -49, 7, 0, 0, 0, 0, 3, 7840, 144, 2080
-19, -36, 7, 0, 0, 0, 0, 3, 0, 0, 0
-17, -36, 6, 0, 0, 0, 0, 3, 0, 0, 0
-15, -38, 5, 0, 0, 0, 0, 3, 0, 0, 0
-15, -35, 5, 0, 0, 0, 0, 3, 0, 0, 0
-9, -29, 6, 0, 0, 0, 0, 3, 0, 0, 0
-12, -32, 7, 0, 0, 0, 0, 3, 0, 0, 0
-12, -35, 8, 0, 0, 0, 0, 3, 0, 0, 0
-14, -34, 9, 0, 0, 0, 0, 3, 0, 0, 0
-22, -36, 9, 0, 0, 0, 0, 3, 7856, 32, 1968
-21, -32, 11, 0, 0, 0, 0, 3, 0, 0, 0
-11, -24, 12, 0, 0, 0, 0, 3, 0, 0, 0
-5, -18, 13, 0, 0, 0, 0, 3, 0, 0, 0
-1, -20, 14, 0, 0, 0, 0, 3, 0, 0, 0
-1, -25, 15, 0, 0, 0, 0, 3, 0, 0, 0
0, -29, 16, 0, 0, 0, 0, 3, 0, 0, 0
0, -25, 18, 0, 0, 0, 0, 3, 0, 0, 0
0, -19, 19, 0, 0, 0, 0, 3, 0, 0, 0
0, -13, 20, 0, 0, 0, 0, 3, 0, 0, 0
4, -9, 22, 0, 0, 0, 0, 3, 0, 0, 0
4, -9, 23, 0, 0, 0, 0, 3, 7904, 48, 0
-1, -16, 24, 0, 0, 0, 0, 3, 0, 0, 2000
-10, -21, 25, 0, 0, 0, 0, 3, 0, 0, 0
-18, -28, 27, 0, 0, 0, 0, 3, 0, 0, 0
-23, -30, 29, 0, 0, 0, 0, 3, 0, 0, 0
-19, -33, 30, 0, 0, 0, 0, 3, 0, 0, 0
-9, -36, 31, 0, 0, 0, 0, 3, 0, 0, 0
1, -28, 33, 0, 0, 0, 0, 3, 0, 0, 0
4, -16, 33, 0, 0, 0, 0, 3, 0, 0, 0
2, -12, 33, 0, 0, 0, 0, 3, 0, 0, 0
-1, -12, 33, 0, 0, 0, 0, 3, 7904, 160, 2032
0, -13, 33, 0, 0, 0, 0, 3, 0, 0, 0
-2, -16, 34, 0, 0, 0, 0, 3, 0, 0, 0
-4, -17, 35, 0, 0, 0, 0, 3, 0, 0, 0
-2, -18, 36, 0, 0, 0, 0, 3, 0, 0, 0
-6, -26, 37, 0, 0, 0, 0, 3, 0, 0, 0
-12, -33, 38, 0, 0, 0, 0, 3, 0, 0, 0
-12, -29, 39, 0, 0, 0, 0, 3, 0, 0, 0
-1, -26, 40, 0, 0, 0, 0, 3, 0, 0, 0
4, -27, 40, 0, 0, 0, 0, 3, 0, 0, 0
8, -24, 40, 0, 0, 0, 0, 3, 7856, 208, 2016
6, -23, 40, 0, 0, 0, 0, 3, 0, 0, 0
2, -22, 41, 0, 0, 0, 0, 3, 0, 0, 0
6, -16, 40, 0, 0, 0, 0, 3, 0, 0, 0
7, -13, 39, 0, 0, 0, 0, 3, 0, 0, 0
2, -15, 38, 0, 0, 0, 0, 3, 0, 0, 0
2, -17, 37, 0, 0, 0, 0, 3, 0, 0, 0
0, -28, 36, 0, 0, 0, 0, 3, 0, 0, 0
0, -37, 35, 0, 0, 0, 0, 3, 0, 0, 0
8, -33, 34, 0, 0, 0, 0, 3, 0, 0, 0
11, -28, 33, 0, 0, 0, 0, 3, 7888, 144, 2080
2, -27, 33, 0, 0, 0, 0, 3, 0, 0, 0
-4, -29, 33, 0, 0, 0, 0, 3, 0, 0, 0
-12, -32, 33, 0, 0, 0, 0, 3, 0, 0, 0
-13, -33, 32, 0, 0, 0, 0, 3, 0, 0, 0
-10, -36, 32, 0, 0, 0, 0, 3, 0, 0, 0
-9, -44, 31, 0, 0, 0, 0, 3, 0, 0, 0
-9, -46, 31, 0, 0, 0, 0, 3, 0, 0, 0
-15, -41, 31, 0, 0, 0, 0, 3, 0, 0, 0
-20, -35, 30, 0, 0, 0, 0, 3, 0, 0, 0
-12, -33, 29, 0, 0, 0, 0, 3, 0, 0, 0
1, -33, 29, 0, 0, 0, 0, 3, 7856, 80, 2048
10, -33, 28, 0, 0, 0, 0, 3, 0, 0, 0
6, -35, 27, 0, 0, 0, 0, 3, 0, 0, 0
0, -34, 26, 0, 0, 0, 0, 3, 0, 0, 0
-3, -32, 25, 0, 0, 0, 0, 3, 0, 0, 0
-9, -33, 25, 0, 0, 0, 0, 3, 0, 0, 0
-17, -40, 24, 0, 0, 0, 0, 3, 0, 0, 0
-18, -46, 23, 0, 0, 0, 0, 3, 0, 0, 0
-11, -41, 21, 0, 0, 0, 0, 3, 0, 0, 0
-6, -33, 20, 0, 0, 0, 0, 3, 0, 0, 0
-5, -29, 19, 0, 0, 0, 0, 3, 7824, 128, 2032
-5, -31, 17, 0, 0, 0, 0, 3, 0, 0, 0
0, -33, 16, 0, 0, 0, 0, 3, 0, 0, 0
6, -30, 16, 0, 0, 0, 0, 3, 0, 0, 0
6, -29, 16, 0, 0, 0, 0, 3, 0, 0, 0
-7, -33, 16, 0, 0, 0, 0, 3, 0, 0, 0
-17, -39, 16, 0, 0, 0, 0, 3, 0, 0, 0
-9, -39, 16, 0, 0, 0, 0, 3, 0, 0, 0
-4, -34, 16, 0, 0, 0, 0, 3, 0, 0, 0
-1, -32, 16, 0, 0, 0, 0, 3, 0, 0, 0
-2, -32, 16, 0, 0, 0, 0, 3, 7840, 112, 2064
-11, -29, 16, 0, 0, 0, 0, 3, 0, 0, 0
-17, -35, 16, 0, 0, 0, 0, 3, 0, 0, 0
-19, -44, 15, 0, 0, 0, 0, 3, 0, 0, 0
-17, -43, 14, 0, 0, 0, 0, 3, 0, 0, 0
-8, -40, 13, 0, 0, 0, 0, 3, 0, 0, 0
-1, -35, 13, 0, 0, 0, 0, 3, 0, 0, 0
-6, -36, 13, 0, 0, 0, 0, 3, 0, 0, 0
-9, -36, 13, 0, 0, 0, 0, 3, 0, 0, 0
-10, -31, 13, 0, 0, 0, 0, 3, 0, 0, 0
-16, -26, 12, 0, 0, 0, 0, 3, 0, 0, 0
-12, -24, 12, 0, 0, 0, 0, 3, 7920, 112, 2048
-3, -25, 11, 0, 0, 0, 0, 3, 0, 0, 0
5, -23, 10, 0, 0, 0, 0, 3, 0, 0, 0
8, -24, 9, 0, 0, 0, 0, 3, 0, 0, 0
1, -26, 9, 0, 0, 0, 0, 3, 0, 0, 0
-3, -25, 9, 0, 0, 0, 0, 3, 0, 0, 0
-7, -26, 10, 0, 0, 0, 0, 3, 0, 0, 0
-10, -33, 10, 0, 0, 0, 0, 3, 0, 0, 0
-14, -43, 11, 0, 0, 0, 0, 3, 0, 0, 0
-14, -45, 11, 0, 0, 0, 0, 3, 0, 0, 0
-10, -37, 11, 0, 0, 0, 0, 3, 7904, 160, 2112
-6, -25, 12, 0, 0, 0, 0, 3, 0, 0, 0
-7, -22, 12, 0, 0, 0, 0, 3, 0, 0, 0
-7, -21, 12, 0, 0, 0, 0, 3, 0, 0, 0
-6, -23, 12, 0, 0, 0, 0, 3, 0, 0, 0
-8, -24, 12, 0, 0, 0, 0, 3, 0, 0, 0
-17, -27, 12, 0, 0, 0, 0, 3, 0, 0, 0
-28, -37, 13, 0, 0, 0, 0, 3, 0, 0, 0
-26, -40, 13, 0, 0, 0, 0, 3, 0, 0, 0
-14, -32, 13, 0, 0, 0, 0, 3, 0, 0, 0
5, -17, 13, 0, 0, 0, 0, 3, 0, 0, 0
23, 4, 13, 0, 0, 0, 0, 3, 7904, 80, 2176
32, 16, 13, 0, 0, 0, 0, 3, 0, 0, 0
30, 16, 12, 0, 0, 0, 0, 3, 0, 0, 0
14, 3, 12, 0, 0, 0, 0, 3, 0, 0, 0
3, -9, 11, 0, 0, 0, 0, 3, 0, 0, 0
-6, -18, 10, 0, 0, 0, 0, 3, 0, 0, 0
-24, -28, 9, 0, 0, 0, 0, 3, 0, 0, 0
-28, -30, 8, 0, 0, 0, 0, 3, 0, 0, 0
-18, -24, 7, 0, 0, 0, 0, 3, 0, 0, 0
-8, -17, 6, 0, 0, 0, 0, 3, 7856, 64, 2128
-5, -12, 4, 0, 0, 0, 0, 3, 0, 0, 0
-3, -13, 4, 0, 0, 0, 0, 3, 0, 0, 0
-3, -15, 2, 0, 0, 0, 0, 3, 0, 0, 0
-6, -6, 3, 0, 0, 0, 0, 3, 0, 0, 0
-7, -4, 2, 0, 0, 0, 0, 3, 0, 0, 0
-10, -6, 2, 0, 0, 0, 0, 3, 0, 0, 0
-16, -12, 1, 0, 0, 0, 0, 3, 0, 0, 0
-14, -19, 1, 0, 0, 0, 0, 3, 0, 0, 0
-4, -15, 0, 0, 0, 0, 0, 3, 0, 0, 0
-8, -18, 0, 0, 0, 0, 0, 3, 0, 0, 0
-16, -25, 0, 0, 0, 0, 0, 3, 0, 0, 0
-10, -6, 0, 0, 0, 0, 0, 3, 7872, 64, 2096
-8, 3, 0, 0, 0, 0, 0, 3, 0, 0, 0
-10, 2, 0, 0, 0, 0, 0, 3, 0, 0, 0
-16, -5, 0, 0, 0, 0, 0, 3, 0, 0, 0
-12, -12, -1, 0, 0, 0, 0, 3, 0, 0, 0
-5, -7, 0, 0, 0, 0, 0, 3, 0, 0, 0
-12, -8, 0, 0, 0, 0, 0, 3, 0, 0, 0
-25, -15, 0, 0, 0, 0, 0, 3, 0, 0, 0
-23, -12, 0, 0, 0, 0, 0, 3, 0, 0, 0
-13, -2, 1, 0, 0, 0, 0, 3, 7824, 96, 2112
-2, 9, 1, 0, 0, 0, 0, 3, 0, 0, 0
2, 11, 2, 0, 0, 0, 0, 3, 0, 0, 0
-4, 0, 3, 0, 0, 0, 0, 3, 0, 0, 0
-19, -17, 4, 0, 0, 0, 0, 3, 0, 0, 0
-19, -14, 5, 0, 0, 0, 0, 3, 0, 0, 0
-12, 1, 6, 0, 0, 0, 0, 3, 0, 0, 0
-11, 5, 7, 0, 0, 0, 0, 3, 0, 0, 0
-16, 2, 8, 0, 0, 0, 0, 3, 0, 0, 0
-21, 3, 8, 0, 0, 0, 0, 3, 0, 0, 0
-24, 1, 8, 0, 0, 0, 0, 3, 7792, 112, 0
-21, -6, 9, 0, 0, 0, 0, 3, 0, 0, 2016
-21, -6, 9, 0, 0, 0, 0, 3, 0, 0, 0
-19, -1, 10, 0, 0, 0, 0, 3, 0, 0, 0
-6, 4, 10, 0, 0, 0, 0, 3, 0, 0, 0
-5, 1, 10, 0, 0, 0, 0, 3, 0, 0, 0
-6, 4, 10, 0, 0, 0, 0, 3, 0, 0, 0
-5, 13, 9, 0, 0, 0, 0, 3, 0, 0, 0
-7, 17, 9, 0, 0, 0, 0, 3, 0, 0, 0
-9, 16, 9, 0, 0, 0, 0, 3, 0, 0, 0
-11, 11, 9, 0, 0, 0, 0, 3, 7840, 192, 2016
-12, 8, 9, 0, 0, 0, 0, 3, 0, 0, 0
-19, 7, 9, 0, 0, 0, 0, 3, 0, 0, 0
-31, 1, 9, 0, 0, 0, 0, 3, 0, 0, 0
-37, -4, 9, 0, 0, 0, 0, 3, 0, 0, 0
-36, -7, 9, 0, 0, 0, 0, 3, 0, 0, 0
-29, -4, 10, 0, 0, 0, 0, 3, 0, 0, 0
-15, 1, 10, 0, 0, 0, 0, 3, 0, 0, 0
-6, 9, 10, 0, 0, 0, 0, 3, 0, 0, 0
-9, 10, 11, 0, 0, 0, 0, 3, 0, 0, 0
-27, -3, 12, 0, 0, 0, 0, 3, 0, 0, 0
-31, -8, 12, 0, 0, 0, 0, 3, 7808, 224, 0
-10, 6, 13, 0, 0, 0, 0, 3, 0, 0, 1968
4, 22, 13, 0, 0, 0, 0, 3, 0, 0, 0
5, 25, 13, 0, 0, 0, 0, 3, 0, 0, 0
-8, 17, 14, 0, 0, 0, 0, 3, 0, 0, 0
-24, 7, 14, 0, 0, 0, 0, 3, 0, 0, 0
-15, 3, 14, 0, 0, 0, 0, 3, 0, 0, 0
1, 11, 15, 0, 0, 0, 0, 3, 0, 0, 0
13, 28, 16, 0, 0, 0, 0, 3, 0, 0, 0
11, 32, 17, 0, 0, 0, 0, 3, 0, 0, 0
1, 17, 19, 0, 0, 0, 0, 3, 7824, 160, 2032
-4, 10, 21, 0, 0, 0, 0, 3, 0, 0, 0
-6, 12, 23, 0, 0, 0, 0, 3, 0, 0, 0
-4, 20, 25, 0, 0, 0, 0, 3, 0, 0, 0
-8, 22, 27, 0, 0, 0, 0, 3, 0, 0, 0
-5, 25, 29, 0, 0, 0, 0, 3, 0, 0, 0
3, 26, 30, 0, 0, 0, 0, 3, 0, 0, 0
7, 28, 32, 0, 0, 0, 0, 3, 0, 0, 0
0, 21, 33, 0, 0, 0, 0, 3, 0, 0, 0
-5, 16, 35, 0, 0, 0, 0, 3, 0, 0, 0
0, 13, 36, 0, 0, 0, 0, 3, 7856, 112, 2096
3, 14, 37, 0, 0, 0, 0, 3, 0, 0, 0
0, 11, 37, 0, 0, 0, 0, 3, 0, 0, 0
-5, 8, 38, 0, 0, 0, 0, 3, 0, 0, 0
-12, 14, 38, 0, 0, 0, 0, 3, 0, 0, 0
-6, 24, 38, 0, 0, 0, 0, 3, 0, 0, 0
8, 28, 38, 0, 0, 0, 0, 3, 0, 0, 0
21, 28, 38, 0, 0, 0, 0, 3, 0, 0, 0
22, 30, 39, 0, 0, 0, 0, 3, 0, 0, 0
12, 31, 39, 0, 0, 0, 0, 3, 0, 0, 0
3, 28, 38, 0, 0, 0, 0, 3, 7936, 80, 2144
0, 20, 37, 0, 0, 0, 0, 3, 0, 0, 0
-8, 8, 37, 0, 0, 0, 0, 3, 0, 0, 0
-8, 6, 35, 0, 0, 0, 0, 3, 0, 0, 0
3, 12, 34, 0, 0, 0, 0, 3, 0, 0, 0
8, 12, 33, 0, 0, 0, 0, 3, 0, 0, 0
-1, 8, 31, 0, 0, 0, 0, 3, 0, 0, 0
-13, 5, 29, 0, 0, 0, 0, 3, 0, 0, 0
-12, 1, 29, 0, 0, 0, 0, 3, 0, 0, 0
-3, 9, 28, 0, 0, 0, 0, 3, 0, 0, 0
-5, 19, 27, 0, 0, 0, 0, 3, 0, 0, 0
-11, 23, 27, 0, 0, 0, 0, 3, 7920, 96, 2112
-9, 19, 26, 0, 0, 0, 0, 3, 0, 0, 0
-5, 13, 26, 0, 0, 0, 0, 3, 0, 0, 0
0, 17, 25, 0, 0, 0, 0, 3, 0, 0, 0
2, 22, 26, 0, 0, 0, 0, 3, 0, 0, 0
-1, 17, 25, 0, 0, 0, 0, 3, 0, 0, 0
-2, 15, 25, 0, 0, 0, 0, 3, 0, 0, 0
0, 17, 25, 0, 0, 0, 0, 3, 0, 0, 0
0, 17, 25, 0, 0, 0, 0, 3, 0, 0, 0
-4, 11, 24, 0, 0, 0, 0, 3, 0, 0, 0
-6, 8, 23, 0, 0, 0, 0, 3, 7920, 96, 2064
5, 19, 21, 0, 0, 0, 0, 3, 0, 0, 0
12, 24, 20, 0, 0, 0, 0, 3, 0, 0, 0
10, 21, 19, 0, 0, 0, 0, 3, 0, 0, 0
8, 21, 17, 0, 0, 0, 0, 3, 0, 0, 0
-2, 10, 16, 0, 0, 0, 0, 3, 0, 0, 0
-11, -1, 16, 0, 0, 0, 0, 3, 0, 0, 0
-12, 1, 16, 0, 0, 0, 0, 3, 0, 0, 0
-13, 0, 15, 0, 0, 0, 0, 3, 0, 0, 0
-11, 0, 16, 0, 0, 0, 0, 3, 0, 0, 0
-11, 12, 16, 0, 0, 0, 0, 3, 7888, 112, 2064
-14, 16, 16, 0, 0, 0, 0, 3, 0, 0, 0
2, 18, 16, 0, 0, 0, 0, 3, 0, 0, 0
17, 25, 16, 0, 0, 0, 0, 3, 0, 0, 0
19, 25, 16, 0, 0, 0, 0, 3, 0, 0, 0
8, 21, 15, 0, 0, 0, 0, 3, 0, 0, 0
0, 19, 15, 0, 0, 0, 0, 3, 0, 0, 0
-5, 13, 15, 0, 0, 0, 0, 3, 0, 0, 0
-10, 8, 15, 0, 0, 0, 0, 3, 0, 0, 0
-4, 16, 15, 0, 0, 0, 0, 3, 0, 0, 0
12, 29, 15, 0, 0, 0, 0, 3, 0, 0, 0
27, 35, 14, 0, 0, 0, 0, 3, 0, 0, 0
24, 24, 14, 0, 0, 0, 0, 3, 7808, 176, 2016
18, 19, 13, 0, 0, 0, 0, 3, 0, 0, 0
20, 19, 13, 0, 0, 0, 0, 3, 0, 0, 0
20, 25, 12, 0, 0, 0, 0, 3, 0, 0, 0
16, 27, 12, 0, 0, 0, 0, 3, 0, 0, 0
4, 22, 11, 0, 0, 0, 0, 3, 0, 0, 0
-8, 11, 11, 0, 0, 0, 0, 3, 0, 0, 0
-8, 7, 11, 0, 0, 0, 0, 3, 0, 0, 0
-6, 2, 12, 0, 0, 0, 0, 3, 0, 0, 0
-2, 5, 13, 0, 0, 0, 0, 3, 7888, 176, 1968
0, 13, 14, 0, 0, 0, 0, 3, 0, 0, 0
4, 15, 15, 0, 0, 0, 0, 3, 0, 0, 0
4, 9, 15, 0, 0, 0, 0, 3, 0, 0, 0
4, 3, 16, 0, 0, 0, 0, 3, 0, 0, 0
4, 3, 16, 0, 0, 0, 0, 3, 0, 0, 0
-4, -2, 16, 0, 0, 0, 0, 3, 0, 0, 0
-12, -9, 16, 0, 0, 0, 0, 3, 0, 0, 0
-10, -6, 16, 0, 0, 0, 0, 3, 0, 0, 0
-8, 0, 16, 0, 0, 0, 0, 3, 0, 0, 0
-5, 2, 16, 0, 0, 0, 0, 3, 7904, 144, 2000
-6, 0, 16, 0, 0, 0, 0, 3, 0, 0, 0
-7, -3, 16, 0, 0, 0, 0, 3, 0, 0, 0
0, 0, 15, 0, 0, 0, 0, 3, 0, 0, 0
9, 1, 15, 0, 0, 0, 0, 3, 0, 0, 0
13, 5, 14, 0, 0, 0, 0, 3, 0, 0, 0
11, 7, 14, 0, 0, 0, 0, 3, 0, 0, 0
8, 4, 14, 0, 0, 0, 0, 3, 0, 0, 0
1, -1, 13, 0, 0, 0, 0, 3, 0, 0, 0
-13, -15, 13, 0, 0, 0, 0, 3, 0, 0, 0
-13, -21, 12, 0, 0, 0, 0, 3, 7920, 240, 2032
-9, -20, 12, 0, 0, 0, 0, 3, 0, 0, 0
-8, -14, 12, 0, 0, 0, 0, 3, 0, 0, 0
-2, -6, 12, 0, 0, 0, 0, 3, 0, 0, 0
1, -1, 12, 0, 0, 0, 0, 3, 0, 0, 0
-3, -5, 12, 0, 0, 0, 0, 3, 0, 0, 0
2, -6, 12, 0, 0, 0, 0, 3, 0, 0, 0
16, 3, 13, 0, 0, 0, 0, 3, 0, 0, 0
24, 12, 13, 0, 0, 0, 0, 3, 0, 0, 0
21, 9, 13, 0, 0, 0, 0, 3, 0, 0, 0
12, 0, 12, 0, 0, 0, 0, 3, 0, 0, 0
-3, -14, 12, 0, 0, 0, 0, 3, 7904, 208, 2000
-12, -11, 12, 0, 0, 0, 0, 3, 0, 0, 0
-7, 3, 11, 0, 0, 0, 0, 3, 0, 0, 0
6, 12, 11, 0, 0, 0, 0, 3, 0, 0, 0
18, 12, 11, 0, 0, 0, 0, 3, 0, 0, 0
22, 6, 10, 0, 0, 0, 0, 3, 0, 0, 0
18, 1, 9, 0, 0, 0, 0, 3, 0, 0, 0
12, -2, 8, 0, 0, 0, 0, 3, 0, 0, 0
0, -1, 7, 0, 0, 0, 0, 3, 0, 0, 0
-8, 0, 6, 0, 0, 0, 0, 3, 0, 0, 0
-15, -8, 5, 0, 0, 0, 0, 3, 7904, 176, 1968
4, -6, 4, 0, 0, 0, 0, 3, 0, 0, 0
24, 0, 3, 0, 0, 0, 0, 3, 0, 0, 0
31, 1, 3, 0, 0, 0, 0, 3, 0, 0, 0
29, 0, 2, 0, 0, 0, 0, 3, 0, 0, 0
19, -1, 1, 0, 0, 0, 0, 3, 0, 0, 0
7, -2, 1, 0, 0, 0, 0, 3, 0, 0, 0
0, -1, 0, 0, 0, 0, 0, 3, 0, 0, 0
-6, -9, 1, 0, 0, 0, 0, 3, 0, 0, 0
8, -12, 1, 0, 0, 0, 0, 3, 0, 0, 0
25, -7, 2, 0, 0, 0, 0, 3, 7936, 160, 1936
28, -7, 3, 0, 0, 0, 0, 3, 0, 0, 0
29, -4, 3, 0, 0, 0, 0, 3, 0, 0, 0
33, 0, 4, 0, 0, 0, 0, 3, 0, 0, 0
32, 0, 5, 0, 0, 0, 0, 3, 0, 0, 0
22, 3, 5, 0, 0, 0, 0, 3, 0, 0, 0
16, 7, 6, 0, 0, 0, 0, 3, 0, 0, 0
17, 4, 7, 0, 0, 0, 0, 3, 0, 0, 0
21, 0, 8, 0, 0, 0, 0, 3, 0, 0, 0
24, -1, 8, 0, 0, 0, 0, 3, 0, 0, 0
23, -8, 8, 0, 0, 0, 0, 3, 7840, 128, 1856
17, -8, 9, 0, 0, 0, 0, 3, 0, 0, 0
21, 1, 9, 0, 0, 0, 0, 3, 0, 0, 0
21, 0, 9, 0, 0, 0, 0, 3, 0, 0, 0
16, -3, 9, 0, 0, 0, 0, 3, 0, 0, 0
14, -6, 9, 0, 0, 0, 0, 3, 0, 0, 0
10, -12, 8, 0, 0, 0, 0, 3, 0, 0, 0
7, -13, 8, 0, 0, 0, 0, 3, 0, 0, 0
7, -16, 8, 0, 0, 0, 0, 3, 0, 0, 0
19, -15, 9, 0, 0, 0, 0, 3, 0, 0, 0
25, -17, 9, 0, 0, 0, 0, 3, 0, 0, 0
13, -26, 9, 0, 0, 0, 0, 3, 7872, 96, 1856
7, -25, 10, 0, 0, 0, 0, 3, 0, 0, 0
15, -15, 11, 0, 0, 0, 0, 3, 0, 0, 0
29, -4, 12, 0, 0, 0, 0, 3, 0, 0, 0
30, -8, 13, 0, 0, 0, 0, 3, 0, 0, 0
20, -13, 14, 0, 0, 0, 0, 3, 0, 0, 0
14, -16, 15, 0, 0, 0, 0, 3, 0, 0, 0
10, -17, 16, 0, 0, 0, 0, 3, 0, 0, 0
13, -17, 16, 0, 0, 0, 0, 3, 0, 0, 0
17, -16, 17, 0, 0, 0, 0, 3, 0, 0, 0
22, -12, 17, 0, 0, 0, 0, 3, 7904, 112, 1936
22, -12, 17, 0, 0, 0, 0, 3, 0, 0, 0
18, -16, 18, 0, 0, 0, 0, 3, 0, 0, 0
20, -18, 19, 0, 0, 0, 0, 3, 0, 0, 0
24, -16, 21, 0, 0, 0, 0, 3, 0, 0, 0
25, -8, 22, 0, 0, 0, 0, 3, 0, 0, 0
13, -2, 24, 0, 0, 0, 0, 3, 0, 0, 0
-4, -8, 26, 0, 0, 0, 0, 3, 0, 0, 0
0, -9, 28, 0, 0, 0, 0, 3, 0, 0, 0
24, -4, 29, 0, 0, 0, 0, 3, 0, 0, 0
38, -4, 31, 0, 0, 0, 0, 3, 0, 0, 0
42, -4, 32, 0, 0, 0, 0, 3, 7920, 112, 1984
37, -6, 33, 0, 0, 0, 0, 3, 0, 0, 0
25, -11, 33, 0, 0, 0, 0, 3, 0, 0, 0
9, -16, 35, 0, 0, 0, 0, 3, 0, 0, 0
1, -21, 35, 0, 0, 0, 0, 3, 0, 0, 0
4, -17, 36, 0, 0, 0, 0, 3, 0, 0, 0
0, -15, 37, 0, 0, 0, 0, 3, 0, 0, 0
-4, -13, 37, 0, 0, 0, 0, 3, 0, 0, 0
-2, -11, 37, 0, 0, 0, 0, 3, 0, 0, 0
10, -6, 37, 0, 0, 0, 0, 3, 7904, 128, 2016
24, -4, 37, 0, 0, 0, 0, 3, 0, 0, 0
25, -7, 36, 0, 0, 0, 0, 3, 0, 0, 0
24, -6, 36, 0, 0, 0, 0, 3, 0, 0, 0
22, -7, 35, 0, 0, 0, 0, 3, 0, 0, 0
13, -10, 34, 0, 0, 0, 0, 3, 0, 0, 0
6, -9, 33, 0, 0, 0, 0, 3, 0, 0, 0
-1, -13, 33, 0, 0, 0, 0, 3, 0, 0, 0
3, -16, 33, 0, 0, 0, 0, 3, 0, 0, 0
12, -19, 33, 0, 0, 0, 0, 3, 0, 0, 0
15, -21, 33, 0, 0, 0, 0, 3, 0, 0, 0
6, -21, 34, 0, 0, 0, 0, 3, 0, 0, 0
-3, -22, 33, 0, 0, 0, 0, 3, 7920, 160, 2000
0, -15, 33, 0, 0, 0, 0, 3, 0, 0, 0
6, -10, 33, 0, 0, 0, 0, 3, 0, 0, 0
12, -12, 32, 0, 0, 0, 0, 3, 0, 0, 0
4, -18, 32, 0, 0, 0, 0, 3, 0, 0, 0
-12, -21, 31, 0, 0, 0, 0, 3, 0, 0, 0
-24, -22, 30, 0, 0, 0, 0, 3, 0, 0, 0
-8, -13, 29, 0, 0, 0, 0, 3, 0, 0, 0
14, -4, 29, 0, 0, 0, 0, 3, 0, 0, 0
21, -2, 27, 0, 0, 0, 0, 3, 7904, 128, 2000
15, -7, 27, 0, 0, 0, 0, 3, 0, 0, 0
10, -12, 26, 0, 0, 0, 0, 3, 0, 0, 0
12, -12, 25, 0, 0, 0, 0, 3, 0, 0, 0
11, -12, 25, 0, 0, 0, 0, 3, 0, 0, 0
11, -6, 24, 0, 0, 0, 0, 3, 0, 0, 0
6, -3, 23, 0, 0, 0, 0, 3, 0, 0, 0
-4, -4, 21, 0, 0, 0, 0, 3, 0, 0, 0
2, 0, 21, 0, 0, 0, 0, 3, 0, 0, 0
8, -1, 20, 0, 0, 0, 0, 3, 0, 0, 0
-6, -19, 20, 0, 0, 0, 0, 3, 7936, 128, 1968
-11, -21, 19, 0, 0, 0, 0, 3, 0, 0, 0
0, -9, 18, 0, 0, 0, 0, 3, 0, 0, 0
13, -2, 17, 0, 0, 0, 0, 3, 0, 0, 0
17, -4, 16, 0, 0, 0, 0, 3, 0, 0, 0
15, -6, 15, 0, 0, 0, 0, 3, 0, 0, 0
11, -3, 14, 0, 0, 0, 0, 3, 0, 0, 0
1, -1, 13, 0, 0, 0, 0, 3, 0, 0, 0
-12, -6, 12, 0, 0, 0, 0, 3, 0, 0, 0
-28, -14, 10, 0, 0, 0, 0, 3, 0, 0, 0
-33, -29, 10, 0, 0, 0, 0, 3, 7904, 160, 1904
-21, -18, 10, 0, 0, 0, 0, 3, 0, 0, 0
-6, -4, 10, 0, 0, 0, 0, 3, 0, 0, 0
11, -7, 11, 0, 0, 0, 0, 3, 0, 0, 0
19, -5, 12, 0, 0, 0, 0, 3, 0, 0, 0
14, 5, 13, 0, 0, 0, 0, 3, 0, 0, 0
3, 15, 13, 0, 0, 0, 0, 3, 0, 0, 0
-11, 14, 14, 0, 0, 0, 0, 3, 0, 0, 0
-17, 0, 14, 0, 0, 0, 0, 3, 0, 0, 0
-19, -10, 15, 0, 0, 0, 0, 3, 0, 0, 0
-23, -11, 16, 0, 0, 0, 0, 3, 0, 0, 0
-19, 0, 16, 0, 0, 0, 0, 3, 7936, 176, 1904
-6, 8, 16, 0, 0, 0, 0, 3, 0, 0, 0
4, 11, 16, 0, 0, 0, 0, 3, 0, 0, 0
4, 9, 16, 0, 0, 0, 0, 3, 0, 0, 0
1, 12, 16, 0, 0, 0, 0, 3, 0, 0, 0
-6, 2, 16, 0, 0, 0, 0, 3, 0, 0, 0
-22, -10, 16, 0, 0, 0, 0, 3, 0, 0, 0
-28, -1, 15, 0, 0, 0, 0, 3, 0, 0, 0
-43, -6, 15, 0, 0, 0, 0, 3, 0, 0, 0
-62, -14, 14, 0, 0, 0, 0, 3, 0, 0, 0
-34, 5, 13, 0, 0, 0, 0, 3, 7904, 240, 1920
-3, 21, 12, 0, 0, 0, 0, 3, 0, 0, 0
-3, 15, 12, 0, 0, 0, 0, 3, 0, 0, 0
-6, 12, 12, 0, 0, 0, 0, 3, 0, 0, 0
-2, 20, 12, 0, 0, 0, 0, 3, 0, 0, 0
1, 29, 12, 0, 0, 0, 0, 3, 0, 0, 0
-2, 27, 12, 0, 0, 0, 0, 3, 0, 0, 0
-3, 18, 12, 0, 0, 0, 0, 3, 0, 0, 0
0, 22, 12, 0, 0, 0, 0, 3, 0, 0, 0
7, 40, 12, 0, 0, 0, 0, 3, 0, 0, 0
4, 42, 12, 0, 0, 0, 0, 3, 7920, 256, 1936
-8, 25, 12, 0, 0, 0, 0, 3, 0, 0, 0
-28, 12, 12, 0, 0, 0, 0, 3, 0, 0, 0
-32, 26, 12, 0, 0, 0, 0, 3, 0, 0, 0
-21, 42, 12, 0, 0, 0, 0, 3, 0, 0, 0
-18, 40, 12, 0, 0, 0, 0, 3, 0, 0, 0
-14, 39, 11, 0, 0, 0, 0, 3, 0, 0, 0
-10, 38, 11, 0, 0, 0, 0, 3, 0, 0, 0
-12, 39, 11, 0, 0, 0, 0, 3, 0, 0, 0
-12, 42, 10, 0, 0, 0, 0, 3, 0, 0, 0
-16, 43, 10, 0, 0, 0, 0, 3, 0, 0, 0
-12, 54, 9, 0, 0, 0, 0, 3, 7872, 288, 1968
-11, 61, 8, 0, 0, 0, 0, 3, 0, 0, 0
-26, 55, 7, 0, 0, 0, 0, 3, 0, 0, 0
-35, 48, 6, 0, 0, 0, 0, 3, 0, 0, 0
-12, 59, 5, 0, 0, 0, 0, 3, 0, 0, 0
5, 61, 5, 0, 0, 0, 0, 3, 0, 0, 0
0, 51, 6, 0, 0, 0, 0, 3, 0, 0, 0
-9, 50, 6, 0, 0, 0, 0, 3, 0, 0, 0
-9, 59, 7, 0, 0, 0, 0, 3, 0, 0, 0
-12, 53, 8, 0, 0, 0, 0, 3, 0, 0, 0
-15, 52, 8, 0, 0, 0, 0, 3, 7824, 304, 1904
-12, 59, 8, 0, 0, 0, 0, 3, 0, 0, 0
-11, 68, 9, 0, 0, 0, 0, 3, 0, 0, 0
-12, 65, 10, 0, 0, 0, 0, 3, 0, 0, 0
-10, 56, 10, 0, 0, 0, 0, 3, 0, 0, 0
-12, 52, 11, 0, 0, 0, 0, 3, 0, 0, 0
-28, 42, 11, 0, 0, 0, 0, 3, 0, 0, 0
-49, 36, 11, 0, 0, 0, 0, 3, 0, 0, 0
-42, 43, 10, 0, 0, 0, 0, 3, 0, 0, 0
-29, 47, 9, 0, 0, 0, 0, 3, 0, 0, 0
-12, 48, 8, 0, 0, 0, 0, 3, 7888, 288, 0
5, 56, 8, 0, 0, 0, 0, 3, 0, 0, 1936
11, 61, 7, 0, 0, 0, 0, 3, 0, 0, 0
9, 59, 7, 0, 0, 0, 0, 3, 0, 0, 0
4, 57, 6, 0, 0, 0, 0, 3, 0, 0, 0
-2, 56, 5, 0, 0, 0, 0, 3, 0, 0, 0
-16, 54, 5, 0, 0, 0, 0, 3, 0, 0, 0
-17, 57, 4, 0, 0, 0, 0, 3, 0, 0, 0
-11, 62, 4, 0, 0, 0, 0, 3, 0, 0, 0
-9, 61, 4, 0, 0, 0, 0, 3, 0, 0, 0
-14, 56, 5, 0, 0, 0, 0, 3, 7856, 288, 1936
-11, 53, 6, 0, 0, 0, 0, 3, 0, 0, 0
-12, 47, 7, 0, 0, 0, 0, 3, 0, 0, 0
-8, 45, 7, 0, 0, 0, 0, 3, 0, 0, 0
-10, 54, 8, 0, 0, 0, 0, 3, 0, 0, 0
-15, 60, 9, 0, 0, 0, 0, 3, 0, 0, 0
-11, 63, 10, 0, 0, 0, 0, 3, 0, 0, 0
-13, 62, 10, 0, 0, 0, 0, 3, 0, 0, 0
-7, 67, 10, 0, 0, 0, 0, 3, 0, 0, 0
4, 77, 9, 0, 0, 0, 0, 3, 0, 0, 0
13, 84, 9, 0, 0, 0, 0, 3, 0, 0, 0
12, 84, 8, 0, 0, 0, 0, 3, 7904, 240, 0
0, 75, 8, 0, 0, 0, 0, 3, 0, 0, 2048
-14, 70, 8, 0, 0, 0, 0, 3, 0, 0, 0
-7, 65, 8, 0, 0, 0, 0, 3, 0, 0, 0
12, 65, 8, 0, 0, 0, 0, 3, 0, 0, 0
19, 66, 9, 0, 0, 0, 0, 3, 0, 0, 0
8, 61, 10, 0, 0, 0, 0, 3, 0, 0, 0
-3, 51, 12, 0, 0, 0, 0, 3, 0, 0, 0
-7, 38, 14, 0, 0, 0, 0, 3, 0, 0, 0
0, 56, 16, 0, 0, 0, 0, 3, 0, 0, 0
21, 89, 18, 0, 0, 0, 0, 3, 7920, 240, 2048
25, 105, 21, 0, 0, 0, 0, 3, 0, 0, 0
24, 103, 22, 0, 0, 0, 0, 3, 0, 0, 0
17, 81, 24, 0, 0, 0, 0, 3, 0, 0, 0
20, 72, 26, 0, 0, 0, 0, 3, 0, 0, 0
25, 80, 28, 0, 0, 0, 0, 3, 0, 0, 0
-4, 84, 29, 0, 0, 0, 0, 3, 0, 0, 0
-11, 73, 31, 0, 0, 0, 0, 3, 0, 0, 0
11, 52, 32, 0, 0, 0, 0, 3, 0, 0, 0
36, 51, 33, 0, 0, 0, 0, 3, 0, 0, 0
42, 68, 34, 0, 0, 0, 0, 3, 7824, 192, 2064
39, 85, 34, 0, 0, 0, 0, 3, 0, 0, 0
37, 90, 34, 0, 0, 0, 0, 3, 0, 0, 0
33, 88, 35, 0, 0, 0, 0, 3, 0, 0, 0
29, 85, 34, 0, 0, 0, 0, 3, 0, 0, 0
21, 79, 34, 0, 0, 0, 0, 3, 0, 0, 0
8, 69, 35, 0, 0, 0, 0, 3, 0, 0, 0
-7, 62, 36, 0, 0, 0, 0, 3, 0, 0, 0
-6, 58, 36, 0, 0, 0, 0, 3, 0, 0, 0
0, 48, 37, 0, 0, 0, 0, 3, 0, 0, 0
-12, 31, 38, 0, 0, 0, 0, 3, 7904, 80, 2064
-11, 36, 39, 0, 0, 0, 0, 3, 0, 0, 0
25, 74, 40, 0, 0, 0, 0, 3, 0, 0, 0
50, 92, 40, 0, 0, 0, 0, 3, 0, 0, 0
47, 89, 41, 0, 0, 0, 0, 3, 0, 0, 0
39, 80, 41, 0, 0, 0, 0, 3, 0, 0, 0
25, 72, 41, 0, 0, 0, 0, 3, 0, 0, 0
16, 66, 40, 0, 0, 0, 0, 3, 0, 0, 0
9, 54, 40, 0, 0, 0, 0, 3, 0, 0, 0
8, 43, 40, 0, 0, 0, 0, 3, 0, 0, 0
9, 40, 40, 0, 0, 0, 0, 3, 0, 0, 0
0, 42, 40, 0, 0, 0, 0, 3, 0, 0, 0
-9, 41, 39, 0, 0, 0, 0, 3, 7888, 80, 2000
-4, 39, 38, 0, 0, 0, 0, 3, 0, 0, 0
2, 42, 37, 0, 0, 0, 0, 3, 0, 0, 0
2, 44, 36, 0, 0, 0, 0, 3, 0, 0, 0
-4, 42, 34, 0, 0, 0, 0, 3, 0, 0, 0
2, 42, 33, 0, 0, 0, 0, 3, 0, 0, 0
9, 42, 30, 0, 0, 0, 0, 3, 0, 0, 0
-3, 28, 29, 0, 0, 0, 0, 3, 0, 0, 0
-10, 25, 27, 0, 0, 0, 0, 3, 0, 0, 0
3, 39, 26, 0, 0, 0, 0, 3, 7888, 176, 2000
20, 54, 26, 0, 0, 0, 0, 3, 0, 0, 0
33, 60, 25, 0, 0, 0, 0, 3, 0, 0, 0
31, 55, 25, 0, 0, 0, 0, 3, 0, 0, 0
16, 39, 24, 0, 0, 0, 0, 3, 0, 0, 0
1, 28, 24, 0, 0, 0, 0, 3, 0, 0, 0
-1, 30, 24, 0, 0, 0, 0, 3, 0, 0, 0
5, 31, 24, 0, 0, 0, 0, 3, 0, 0, 0
8, 29, 23, 0, 0, 0, 0, 3, 0, 0, 0
-1, 20, 24, 0, 0, 0, 0, 3, 0, 0, 0
-12, 11, 23, 0, 0, 0, 0, 3, 7872, 256, 2016
-21, 8, 23, 0, 0, 0, 0, 3, 0, 0, 0
-9, 17, 22, 0, 0, 0, 0, 3, 0, 0, 0
9, 27, 22, 0, 0, 0, 0, 3, 0, 0, 0
16, 30, 20, 0, 0, 0, 0, 3, 0, 0, 0
13, 25, 20, 0, 0, 0, 0, 3, 0, 0, 0
3, 16, 19, 0, 0, 0, 0, 3, 0, 0, 0
-3, 13, 18, 0, 0, 0, 0, 3, 0, 0, 0
1, 17, 17, 0, 0, 0, 0, 3, 0, 0, 0
13, 19, 16, 0, 0, 0, 0, 3, 0, 0, 0
19, 23, 16, 0, 0, 0, 0, 3, 0, 0, 0
10, 17, 15, 0, 0, 0, 0, 3, 7856, 224, 1984
-4, 10, 14, 0, 0, 0, 0, 3, 0, 0, 0
-6, 4, 12, 0, 0, 0, 0, 3, 0, 0, 0
-1, 1, 12, 0, 0, 0, 0, 3, 0, 0, 0
0, 4, 11, 0, 0, 0, 0, 3, 0, 0, 0
-4, 8, 10, 0, 0, 0, 0, 3, 0, 0, 0
-5, 6, 9, 0, 0, 0, 0, 3, 0, 0, 0
-3, 2, 9, 0, 0, 0, 0, 3, 0, 0, 0
-1, 2, 9, 0, 0, 0, 0, 3, 0, 0, 0
-15, 0, 9, 0, 0, 0, 0, 3, 0, 0, 0
-18, -3, 10, 0, 0, 0, 0, 3, 7856, 240, 1920
-16, -10, 11, 0, 0, 0, 0, 3, 0, 0, 0
-10, -9, 12, 0, 0, 0, 0, 3, 0, 0, 0
-7, 0, 12, 0, 0, 0, 0, 3, 0, 0, 0
-7, 8, 14, 0, 0, 0, 0, 3, 0, 0, 0
2, 16, 14, 0, 0, 0, 0, 3, 0, 0, 0
42, 21, 15, 0, 0, 0, 0, 3, 0, 0, 0
46, 23, 15, 0, 0, 0, 0, 3, 0, 0, 0
46, 37, 15, 0, 0, 0, 0, 3, 0, 0, 0
37, 54, 14, 0, 0, 0, 0, 3, 0, 0, 0
63, 64, 13, 0, 0, 0, 0, 3, 0, 0, 0
130, 79, 12, 0, 0, 0, 0, 3, 7888, 304, 1904
171, 89, 12, 0, 0, 0, 0, 3, 0, 0, 0
173, 94, 11, 0, 0, 0, 0, 3, 0, 0, 0
173, 98, 10, 0, 0, 0, 0, 3, 0, 0, 0
197, 98, 10, 0, 0, 0, 0, 3, 0, 0, 0
208, 94, 10, 0, 0, 0, 0, 3, 0, 0, 0
209, 100, 11, 0, 0, 0, 0, 3, 0, 0, 0
212, 113, 11, 0, 0, 0, 0, 3, 0, 0, 0
219, 119, 12, 0, 0, 0, 0, 3, 0, 0, 0
232, 121, 12, 0, 0, 0, 0, 3, 7888, 352, 1856
265, 117, 13, 0, 0, 0, 0, 3, 0, 0, 0
301, 120, 12, 0, 0, 0, 0, 3, 0, 0, 0
307, 126, 13, 0, 0, 0, 0, 3, 0, 0, 0
296, 121, 12, 0, 0, 0, 0, 3, 0, 0, 0
300, 116, 12, 0, 0, 0, 0, 3, 0, 0, 0
286, 110, 12, 0, 0, 0, 0, 3, 0, 0, 0
265, 101, 12, 0, 0, 0, 0, 3, 0, 0, 0
272, 108, 11, 0, 0, 0, 0, 3, 0, 0, 0
292, 118, 11, 0, 0, 0, 0, 3, 0, 0, 0
309, 133, 11, 0, 0, 0, 0, 3, 0, 0, 0
295, 133, 10, 0, 0, 0, 0, 3, 0, 0, 0
282, 127, 10, 0, 0, 0, 0, 3, 7856, 320, 1920
288, 132, 9, 0, 0, 0, 0, 3, 0, 0, 0
296, 140, 9, 0, 0, 0, 0, 3, 0, 0, 0
271, 141, 8, 0, 0, 0, 0, 3, 0, 0, 0
254, 137, 7, 0, 0, 0, 0, 3, 0, 0, 0
259, 130, 6, 0, 0, 0, 0, 3, 0, 0, 0
261, 122, 5, 0, 0, 0, 0, 3, 0, 0, 0
265, 121, 5, 0, 0, 0, 0, 3, 0, 0, 0
265, 120, 5, 0, 0, 0, 0, 3, 0, 0, 0
244, 113, 6, 0, 0, 0, 0, 3, 7840, 256, 2016
232, 106, 6, 0, 0, 0, 0, 3, 0, 0, 0
236, 109, 7, 0, 0, 0, 0, 3, 0, 0, 0
234, 119, 8, 0, 0, 0, 0, 3, 0, 0, 0
233, 130, 8, 0, 0, 0, 0, 3, 0, 0, 0
225, 130, 8, 0, 0, 0, 0, 3, 0, 0, 0
215, 121, 8, 0, 0, 0, 0, 3, 0, 0, 0
199, 115, 8, 0, 0, 0, 0, 3, 0, 0, 0
177, 111, 8, 0, 0, 0, 0, 3, 0, 0, 0
172, 108, 7, 0, 0, 0, 0, 3, 0, 0, 0
197, 109, 6, 0, 0, 0, 0, 3, 7824, 240, 0
212, 110, 5, 0, 0, 0, 0, 3, 0, 0, 2112
186, 107, 4, 0, 0, 0, 0, 3, 0, 0, 0
181, 114, 3, 0, 0, 0, 0, 3, 0, 0, 0
191, 115, 2, 0, 0, 0, 0, 3, 0, 0, 0
195, 110, 2, 0, 0, 0, 0, 3, 0, 0, 0
194, 107, 1, 0, 0, 0, 0, 3, 0, 0, 0
169, 109, 2, 0, 0, 0, 0, 3, 0, 0, 0
130, 93, 2, 0, 0, 0, 0, 3, 0, 0, 0
126, 75, 3, 0, 0, 0, 0, 3, 0, 0, 0
154, 81, 3, 0, 0, 0, 0, 3, 7856, 192, 2144
175, 102, 3, 0, 0, 0, 0, 3, 0, 0, 0
169, 113, 2, 0, 0, 0, 0, 3, 0, 0, 0
162, 110, 2, 0, 0, 0, 0, 3, 0, 0, 0
143, 87, 2, 0, 0, 0, 0, 3, 0, 0, 0
115, 57, 2, 0, 0, 0, 0, 3, 0, 0, 0
128, 66, 2, 0, 0, 0, 0, 3, 0, 0, 0
156, 88, 2, 0, 0, 0, 0, 3, 0, 0, 0
164, 94, 2, 0, 0, 0, 0, 3, 0, 0, 0
144, 85, 3, 0, 0, 0, 0, 3, 0, 0, 0
140, 85, 4, 0, 0, 0, 0, 3, 0, 0, 0
135, 91, 4, 0, 0, 0, 0, 3, 7856, 256, 0
97, 84, 6, 0, 0, 0, 0, 3, 0, 0, 2240
88, 75, 8, 0, 0, 0, 0, 3, 0, 0, 0
126, 81, 10, 0, 0, 0, 0, 3, 0, 0, 0
163, 93, 11, 0, 0, 0, 0, 3, 0, 0, 0
156, 99, 12, 0, 0, 0, 0, 3, 0, 0, 0
143, 83, 14, 0, 0, 0, 0, 3, 0, 0, 0
154, 76, 16, 0, 0, 0, 0, 3, 0, 0, 0
170, 99, 16, 0, 0, 0, 0, 3, 0, 0, 0
155, 107, 18, 0, 0, 0, 0, 3, 0, 0, 0
135, 98, 19, 0, 0, 0, 0, 3, 7856, 176, 2256
139, 92, 20, 0, 0, 0, 0, 3, 0, 0, 0
146, 99, 21, 0, 0, 0, 0, 3, 0, 0, 0
137, 109, 21, 0, 0, 0, 0, 3, 0, 0, 0
144, 118, 22, 0, 0, 0, 0, 3, 0, 0, 0
163, 125, 23, 0, 0, 0, 0, 3, 0, 0, 0
172, 124, 24, 0, 0, 0, 0, 3, 0, 0, 0
155, 112, 24, 0, 0, 0, 0, 3, 0, 0, 0
141, 99, 25, 0, 0, 0, 0, 3, 0, 0, 0
130, 99, 26, 0, 0, 0, 0, 3, 0, 0, 0
119, 109, 27, 0, 0, 0, 0, 3, 7888, 224, 2224
97, 108, 28, 0, 0, 0, 0, 3, 0, 0, 0
103, 100, 29, 0, 0, 0, 0, 3, 0, 0, 0
132, 105, 29, 0, 0, 0, 0, 3, 0, 0, 0
143, 109, 31, 0, 0, 0, 0, 3, 0, 0, 0
134, 101, 32, 0, 0, 0, 0, 3, 0, 0, 0
112, 84, 33, 0, 0, 0, 0, 3, 0, 0, 0
80, 71, 33, 0, 0, 0, 0, 3, 0, 0, 0
42, 69, 33, 0, 0, 0, 0, 3, 0, 0, 0
49, 79, 33, 0, 0, 0, 0, 3, 0, 0, 0
87, 95, 33, 0, 0, 0, 0, 3, 7888, 288, 2176
111, 102, 33, 0, 0, 0, 0, 3, 0, 0, 0
111, 101, 33, 0, 0, 0, 0, 3, 0, 0, 0
88, 92, 32, 0, 0, 0, 0, 3, 0, 0, 0
67, 81, 32, 0, 0, 0, 0, 3, 0, 0, 0
53, 80, 32, 0, 0, 0, 0, 3, 0, 0, 0
32, 75, 32, 0, 0, 0, 0, 3, 0, 0, 0
31, 78, 32, 0, 0, 0, 0, 3, 0, 0, 0
37, 80, 32, 0, 0, 0, 0, 3, 0, 0, 0
25, 74, 33, 0, 0, 0, 0, 3, 0, 0, 0
25, 66, 33, 0, 0, 0, 0, 3, 0, 0, 0
31, 60, 34, 0, 0, 0, 0, 3, 7856, 288, 2160
33, 54, 36, 0, 0, 0, 0, 3, 0, 0, 0
33, 54, 36, 0, 0, 0, 0, 3, 0, 0, 0
20, 55, 37, 0, 0, 0, 0, 3, 0, 0, 0
9, 55, 36, 0, 0, 0, 0, 3, 0, 0, 0
14, 66, 36, 0, 0, 0, 0, 3, 0, 0, 0
18, 69, 35, 0, 0, 0, 0, 3, 0, 0, 0
13, 64, 34, 0, 0, 0, 0, 3, 0, 0, 0
14, 61, 33, 0, 0, 0, 0, 3, 0, 0, 0
21, 62, 33, 0, 0, 0, 0, 3, 0, 0, 0
22, 61, 31, 0, 0, 0, 0, 3, 7904, 240, 2176
16, 62, 29, 0, 0, 0, 0, 3, 0, 0, 0
21, 74, 27, 0, 0, 0, 0, 3, 0, 0, 0
29, 86, 25, 0, 0, 0, 0, 3, 0, 0, 0
37, 92, 23, 0, 0, 0, 0, 3, 0, 0, 0
39, 102, 21, 0, 0, 0, 0, 3, 0, 0, 0
46, 113, 19, 0, 0, 0, 0, 3, 0, 0, 0
51, 124, 17, 0, 0, 0, 0, 3, 0, 0, 0
62, 136, 16, 0, 0, 0, 0, 3, 0, 0, 0
72, 146, 15, 0, 0, 0, 0, 3, 0, 0, 0
80, 156, 15, 0, 0, 0, 0, 3, 7936, 192, 2176
79, 161, 14, 0, 0, 0, 0, 3, 0, 0, 0
88, 173, 14, 0, 0, 0, 0, 3, 0, 0, 0
110, 193, 13, 0, 0, 0, 0, 3, 0, 0, 0
130, 212, 13, 0, 0, 0, 0, 3, 0, 0, 0
135, 221, 13, 0, 0, 0, 0, 3, 0, 0, 0
131, 219, 13, 0, 0, 0, 0, 3, 0, 0, 0
125, 213, 13, 0, 0, 0, 0, 3, 0, 0, 0
114, 208, 12, 0, 0, 0, 0, 3, 0, 0, 0
99, 197, 12, 0, 0, 0, 0, 3, 0, 0, 0
82, 184, 12, 0, 0, 0, 0, 3, 7952, 160, 2192
71, 178, 12, 0, 0, 0, 0, 3, 0, 0, 0
53, 157, 12, 0, 0, 0, 0, 3, 0, 0, 0
29, 133, 11, 0, 0, 0, 0, 3, 0, 0, 0
19, 113, 11, 0, 0, 0, 0, 3, 0, 0, 0
13, 99, 11, 0, 0, 0, 0, 3, 0, 0, 0
1, 80, 11, 0, 0, 0, 0, 3, 0, 0, 0
-16, 59, 11, 0, 0, 0, 0, 3, 0, 0, 0
-42, 37, 11, 0, 0, 0, 0, 3, 0, 0, 0
-68, 18, 12, 0, 0, 0, 0, 3, 0, 0, 0
-89, -1, 12, 0, 0, 0, 0, 3, 0, 0, 0
-105, -24, 12, 0, 0, 0, 0, 3, 7936, 176, 2128
-121, -42, 11, 0, 0, 0, 0, 3, 0, 0, 0
-137, -59, 11, 0, 0, 0, 0, 3, 0, 0, 0
-151, -73, 10, 0, 0, 0, 0, 3, 0, 0, 0
-163, -87, 9, 0, 0, 0, 0, 3, 0, 0, 0
-163, -101, 8, 0, 0, 0, 0, 3, 0, 0, 0
-162, -112, 8, 0, 0, 0, 0, 3, 0, 0, 0
-163, -116, 8, 0, 0, 0, 0, 3, 0, 0, 0
-164, -121, 8, 0, 0, 0, 0, 3, 0, 0, 0
-166, -135, 8, 0, 0, 0, 0, 3, 0, 0, 0
-167, -145, 8, 0, 0, 0, 0, 3, 7888, 208, 0
-172, -149, 8, 0, 0, 0, 0, 3, 0, 0, 2112
-189, -158, 9, 0, 0, 0, 0, 3, 0, 0, 0
-205, -170, 10, 0, 0, 0, 0, 3, 0, 0, 0
-212, -181, 11, 0, 0, 0, 0, 3, 0, 0, 0
-211, -186, 11, 0, 0, 0, 0, 3, 0, 0, 0
-207, -186, 12, 0, 0, 0, 0, 3, 0, 0, 0
-197, -188, 12, 0, 0, 0, 0, 3, 0, 0, 0
-191, -190, 13, 0, 0, 0, 0, 3, 0, 0, 0
-192, -189, 13, 0, 0, 0, 0, 3, 0, 0, 0
-197, -194, 13, 0, 0, 0, 0, 3, 7888, 304, 2032
-199, -195, 13, 0, 0, 0, 0, 3, 0, 0, 0
-196, -190, 14, 0, 0, 0, 0, 3, 0, 0, 0
-193, -188, 13, 0, 0, 0, 0, 3, 0, 0, 0
-195, -196, 13, 0, 0, 0, 0, 3, 0, 0, 0
-204, -212, 13, 0, 0, 0, 0, 3, 0, 0, 0
-211, -229, 12, 0, 0, 0, 0, 3, 0, 0, 0
-210, -230, 11, 0, 0, 0, 0, 3, 0, 0, 0
-214, -223, 10, 0, 0, 0, 0, 3, 0, 0, 0
-218, -224, 10, 0, 0, 0, 0, 3, 0, 0, 0
-222, -231, 9, 0, 0, 0, 0, 3, 0, 0, 0
-228, -240, 9, 0, 0, 0, 0, 3, 7888, 384, 1968
-228, -248, 10, 0, 0, 0, 0, 3, 0, 0, 0
-223, -249, 10, 0, 0, 0, 0, 3, 0, 0, 0
-220, -248, 11, 0, 0, 0, 0, 3, 0, 0, 0
-219, -244, 11, 0, 0, 0, 0, 3, 0, 0, 0
-220, -242, 11, 0, 0, 0, 0, 3, 0, 0, 0
-221, -241, 11, 0, 0, 0, 0, 3, 0, 0, 0
-219, -244, 11, 0, 0, 0, 0, 3, 0, 0, 0
-212, -240, 11, 0, 0, 0, 0, 3, 0, 0, 0
-209, -236, 11, 0, 0, 0, 0, 3, 0, 0, 0
-217, -244, 11, 0, 0, 0, 0, 3, 7872, 432, 1936
-218, -250, 10, 0, 0, 0, 0, 3, 0, 0, 0
-209, -246, 9, 0, 0, 0, 0, 3, 0, 0, 0
-195, -235, 8, 0, 0, 0, 0, 3, 0, 0, 0
-190, -220, 7, 0, 0, 0, 0, 3, 0, 0, 0
-208, -215, 6, 0, 0, 0, 0, 3, 0, 0, 0
-224, -219, 5, 0, 0, 0, 0, 3, 0, 0, 0
-216, -221, 4, 0, 0, 0, 0, 3, 0, 0, 0
-198, -214, 5, 0, 0, 0, 0, 3, 0, 0, 0
-192, -205, 5, 0, 0, 0, 0, 3, 0, 0, 0
-195, -214, 5, 0, 0, 0, 0, 3, 7792, 432, 0
-200, -222, 6, 0, 0, 0, 0, 3, 0, 0, 1872
-198, -221, 6, 0, 0, 0, 0, 3, 0, 0, 0
-191, -216, 7, 0, 0, 0, 0, 3, 0, 0, 0
-187, -214, 8, 0, 0, 0, 0, 3, 0, 0, 0
-182, -200, 8, 0, 0, 0, 0, 3, 0, 0, 0
-172, -188, 8, 0, 0, 0, 0, 3, 0, 0, 0
-164, -173, 8, 0, 0, 0, 0, 3, 0, 0, 0
-168, -168, 8, 0, 0, 0, 0, 3, 0, 0, 0
-171, -164, 7, 0, 0, 0, 0, 3, 0, 0, 0
-174, -155, 7, 0, 0, 0, 0, 3, 7760, 432, 1776
-181, -155, 5, 0, 0, 0, 0, 3, 0, 0, 0
-180, -158, 5, 0, 0, 0, 0, 3, 0, 0, 0
-185, -155, 4, 0, 0, 0, 0, 3, 0, 0, 0
-188, -152, 4, 0, 0, 0, 0, 3, 0, 0, 0
-175, -144, 4, 0, 0, 0, 0, 3, 0, 0, 0
-156, -139, 4, 0, 0, 0, 0, 3, 0, 0, 0
-144, -138, 5, 0, 0, 0, 0, 3, 0, 0, 0
-140, -131, 5, 0, 0, 0, 0, 3, 0, 0, 0
-143, -129, 6, 0, 0, 0, 0, 3, 0, 0, 0
-146, -130, 7, 0, 0, 0, 0, 3, 0, 0, 0
-151, -135, 7, 0, 0, 0, 0, 3, 7872, 448, 0
-151, -134, 6, 0, 0, 0, 0, 3, 0, 0, 1760
-146, -128, 6, 0, 0, 0, 0, 3, 0, 0, 0
-137, -123, 5, 0, 0, 0, 0, 3, 0, 0, 0
-120, -114, 5, 0, 0, 0, 0, 3, 0, 0, 0
-102, -99, 5, 0, 0, 0, 0, 3, 0, 0, 0
-96, -93, 5, 0, 0, 0, 0, 3, 0, 0, 0
-101, -99, 5, 0, 0, 0, 0, 3, 0, 0, 0
-114, -112, 5, 0, 0, 0, 0, 3, 0, 0, 0
-118, -116, 5, 0, 0, 0, 0, 3, 0, 0, 0
-111, -110, 5, 0, 0, 0, 0, 3, 7904, 320, 1840
-104, -106, 7, 0, 0, 0, 0, 3, 0, 0, 0
-104, -106, 8, 0, 0, 0, 0, 3, 0, 0, 0
-108, -109, 9, 0, 0, 0, 0, 3, 0, 0, 0
-109, -112, 11, 0, 0, 0, 0, 3, 0, 0, 0
-114, -111, 13, 0, 0, 0, 0, 3, 0, 0, 0
-119, -105, 15, 0, 0, 0, 0, 3, 0, 0, 0
-109, -99, 17, 0, 0, 0, 0, 3, 0, 0, 0
-96, -94, 19, 0, 0, 0, 0, 3, 0, 0, 0
-89, -94, 21, 0, 0, 0, 0, 3, 0, 0, 0
-88, -103, 22, 0, 0, 0, 0, 3, 7872, 272, 0
-84, -103, 25, 0, 0, 0, 0, 3, 0, 0, 1936
-82, -90, 26, 0, 0, 0, 0, 3, 0, 0, 0
-84, -87, 28, 0, 0, 0, 0, 3, 0, 0, 0
-77, -88, 29, 0, 0, 0, 0, 3, 0, 0, 0
-69, -84, 30, 0, 0, 0, 0, 3, 0, 0, 0
-67, -79, 32, 0, 0, 0, 0, 3, 0, 0, 0
-70, -77, 33, 0, 0, 0, 0, 3, 0, 0, 0
-76, -80, 34, 0, 0, 0, 0, 3, 0, 0, 0
-82, -86, 35, 0, 0, 0, 0, 3, 0, 0, 0
-77, -85, 36, 0, 0, 0, 0, 3, 7888, 176, 1968
-67, -82, 36, 0, 0, 0, 0, 3, 0, 0, 0
-65, -82, 37, 0, 0, 0, 0, 3, 0, 0, 0
-66, -85, 37, 0, 0, 0, 0, 3, 0, 0, 0
-62, -86, 37, 0, 0, 0, 0, 3, 0, 0, 0
-61, -88, 37, 0, 0, 0, 0, 3, 0, 0, 0
-68, -95, 37, 0, 0, 0, 0, 3, 0, 0, 0
-78, -92, 37, 0, 0, 0, 0, 3, 0, 0, 0
-78, -92, 38, 0, 0, 0, 0, 3, 0, 0, 0
-67, -93, 38, 0, 0, 0, 0, 3, 0, 0, 0
-51, -87, 38, 0, 0, 0, 0, 3, 0, 0, 0
-40, -71, 38, 0, 0, 0, 0, 3, 7920, 160, 0
-34, -57, 38, 0, 0, 0, 0, 3, 0, 0, 2032
-29, -50, 38, 0, 0, 0, 0, 3, 0, 0, 0
-30, -54, 38, 0, 0, 0, 0, 3, 0, 0, 0
-33, -63, 38, 0, 0, 0, 0, 3, 0, 0, 0
-29, -69, 37, 0, 0, 0, 0, 3, 0, 0, 0
-26, -69, 37, 0, 0, 0, 0, 3, 0, 0, 0
-25, -66, 37, 0, 0, 0, 0, 3, 0, 0, 0
-29, -64, 36, 0, 0, 0, 0, 3, 0, 0, 0
-40, -67, 35, 0, 0, 0, 0, 3, 0, 0, 0
-37, -65, 35, 0, 0, 0, 0, 3, 7952, 128, 1968
-28, -63, 34, 0, 0, 0, 0, 3, 0, 0, 0
-29, -67, 33, 0, 0, 0, 0, 3, 0, 0, 0
-32, -71, 33, 0, 0, 0, 0, 3, 0, 0, 0
-35, -75, 31, 0, 0, 0, 0, 3, 0, 0, 0
-35, -75, 30, 0, 0, 0, 0, 3, 0, 0, 0
-33, -74, 29, 0, 0, 0, 0, 3, 0, 0, 0
-34, -70, 29, 0, 0, 0, 0, 3, 0, 0, 0
-39, -69, 28, 0, 0, 0, 0, 3, 0, 0, 0
-40, -70, 27, 0, 0, 0, 0, 3, 0, 0, 0
-38, -73, 25, 0, 0, 0, 0, 3, 7936, 128, 1936
-33, -75, 25, 0, 0, 0, 0, 3, 0, 0, 0
-26, -71, 24, 0, 0, 0, 0, 3, 0, 0, 0
-24, -67, 23, 0, 0, 0, 0, 3, 0, 0, 0
-16, -62, 22, 0, 0, 0, 0, 3, 0, 0, 0
-6, -60, 21, 0, 0, 0, 0, 3, 0, 0, 0
-5, -62, 21, 0, 0, 0, 0, 3, 0, 0, 0
-10, -65, 20, 0, 0, 0, 0, 3, 0, 0, 0
-7, -64, 19, 0, 0, 0, 0, 3, 0, 0, 0
-8, -63, 18, 0, 0, 0, 0, 3, 0, 0, 0
-14, -62, 18, 0, 0, 0, 0, 3, 7968, 176, 1936
-11, -63, 17, 0, 0, 0, 0, 3, 0, 0, 0
-5, -63, 17, 0, 0, 0, 0, 3, 0, 0, 0
-5, -61, 16, 0, 0, 0, 0, 3, 0, 0, 0
-6, -59, 17, 0, 0, 0, 0, 3, 0, 0, 0
-2, -56, 16, 0, 0, 0, 0, 3, 0, 0, 0
5, -57, 17, 0, 0, 0, 0, 3, 0, 0, 0
9, -62, 16, 0, 0, 0, 0, 3, 0, 0, 0
12, -59, 16, 0, 0, 0, 0, 3, 0, 0, 0
4, -59, 17, 0, 0, 0, 0, 3, 0, 0, 0
0, -55, 17, 0, 0, 0, 0, 3, 0, 0, 0
9, -44, 18, 0, 0, 0, 0, 3, 7904, 224, 1920
14, -41, 18, 0, 0, 0, 0, 3, 0, 0, 0
8, -43, 19, 0, 0, 0, 0, 3, 0, 0, 0
2, -47, 19, 0, 0, 0, 0, 3, 0, 0, 0
4, -51, 19, 0, 0, 0, 0, 3, 0, 0, 0
12, -51, 18, 0, 0, 0, 0, 3, 0, 0, 0
22, -47, 17, 0, 0, 0, 0, 3, 0, 0, 0
17, -47, 16, 0, 0, 0, 0, 3, 0, 0, 0
17, -41, 15, 0, 0, 0, 0, 3, 0, 0, 0
22, -37, 14, 0, 0, 0, 0, 3, 0, 0, 0
23, -34, 14, 0, 0, 0, 0, 3, 7872, 272, 1840
24, -33, 14, 0, 0, 0, 0, 3, 0, 0, 0
25, -37, 15, 0, 0, 0, 0, 3, 0, 0, 0
28, -39, 15, 0, 0, 0, 0, 3, 0, 0, 0
27, -42, 16, 0, 0, 0, 0, 3, 0, 0, 0
25, -38, 17, 0, 0, 0, 0, 3, 0, 0, 0
13, -38, 17, 0, 0, 0, 0, 3, 0, 0, 0
6, -47, 18, 0, 0, 0, 0, 3, 0, 0, 0
15, -50, 17, 0, 0, 0, 0, 3, 0, 0, 0
20, -54, 18, 0, 0, 0, 0, 3, 0, 0, 0
16, -56, 17, 0, 0, 0, 0, 3, 7904, 336, 1856
15, -51, 17, 0, 0, 0, 0, 3, 0, 0, 0
21, -42, 17, 0, 0, 0, 0, 3, 0, 0, 0
21, -42, 16, 0, 0, 0, 0, 3, 0, 0, 0
20, -40, 15, 0, 0, 0, 0, 3, 0, 0, 0
29, -33, 14, 0, 0, 0, 0, 3, 0, 0, 0
33, -28, 12, 0, 0, 0, 0, 3, 0, 0, 0
37, -30, 12, 0, 0, 0, 0, 3, 0, 0, 0
38, -33, 11, 0, 0, 0, 0, 3, 0, 0, 0
25, -46, 11, 0, 0, 0, 0, 3, 0, 0, 0
14, -57, 12, 0, 0, 0, 0, 3, 7952, 352, 0
5, -62, 12, 0, 0, 0, 0, 3, 0, 0, 1904
0, -66, 13, 0, 0, 0, 0, 3, 0, 0, 0
0, -66, 13, 0, 0, 0, 0, 3, 0, 0, 0
5, -62, 13, 0, 0, 0, 0, 3, 0, 0, 0
7, -59, 13, 0, 0, 0, 0, 3, 0, 0, 0
8, -61, 13, 0, 0, 0, 0, 3, 0, 0, 0
9, -57, 13, 0, 0, 0, 0, 3, 0, 0, 0
8, -50, 13, 0, 0, 0, 0, 3, 0, 0, 0
4, -50, 13, 0, 0, 0, 0, 3, 0, 0, 0
11, -46, 13, 0, 0, 0, 0, 3, 0, 0, 0
-58, -52, 36, 0, 0, 0, 0, 3, 7888, -944, 2752
-42, -46, 36, 0, 0, 0, 0, 3, 0, 0, 0
-29, -42, 36, 0, 0, 0, 0, 3, 0, 0, 0
-28, -46, 37, 0, 0, 0, 0, 3, 0, 0, 0
-27, -43, 36, 0, 0, 0, 0, 3, 0, 0, 0
-32, -49, 36, 0, 0, 0, 0, 3, 0, 0, 0
-37, -57, 36, 0, 0, 0, 0, 3, 0, 0, 0
